[0m13:34:08.925567 [debug] [MainThread]: Sending event: {'category': 'dbt', 'action': 'invocation', 'label': 'start', 'context': [<snowplow_tracker.self_describing_json.SelfDescribingJson object at 0x000001AEF0F39010>, <snowplow_tracker.self_describing_json.SelfDescribingJson object at 0x000001AEEE7DCE10>, <snowplow_tracker.self_describing_json.SelfDescribingJson object at 0x000001AEF38DF9D0>]}


============================== 13:34:08.932329 | 862863db-b2db-4ffa-8da4-31a907e74ebe ==============================
[0m13:34:08.932329 [info ] [MainThread]: Running with dbt=1.12.0
[0m13:34:08.932837 [debug] [MainThread]: running dbt with arguments {'maximum_seed_size_mib': '1', 'no_print': 'None', 'static_parser': 'True', 'target_path': 'None', 'warn_error_options': 'WarnErrorOptionsV2(error=[], warn=[], silence=[])', 'version_check': 'True', 'printer_width': '80', 'write_json': 'True', 'introspect': 'True', 'log_cache_events': 'False', 'empty': 'None', 'cache_selected_only': 'False', 'fail_fast': 'False', 'debug': 'False', 'log_format': 'default', 'profiles_dir': 'C:\\Users\\user\\Desktop\\Finance-Bank\\real_estate_pipeline\\dbt_project', 'send_anonymous_usage_stats': 'True', 'quiet': 'False', 'warn_error': 'None', 'partial_parse': 'True', 'invocation_command': 'dbt debug', 'hints_enabled': 'True', 'indirect_selection': 'eager', 'use_experimental_parser': 'False', 'use_colors': 'True', 'log_path': 'logs'}
[0m13:34:08.947839 [info ] [MainThread]: dbt version: 1.12.0
[0m13:34:08.948469 [info ] [MainThread]: python version: 3.14.6
[0m13:34:08.948732 [info ] [MainThread]: python path: C:\Python314\python.exe
[0m13:34:08.948954 [info ] [MainThread]: os info: Windows-11-10.0.26200-SP0
[0m13:34:09.569137 [debug] [MainThread]: Snowflake adapter: Setting snowflake.connector to ERROR (file logging only)
[0m13:34:09.569455 [debug] [MainThread]: Snowflake adapter: Setting botocore to ERROR (file logging only)
[0m13:34:09.569722 [debug] [MainThread]: Snowflake adapter: Setting boto3 to ERROR (file logging only)
[0m13:34:11.630641 [info ] [MainThread]: Using profiles dir at C:\Users\user\Desktop\Finance-Bank\real_estate_pipeline\dbt_project
[0m13:34:11.631202 [info ] [MainThread]: Using profiles.yml file at C:\Users\user\Desktop\Finance-Bank\real_estate_pipeline\dbt_project\profiles.yml
[0m13:34:11.631553 [info ] [MainThread]: Using dbt_project.yml file at C:\Users\user\Desktop\Finance-Bank\real_estate_pipeline\dbt_project\dbt_project.yml
[0m13:34:11.632354 [info ] [MainThread]: adapter type: snowflake
[0m13:34:11.632678 [info ] [MainThread]: adapter version: 1.12.0
[0m13:34:11.633194 [info ] [MainThread]: Configuration:
[0m13:34:11.633506 [info ] [MainThread]:   profiles.yml file [[32mOK found and valid[0m]
[0m13:34:11.633768 [info ] [MainThread]:   dbt_project.yml file [[31mERROR invalid[0m]
[0m13:34:11.634062 [info ] [MainThread]: Required dependencies:
[0m13:34:11.634411 [debug] [MainThread]: Executing "git --help"
[0m13:34:11.664207 [debug] [MainThread]: STDOUT: "b"usage: git [-v | --version] [-h | --help] [-C <path>] [-c <name>=<value>]\n           [--exec-path[=<path>]] [--html-path] [--man-path] [--info-path]\n           [-p | --paginate | -P | --no-pager] [--no-replace-objects] [--no-lazy-fetch]\n           [--no-optional-locks] [--no-advice] [--bare] [--git-dir=<path>]\n           [--work-tree=<path>] [--namespace=<name>] [--config-env=<name>=<envvar>]\n           <command> [<args>]\n\nThese are common Git commands used in various situations:\n\nstart a working area (see also: git help tutorial)\n   clone      Clone a repository into a new directory\n   init       Create an empty Git repository or reinitialize an existing one\n\nwork on the current change (see also: git help everyday)\n   add        Add file contents to the index\n   mv         Move or rename a file, a directory, or a symlink\n   restore    Restore working tree files\n   rm         Remove files from the working tree and from the index\n\nexamine the history and state (see also: git help revisions)\n   bisect     Use binary search to find the commit that introduced a bug\n   diff       Show changes between commits, commit and working tree, etc\n   grep       Print lines matching a pattern\n   log        Show commit logs\n   show       Show various types of objects\n   status     Show the working tree status\n\ngrow, mark and tweak your common history\n   backfill   Download missing objects in a partial clone\n   branch     List, create, or delete branches\n   commit     Record changes to the repository\n   merge      Join two or more development histories together\n   rebase     Reapply commits on top of another base tip\n   reset      Set `HEAD` or the index to a known state\n   switch     Switch branches\n   tag        Create, list, delete or verify tags\n\ncollaborate (see also: git help workflows)\n   fetch      Download objects and refs from another repository\n   pull       Fetch from and integrate with another repository or a local branch\n   push       Update remote refs along with associated objects\n\n'git help -a' and 'git help -g' list available subcommands and some\nconcept guides. See 'git help <command>' or 'git help <concept>'\nto read about a specific subcommand or concept.\nSee 'git help git' for an overview of the system.\n""
[0m13:34:11.664592 [debug] [MainThread]: STDERR: "b''"
[0m13:34:11.664876 [info ] [MainThread]:  - git [[32mOK found[0m]

[0m13:34:11.665223 [info ] [MainThread]: Connection:
[0m13:34:11.665521 [info ] [MainThread]:   account: TEEDGDV-DE77206
[0m13:34:11.665774 [info ] [MainThread]:   user: ILHAM
[0m13:34:11.666034 [info ] [MainThread]:   database: FINANCE_DW
[0m13:34:11.666314 [info ] [MainThread]:   warehouse: COMPUTE_WH
[0m13:34:11.666606 [info ] [MainThread]:   role: ACCOUNTADMIN
[0m13:34:11.666858 [info ] [MainThread]:   schema: SILVER
[0m13:34:11.667058 [info ] [MainThread]:   authenticator: None
[0m13:34:11.667256 [info ] [MainThread]:   oauth_client_id: None
[0m13:34:11.667436 [info ] [MainThread]:   query_tag: None
[0m13:34:11.667622 [info ] [MainThread]:   client_session_keep_alive: False
[0m13:34:11.667798 [info ] [MainThread]:   host: None
[0m13:34:11.667971 [info ] [MainThread]:   port: None
[0m13:34:11.668191 [info ] [MainThread]:   proxy_host: None
[0m13:34:11.668421 [info ] [MainThread]:   proxy_port: None
[0m13:34:11.668611 [info ] [MainThread]:   protocol: None
[0m13:34:11.668782 [info ] [MainThread]:   connect_retries: 1
[0m13:34:11.668949 [info ] [MainThread]:   connect_timeout: None
[0m13:34:11.669125 [info ] [MainThread]:   retry_on_database_errors: False
[0m13:34:11.669316 [info ] [MainThread]:   retry_all: False
[0m13:34:11.669487 [info ] [MainThread]:   insecure_mode: False
[0m13:34:11.669655 [info ] [MainThread]:   reuse_connections: True
[0m13:34:11.669822 [info ] [MainThread]:   s3_stage_vpce_dns_name: None
[0m13:34:11.669989 [info ] [MainThread]:   workload_identity_provider: None
[0m13:34:11.670271 [info ] [MainThread]:   workload_identity_entra_resource: None
[0m13:34:11.670580 [info ] [MainThread]:   platform_detection_timeout_seconds: 0.0
[0m13:34:11.671000 [info ] [MainThread]: Registered adapter: snowflake=1.12.0
[0m13:34:11.841366 [debug] [MainThread]: Acquiring new snowflake connection 'debug'
[0m13:34:11.842855 [debug] [MainThread]: Using snowflake connection "debug"
[0m13:34:11.843071 [debug] [MainThread]: On debug: select 1 as id
[0m13:34:11.843227 [debug] [MainThread]: Opening a new connection, currently in state init
[0m13:34:13.215805 [debug] [MainThread]: SQL status: SUCCESS 1 in 1.372 seconds
[0m13:34:13.217859 [info ] [MainThread]:   Connection test: [[32mOK connection ok[0m]

[0m13:34:13.219150 [info ] [MainThread]: [31m1 check failed:[0m
[0m13:34:13.219836 [info ] [MainThread]: Project loading failed for the following reason:
Runtime Error
  dbt_project.yml does not parse to a dictionary


[0m13:34:13.220378 [debug] [MainThread]: Command `python -m dbt.cli.main debug` failed at 13:34:13.220308 after 4.42 seconds
[0m13:34:13.220571 [debug] [MainThread]: Connection 'debug' was left open.
[0m13:34:13.220997 [debug] [MainThread]: On debug: Close
[0m13:34:13.381725 [debug] [MainThread]: Sending event: {'category': 'dbt', 'action': 'invocation', 'label': 'end', 'context': [<snowplow_tracker.self_describing_json.SelfDescribingJson object at 0x000001AE95C9AB10>, <snowplow_tracker.self_describing_json.SelfDescribingJson object at 0x000001AEEE5185F0>, <snowplow_tracker.self_describing_json.SelfDescribingJson object at 0x000001AE9606CD10>]}
[0m13:34:13.382117 [debug] [MainThread]: Flushing usage events
[0m13:34:13.985799 [debug] [MainThread]: An error was encountered while trying to flush usage events
[0m13:36:03.634245 [debug] [MainThread]: Sending event: {'category': 'dbt', 'action': 'invocation', 'label': 'start', 'context': [<snowplow_tracker.self_describing_json.SelfDescribingJson object at 0x000001F1ECF09010>, <snowplow_tracker.self_describing_json.SelfDescribingJson object at 0x000001F1EA7ACE10>, <snowplow_tracker.self_describing_json.SelfDescribingJson object at 0x000001F1EF8AF9D0>]}


============================== 13:36:03.640875 | d8112a7a-c96d-44b7-bae0-a2f69290791d ==============================
[0m13:36:03.640875 [info ] [MainThread]: Running with dbt=1.12.0
[0m13:36:03.641426 [debug] [MainThread]: running dbt with arguments {'version_check': 'True', 'no_print': 'None', 'maximum_seed_size_mib': '1', 'target_path': 'None', 'static_parser': 'True', 'warn_error_options': 'WarnErrorOptionsV2(error=[], warn=[], silence=[])', 'printer_width': '80', 'write_json': 'True', 'empty': 'None', 'log_cache_events': 'False', 'introspect': 'True', 'cache_selected_only': 'False', 'log_format': 'default', 'debug': 'False', 'fail_fast': 'False', 'profiles_dir': 'C:\\Users\\user\\Desktop\\Finance-Bank\\real_estate_pipeline\\dbt_project', 'send_anonymous_usage_stats': 'True', 'quiet': 'False', 'warn_error': 'None', 'partial_parse': 'True', 'invocation_command': 'dbt debug', 'hints_enabled': 'True', 'indirect_selection': 'eager', 'use_experimental_parser': 'False', 'use_colors': 'True', 'log_path': 'C:\\Users\\user\\Desktop\\Finance-Bank\\real_estate_pipeline\\dbt_project\\logs'}
[0m13:36:03.653353 [info ] [MainThread]: dbt version: 1.12.0
[0m13:36:03.653856 [info ] [MainThread]: python version: 3.14.6
[0m13:36:03.654132 [info ] [MainThread]: python path: C:\Python314\python.exe
[0m13:36:03.654433 [info ] [MainThread]: os info: Windows-11-10.0.26200-SP0
[0m13:36:04.255066 [debug] [MainThread]: Snowflake adapter: Setting snowflake.connector to ERROR (file logging only)
[0m13:36:04.255388 [debug] [MainThread]: Snowflake adapter: Setting botocore to ERROR (file logging only)
[0m13:36:04.255578 [debug] [MainThread]: Snowflake adapter: Setting boto3 to ERROR (file logging only)
[0m13:36:04.329232 [info ] [MainThread]: Using profiles dir at C:\Users\user\Desktop\Finance-Bank\real_estate_pipeline\dbt_project
[0m13:36:04.329570 [info ] [MainThread]: Using profiles.yml file at C:\Users\user\Desktop\Finance-Bank\real_estate_pipeline\dbt_project\profiles.yml
[0m13:36:04.330253 [info ] [MainThread]: Using dbt_project.yml file at C:\Users\user\Desktop\Finance-Bank\real_estate_pipeline\dbt_project\dbt_project.yml
[0m13:36:04.331084 [info ] [MainThread]: adapter type: snowflake
[0m13:36:04.331374 [info ] [MainThread]: adapter version: 1.12.0
[0m13:36:04.401986 [info ] [MainThread]: Configuration:
[0m13:36:04.402572 [info ] [MainThread]:   profiles.yml file [[32mOK found and valid[0m]
[0m13:36:04.402950 [info ] [MainThread]:   dbt_project.yml file [[32mOK found and valid[0m]
[0m13:36:04.403202 [info ] [MainThread]: Required dependencies:
[0m13:36:04.403454 [debug] [MainThread]: Executing "git --help"
[0m13:36:04.431024 [debug] [MainThread]: STDOUT: "b"usage: git [-v | --version] [-h | --help] [-C <path>] [-c <name>=<value>]\n           [--exec-path[=<path>]] [--html-path] [--man-path] [--info-path]\n           [-p | --paginate | -P | --no-pager] [--no-replace-objects] [--no-lazy-fetch]\n           [--no-optional-locks] [--no-advice] [--bare] [--git-dir=<path>]\n           [--work-tree=<path>] [--namespace=<name>] [--config-env=<name>=<envvar>]\n           <command> [<args>]\n\nThese are common Git commands used in various situations:\n\nstart a working area (see also: git help tutorial)\n   clone      Clone a repository into a new directory\n   init       Create an empty Git repository or reinitialize an existing one\n\nwork on the current change (see also: git help everyday)\n   add        Add file contents to the index\n   mv         Move or rename a file, a directory, or a symlink\n   restore    Restore working tree files\n   rm         Remove files from the working tree and from the index\n\nexamine the history and state (see also: git help revisions)\n   bisect     Use binary search to find the commit that introduced a bug\n   diff       Show changes between commits, commit and working tree, etc\n   grep       Print lines matching a pattern\n   log        Show commit logs\n   show       Show various types of objects\n   status     Show the working tree status\n\ngrow, mark and tweak your common history\n   backfill   Download missing objects in a partial clone\n   branch     List, create, or delete branches\n   commit     Record changes to the repository\n   merge      Join two or more development histories together\n   rebase     Reapply commits on top of another base tip\n   reset      Set `HEAD` or the index to a known state\n   switch     Switch branches\n   tag        Create, list, delete or verify tags\n\ncollaborate (see also: git help workflows)\n   fetch      Download objects and refs from another repository\n   pull       Fetch from and integrate with another repository or a local branch\n   push       Update remote refs along with associated objects\n\n'git help -a' and 'git help -g' list available subcommands and some\nconcept guides. See 'git help <command>' or 'git help <concept>'\nto read about a specific subcommand or concept.\nSee 'git help git' for an overview of the system.\n""
[0m13:36:04.431680 [debug] [MainThread]: STDERR: "b''"
[0m13:36:04.432004 [info ] [MainThread]:  - git [[32mOK found[0m]

[0m13:36:04.432314 [info ] [MainThread]: Connection:
[0m13:36:04.432576 [info ] [MainThread]:   account: TEEDGDV-DE77206
[0m13:36:04.432780 [info ] [MainThread]:   user: ILHAM
[0m13:36:04.432969 [info ] [MainThread]:   database: FINANCE_DW
[0m13:36:04.433153 [info ] [MainThread]:   warehouse: COMPUTE_WH
[0m13:36:04.433346 [info ] [MainThread]:   role: ACCOUNTADMIN
[0m13:36:04.433527 [info ] [MainThread]:   schema: SILVER
[0m13:36:04.433703 [info ] [MainThread]:   authenticator: None
[0m13:36:04.433874 [info ] [MainThread]:   oauth_client_id: None
[0m13:36:04.434043 [info ] [MainThread]:   query_tag: None
[0m13:36:04.434211 [info ] [MainThread]:   client_session_keep_alive: False
[0m13:36:04.434478 [info ] [MainThread]:   host: None
[0m13:36:04.434723 [info ] [MainThread]:   port: None
[0m13:36:04.434924 [info ] [MainThread]:   proxy_host: None
[0m13:36:04.435110 [info ] [MainThread]:   proxy_port: None
[0m13:36:04.435309 [info ] [MainThread]:   protocol: None
[0m13:36:04.435488 [info ] [MainThread]:   connect_retries: 1
[0m13:36:04.435665 [info ] [MainThread]:   connect_timeout: None
[0m13:36:04.435840 [info ] [MainThread]:   retry_on_database_errors: False
[0m13:36:04.436031 [info ] [MainThread]:   retry_all: False
[0m13:36:04.436210 [info ] [MainThread]:   insecure_mode: False
[0m13:36:04.436393 [info ] [MainThread]:   reuse_connections: True
[0m13:36:04.436566 [info ] [MainThread]:   s3_stage_vpce_dns_name: None
[0m13:36:04.436738 [info ] [MainThread]:   workload_identity_provider: None
[0m13:36:04.436910 [info ] [MainThread]:   workload_identity_entra_resource: None
[0m13:36:04.437082 [info ] [MainThread]:   platform_detection_timeout_seconds: 0.0
[0m13:36:04.437434 [info ] [MainThread]: Registered adapter: snowflake=1.12.0
[0m13:36:04.606006 [debug] [MainThread]: Acquiring new snowflake connection 'debug'
[0m13:36:04.607626 [debug] [MainThread]: Using snowflake connection "debug"
[0m13:36:04.607863 [debug] [MainThread]: On debug: select 1 as id
[0m13:36:04.608073 [debug] [MainThread]: Opening a new connection, currently in state init
[0m13:36:05.971400 [debug] [MainThread]: SQL status: SUCCESS 1 in 1.363 seconds
[0m13:36:05.973357 [info ] [MainThread]:   Connection test: [[32mOK connection ok[0m]

[0m13:36:05.974253 [info ] [MainThread]: [32mAll checks passed![0m
[0m13:36:05.975624 [debug] [MainThread]: Command `python -m dbt.cli.main debug` succeeded at 13:36:05.975424 after 2.45 seconds
[0m13:36:05.975915 [debug] [MainThread]: Connection 'debug' was left open.
[0m13:36:05.976080 [debug] [MainThread]: On debug: Close
[0m13:36:06.161929 [debug] [MainThread]: Sending event: {'category': 'dbt', 'action': 'invocation', 'label': 'end', 'context': [<snowplow_tracker.self_describing_json.SelfDescribingJson object at 0x000001F191C96C40>, <snowplow_tracker.self_describing_json.SelfDescribingJson object at 0x000001F1EA4F85F0>, <snowplow_tracker.self_describing_json.SelfDescribingJson object at 0x000001F1920706B0>]}
[0m13:36:06.162994 [debug] [MainThread]: Flushing usage events
[0m13:36:06.887300 [debug] [MainThread]: An error was encountered while trying to flush usage events
[0m13:45:01.955884 [debug] [MainThread]: Sending event: {'category': 'dbt', 'action': 'invocation', 'label': 'start', 'context': [<snowplow_tracker.self_describing_json.SelfDescribingJson object at 0x000002376EB49010>, <snowplow_tracker.self_describing_json.SelfDescribingJson object at 0x000002376C3FCE10>, <snowplow_tracker.self_describing_json.SelfDescribingJson object at 0x00000237715539D0>]}


============================== 13:45:01.962791 | 1c737c52-7c29-49a2-bfcc-f0b3b6f02189 ==============================
[0m13:45:01.962791 [info ] [MainThread]: Running with dbt=1.12.0
[0m13:45:01.963227 [debug] [MainThread]: running dbt with arguments {'version_check': 'True', 'no_print': 'None', 'static_parser': 'True', 'warn_error_options': 'WarnErrorOptionsV2(error=[], warn=[], silence=[])', 'target_path': 'None', 'maximum_seed_size_mib': '1', 'printer_width': '80', 'write_json': 'True', 'introspect': 'True', 'log_cache_events': 'False', 'empty': 'False', 'cache_selected_only': 'False', 'log_format': 'default', 'debug': 'False', 'fail_fast': 'False', 'profiles_dir': 'C:\\Users\\user\\Desktop\\Finance-Bank\\real_estate_pipeline\\dbt_project', 'send_anonymous_usage_stats': 'True', 'quiet': 'False', 'warn_error': 'None', 'partial_parse': 'True', 'use_colors': 'True', 'hints_enabled': 'True', 'indirect_selection': 'eager', 'use_experimental_parser': 'False', 'invocation_command': 'dbt run --select silver', 'log_path': 'C:\\Users\\user\\Desktop\\Finance-Bank\\real_estate_pipeline\\dbt_project\\logs'}
[0m13:45:02.550988 [debug] [MainThread]: Snowflake adapter: Setting snowflake.connector to ERROR (file logging only)
[0m13:45:02.551328 [debug] [MainThread]: Snowflake adapter: Setting botocore to ERROR (file logging only)
[0m13:45:02.551535 [debug] [MainThread]: Snowflake adapter: Setting boto3 to ERROR (file logging only)
[0m13:45:02.777209 [debug] [MainThread]: Sending event: {'category': 'dbt', 'action': 'project_id', 'label': '1c737c52-7c29-49a2-bfcc-f0b3b6f02189', 'context': [<snowplow_tracker.self_describing_json.SelfDescribingJson object at 0x0000023713A1D0F0>]}
[0m13:45:02.820746 [debug] [MainThread]: Sending event: {'category': 'dbt', 'action': 'adapter_info', 'label': '1c737c52-7c29-49a2-bfcc-f0b3b6f02189', 'context': [<snowplow_tracker.self_describing_json.SelfDescribingJson object at 0x000002376C350380>]}
[0m13:45:02.821980 [info ] [MainThread]: Registered adapter: snowflake=1.12.0
[0m13:45:03.023939 [debug] [MainThread]: checksum: 17b8c0eed372bdc76158915a5b86153b95ebcdfebef695d6713d3c569800f71e, vars: {}, profile: dbt_project, target: dev, version: 1.12.0
[0m13:45:03.024612 [info ] [MainThread]: Unable to do partial parsing because saved manifest not found. Starting full parse.
[0m13:45:03.025119 [debug] [MainThread]: Sending event: {'category': 'dbt', 'action': 'partial_parser', 'label': '1c737c52-7c29-49a2-bfcc-f0b3b6f02189', 'context': [<snowplow_tracker.self_describing_json.SelfDescribingJson object at 0x0000023713A4C750>]}
[0m13:45:04.983882 [warn ] [MainThread]: [[33mWARNING[0m]: Configuration paths exist in your dbt_project.yml file which do not apply to any resources.
There are 1 unused configuration paths:
- models.real_estate_pipeline.bronze
[0m13:45:04.986657 [debug] [MainThread]: Sending event: {'category': 'dbt', 'action': 'load_project', 'label': '1c737c52-7c29-49a2-bfcc-f0b3b6f02189', 'context': [<snowplow_tracker.self_describing_json.SelfDescribingJson object at 0x0000023771541E50>]}
[0m13:45:05.043613 [debug] [MainThread]: Wrote artifact WritableManifest to C:\Users\user\Desktop\Finance-Bank\real_estate_pipeline\dbt_project\target\manifest.json
[0m13:45:05.048022 [debug] [MainThread]: Wrote artifact SemanticManifest to C:\Users\user\Desktop\Finance-Bank\real_estate_pipeline\dbt_project\target\semantic_manifest.json
[0m13:45:05.069302 [debug] [MainThread]: Wrote artifact OsiDocument to C:\Users\user\Desktop\Finance-Bank\real_estate_pipeline\dbt_project\target\osi_document.json
[0m13:45:05.085256 [debug] [MainThread]: Sending event: {'category': 'dbt', 'action': 'resource_counts', 'label': '1c737c52-7c29-49a2-bfcc-f0b3b6f02189', 'context': [<snowplow_tracker.self_describing_json.SelfDescribingJson object at 0x00000237153273F0>]}
[0m13:45:05.085910 [info ] [MainThread]: Found 8 models, 4 sources, 545 macros
[0m13:45:05.086573 [debug] [MainThread]: Sending event: {'category': 'dbt', 'action': 'runnable_timing', 'label': '1c737c52-7c29-49a2-bfcc-f0b3b6f02189', 'context': [<snowplow_tracker.self_describing_json.SelfDescribingJson object at 0x0000023713DBC120>]}
[0m13:45:05.088402 [info ] [MainThread]: 
[0m13:45:05.088729 [info ] [MainThread]: Concurrency: 4 threads (target='dev')
[0m13:45:05.088997 [info ] [MainThread]: 
[0m13:45:05.089411 [debug] [MainThread]: Acquiring new snowflake connection 'master'
[0m13:45:05.092658 [debug] [ThreadPool]: Acquiring new snowflake connection 'list_FINANCE_DW'
[0m13:45:05.104931 [debug] [ThreadPool]: Using snowflake connection "list_FINANCE_DW"
[0m13:45:05.105201 [debug] [ThreadPool]: On list_FINANCE_DW: show terse schemas in database FINANCE_DW
    limit 10000
/* {"app": "dbt", "dbt_version": "1.12.0", "profile_name": "dbt_project", "target_name": "dev", "connection_name": "list_FINANCE_DW"} */
[0m13:45:05.105392 [debug] [ThreadPool]: Opening a new connection, currently in state init
[0m13:45:06.540728 [debug] [ThreadPool]: SQL status: SUCCESS 5 in 1.435 seconds
[0m13:45:06.546608 [debug] [ThreadPool]: Acquiring new snowflake connection 'list_FINANCE_DW_SILVER'
[0m13:45:06.554746 [debug] [ThreadPool]: Using snowflake connection "list_FINANCE_DW_SILVER"
[0m13:45:06.554960 [debug] [ThreadPool]: On list_FINANCE_DW_SILVER: show objects in FINANCE_DW.SILVER
    limit 10000
    

/* {"app": "dbt", "dbt_version": "1.12.0", "profile_name": "dbt_project", "target_name": "dev", "connection_name": "list_FINANCE_DW_SILVER"} */;
[0m13:45:06.555127 [debug] [ThreadPool]: Opening a new connection, currently in state init
[0m13:45:07.813789 [debug] [ThreadPool]: SQL status: SUCCESS 0 in 1.258 seconds
[0m13:45:07.819184 [debug] [ThreadPool]: Using snowflake connection "list_FINANCE_DW_SILVER"
[0m13:45:07.819416 [debug] [ThreadPool]: On list_FINANCE_DW_SILVER: show user functions in FINANCE_DW.SILVER
/* {"app": "dbt", "dbt_version": "1.12.0", "profile_name": "dbt_project", "target_name": "dev", "connection_name": "list_FINANCE_DW_SILVER"} */
[0m13:45:07.942519 [debug] [ThreadPool]: SQL status: SUCCESS 0 in 0.123 seconds
[0m13:45:07.946444 [debug] [MainThread]: Sending event: {'category': 'dbt', 'action': 'runnable_timing', 'label': '1c737c52-7c29-49a2-bfcc-f0b3b6f02189', 'context': [<snowplow_tracker.self_describing_json.SelfDescribingJson object at 0x00000237153FFDD0>]}
[0m13:45:07.965993 [debug] [Thread-4 (]: Began running node model.real_estate_pipeline.stg_loans
[0m13:45:07.966704 [debug] [Thread-5 (]: Began running node model.real_estate_pipeline.stg_transactions
[0m13:45:07.967391 [info ] [Thread-5 (]: 4 of 4 START sql view model SILVER.stg_transactions ............................ [RUN]
[0m13:45:07.967842 [debug] [Thread-5 (]: Acquiring new snowflake connection 'model.real_estate_pipeline.stg_transactions'
[0m13:45:07.968066 [debug] [Thread-5 (]: Began compiling node model.real_estate_pipeline.stg_transactions
[0m13:45:07.967051 [debug] [Thread-3 (]: Began running node model.real_estate_pipeline.stg_customers
[0m13:45:07.971952 [debug] [Thread-2 (]: Began running node model.real_estate_pipeline.stg_accounts
[0m13:45:07.971616 [info ] [Thread-3 (]: 2 of 4 START sql view model SILVER.stg_customers ............................... [RUN]
[0m13:45:07.972784 [debug] [Thread-3 (]: Acquiring new snowflake connection 'model.real_estate_pipeline.stg_customers'
[0m13:45:07.973018 [debug] [Thread-3 (]: Began compiling node model.real_estate_pipeline.stg_customers
[0m13:45:07.974237 [debug] [Thread-3 (]: Writing injected SQL for node "model.real_estate_pipeline.stg_customers"
[0m13:45:07.966387 [info ] [Thread-4 (]: 3 of 4 START sql view model SILVER.stg_loans ................................... [RUN]
[0m13:45:07.975245 [debug] [Thread-4 (]: Acquiring new snowflake connection 'model.real_estate_pipeline.stg_loans'
[0m13:45:07.975670 [debug] [Thread-4 (]: Began compiling node model.real_estate_pipeline.stg_loans
[0m13:45:07.976952 [debug] [Thread-4 (]: Writing injected SQL for node "model.real_estate_pipeline.stg_loans"
[0m13:45:07.974761 [debug] [Thread-5 (]: Writing injected SQL for node "model.real_estate_pipeline.stg_transactions"
[0m13:45:07.972274 [info ] [Thread-2 (]: 1 of 4 START sql view model SILVER.stg_accounts ................................ [RUN]
[0m13:45:07.977835 [debug] [Thread-2 (]: Acquiring new snowflake connection 'model.real_estate_pipeline.stg_accounts'
[0m13:45:07.978092 [debug] [Thread-2 (]: Began compiling node model.real_estate_pipeline.stg_accounts
[0m13:45:07.979666 [debug] [Thread-2 (]: Writing injected SQL for node "model.real_estate_pipeline.stg_accounts"
[0m13:45:07.981583 [debug] [Thread-5 (]: Began executing node model.real_estate_pipeline.stg_transactions
[0m13:45:08.000845 [debug] [Thread-5 (]: Writing runtime sql for node "model.real_estate_pipeline.stg_transactions"
[0m13:45:08.001749 [debug] [Thread-4 (]: Began executing node model.real_estate_pipeline.stg_loans
[0m13:45:08.004201 [debug] [Thread-4 (]: Writing runtime sql for node "model.real_estate_pipeline.stg_loans"
[0m13:45:08.002453 [debug] [Thread-2 (]: Began executing node model.real_estate_pipeline.stg_accounts
[0m13:45:08.002101 [debug] [Thread-3 (]: Began executing node model.real_estate_pipeline.stg_customers
[0m13:45:08.007245 [debug] [Thread-3 (]: Writing runtime sql for node "model.real_estate_pipeline.stg_customers"
[0m13:45:08.005766 [debug] [Thread-2 (]: Writing runtime sql for node "model.real_estate_pipeline.stg_accounts"
[0m13:45:08.008692 [debug] [Thread-4 (]: Using snowflake connection "model.real_estate_pipeline.stg_loans"
[0m13:45:08.008994 [debug] [Thread-4 (]: On model.real_estate_pipeline.stg_loans: create or replace   view FINANCE_DW.SILVER.stg_loans
  
  
  
  
  as (
    with source as (
    select * from FINANCE_DW.BRONZE.RAW_LOANS
),

renamed as (
    select
        loan_id::int as loan_id,
        customer_id::int as customer_id,
        loan_amount::numeric(15,2) as loan_amount,
        interest_rate::numeric(5,2) as interest_rate,
        term_months::int as term_months,
        trim(status) as loan_status,
        start_date::date as start_date,
        _ingested_at
    from source
)

select * from renamed
  )
/* {"app": "dbt", "dbt_version": "1.12.0", "profile_name": "dbt_project", "target_name": "dev", "node_id": "model.real_estate_pipeline.stg_loans"} */;
[0m13:45:08.009283 [debug] [Thread-4 (]: Opening a new connection, currently in state init
[0m13:45:08.009849 [debug] [Thread-3 (]: Using snowflake connection "model.real_estate_pipeline.stg_customers"
[0m13:45:08.011103 [debug] [Thread-3 (]: On model.real_estate_pipeline.stg_customers: create or replace   view FINANCE_DW.SILVER.stg_customers
  
  
  
  
  as (
    with source as (
    select * from FINANCE_DW.BRONZE.RAW_CUSTOMERS
),

renamed as (
    select
        customer_id::int as customer_id,
        trim(first_name) as first_name,
        trim(last_name) as last_name,
        lower(trim(email)) as email,
        created_at::timestamp as created_at,
        _ingested_at
    from source
)

select * from renamed
  )
/* {"app": "dbt", "dbt_version": "1.12.0", "profile_name": "dbt_project", "target_name": "dev", "node_id": "model.real_estate_pipeline.stg_customers"} */;
[0m13:45:08.011856 [debug] [Thread-3 (]: Opening a new connection, currently in state init
[0m13:45:08.010801 [debug] [Thread-5 (]: Using snowflake connection "model.real_estate_pipeline.stg_transactions"
[0m13:45:08.012759 [debug] [Thread-5 (]: On model.real_estate_pipeline.stg_transactions: create or replace   view FINANCE_DW.SILVER.stg_transactions
  
  
  
  
  as (
    with source as (
    select * from FINANCE_DW.BRONZE.RAW_TRANSACTIONS
),

renamed as (
    select
        transaction_id::int as transaction_id,
        account_id::int as account_id,
        transaction_date::timestamp as transaction_date,
        amount::numeric(15,2) as amount,
        trim(transaction_type) as transaction_type,
        _ingested_at
    from source
)

select * from renamed
  )
/* {"app": "dbt", "dbt_version": "1.12.0", "profile_name": "dbt_project", "target_name": "dev", "node_id": "model.real_estate_pipeline.stg_transactions"} */;
[0m13:45:08.013135 [debug] [Thread-5 (]: Opening a new connection, currently in state init
[0m13:45:08.012441 [debug] [Thread-2 (]: Using snowflake connection "model.real_estate_pipeline.stg_accounts"
[0m13:45:08.013784 [debug] [Thread-2 (]: On model.real_estate_pipeline.stg_accounts: create or replace   view FINANCE_DW.SILVER.stg_accounts
  
  
  
  
  as (
    with source as (
    select * from FINANCE_DW.BRONZE.RAW_ACCOUNTS
),

renamed as (
    select
        account_id::int as account_id,
        customer_id::int as customer_id,
        trim(account_type) as account_type,
        balance::numeric(15,2) as balance,
        created_at::timestamp as created_at,
        _ingested_at
    from source
)

select * from renamed
  )
/* {"app": "dbt", "dbt_version": "1.12.0", "profile_name": "dbt_project", "target_name": "dev", "node_id": "model.real_estate_pipeline.stg_accounts"} */;
[0m13:45:08.014127 [debug] [Thread-2 (]: Opening a new connection, currently in state init
[0m13:45:08.529430 [debug] [Thread-5 (]: Snowflake adapter: Snowflake query id: 01c5e69d-0001-f1d0-0002-a6b6000be2ca
[0m13:45:08.529874 [debug] [Thread-5 (]: Snowflake adapter: Snowflake error: 000904 (42000): SQL compilation error: error line 13 at position 8
invalid identifier 'TRANSACTION_ID'
[0m13:45:08.531575 [debug] [Thread-2 (]: Snowflake adapter: Snowflake query id: 01c5e69d-0001-f193-0002-a6b6000b82d6
[0m13:45:08.531822 [debug] [Thread-2 (]: Snowflake adapter: Snowflake error: 000904 (42000): SQL compilation error: error line 13 at position 8
invalid identifier 'ACCOUNT_ID'
[0m13:45:08.543366 [debug] [Thread-5 (]: Database Error in model stg_transactions (models\silver\stg_transactions.sql)
  000904 (42000): SQL compilation error: error line 13 at position 8
  invalid identifier 'TRANSACTION_ID'
  compiled code at target\run\real_estate_pipeline\models\silver\stg_transactions.sql
[0m13:45:08.546619 [debug] [Thread-2 (]: Database Error in model stg_accounts (models\silver\stg_accounts.sql)
  000904 (42000): SQL compilation error: error line 13 at position 8
  invalid identifier 'ACCOUNT_ID'
  compiled code at target\run\real_estate_pipeline\models\silver\stg_accounts.sql
[0m13:45:08.547190 [debug] [Thread-4 (]: Snowflake adapter: Snowflake query id: 01c5e69d-0001-f193-0002-a6b6000b82de
[0m13:45:08.547414 [debug] [Thread-4 (]: Snowflake adapter: Snowflake error: 000904 (42000): SQL compilation error: error line 13 at position 8
invalid identifier 'LOAN_ID'
[0m13:45:08.548794 [debug] [Thread-5 (]: Sending event: {'category': 'dbt', 'action': 'run_model', 'label': '1c737c52-7c29-49a2-bfcc-f0b3b6f02189', 'context': [<snowplow_tracker.self_describing_json.SelfDescribingJson object at 0x00000237713CDB20>]}
[0m13:45:08.549694 [debug] [Thread-3 (]: Snowflake adapter: Snowflake query id: 01c5e69d-0001-f193-0002-a6b6000b82da
[0m13:45:08.549927 [debug] [Thread-3 (]: Snowflake adapter: Snowflake error: 000904 (42000): SQL compilation error: error line 13 at position 8
invalid identifier 'CUSTOMER_ID'
[0m13:45:08.550162 [debug] [Thread-2 (]: Sending event: {'category': 'dbt', 'action': 'run_model', 'label': '1c737c52-7c29-49a2-bfcc-f0b3b6f02189', 'context': [<snowplow_tracker.self_describing_json.SelfDescribingJson object at 0x000002371568A210>]}
[0m13:45:08.549253 [error] [Thread-5 (]: 4 of 4 ERROR creating sql view model SILVER.stg_transactions ................... [[31mERROR[0m in 0.58s]
[0m13:45:08.552403 [debug] [Thread-5 (]: Finished running node model.real_estate_pipeline.stg_transactions
[0m13:45:08.553090 [debug] [Thread-8 (]: Marking all children of 'model.real_estate_pipeline.stg_transactions' to be skipped because of status 'error'.  Reason: Database Error in model stg_transactions (models\silver\stg_transactions.sql)
  000904 (42000): SQL compilation error: error line 13 at position 8
  invalid identifier 'TRANSACTION_ID'
  compiled code at target\run\real_estate_pipeline\models\silver\stg_transactions.sql.
[0m13:45:08.552006 [error] [Thread-2 (]: 1 of 4 ERROR creating sql view model SILVER.stg_accounts ....................... [[31mERROR[0m in 0.57s]
[0m13:45:08.553985 [debug] [Thread-2 (]: Finished running node model.real_estate_pipeline.stg_accounts
[0m13:45:08.556250 [debug] [Thread-8 (]: Marking all children of 'model.real_estate_pipeline.stg_accounts' to be skipped because of status 'error'.  Reason: Database Error in model stg_accounts (models\silver\stg_accounts.sql)
  000904 (42000): SQL compilation error: error line 13 at position 8
  invalid identifier 'ACCOUNT_ID'
  compiled code at target\run\real_estate_pipeline\models\silver\stg_accounts.sql.
[0m13:45:08.556839 [debug] [Thread-3 (]: Database Error in model stg_customers (models\silver\stg_customers.sql)
  000904 (42000): SQL compilation error: error line 13 at position 8
  invalid identifier 'CUSTOMER_ID'
  compiled code at target\run\real_estate_pipeline\models\silver\stg_customers.sql
[0m13:45:08.559529 [debug] [Thread-3 (]: Sending event: {'category': 'dbt', 'action': 'run_model', 'label': '1c737c52-7c29-49a2-bfcc-f0b3b6f02189', 'context': [<snowplow_tracker.self_describing_json.SelfDescribingJson object at 0x0000023713B32BD0>]}
[0m13:45:08.559002 [debug] [Thread-4 (]: Database Error in model stg_loans (models\silver\stg_loans.sql)
  000904 (42000): SQL compilation error: error line 13 at position 8
  invalid identifier 'LOAN_ID'
  compiled code at target\run\real_estate_pipeline\models\silver\stg_loans.sql
[0m13:45:08.560553 [debug] [Thread-4 (]: Sending event: {'category': 'dbt', 'action': 'run_model', 'label': '1c737c52-7c29-49a2-bfcc-f0b3b6f02189', 'context': [<snowplow_tracker.self_describing_json.SelfDescribingJson object at 0x0000023715734050>]}
[0m13:45:08.561113 [error] [Thread-4 (]: 3 of 4 ERROR creating sql view model SILVER.stg_loans .......................... [[31mERROR[0m in 0.59s]
[0m13:45:08.561652 [debug] [Thread-4 (]: Finished running node model.real_estate_pipeline.stg_loans
[0m13:45:08.560106 [error] [Thread-3 (]: 2 of 4 ERROR creating sql view model SILVER.stg_customers ...................... [[31mERROR[0m in 0.59s]
[0m13:45:08.562480 [debug] [Thread-3 (]: Finished running node model.real_estate_pipeline.stg_customers
[0m13:45:08.562008 [debug] [Thread-8 (]: Marking all children of 'model.real_estate_pipeline.stg_loans' to be skipped because of status 'error'.  Reason: Database Error in model stg_loans (models\silver\stg_loans.sql)
  000904 (42000): SQL compilation error: error line 13 at position 8
  invalid identifier 'LOAN_ID'
  compiled code at target\run\real_estate_pipeline\models\silver\stg_loans.sql.
[0m13:45:08.562964 [debug] [Thread-8 (]: Marking all children of 'model.real_estate_pipeline.stg_customers' to be skipped because of status 'error'.  Reason: Database Error in model stg_customers (models\silver\stg_customers.sql)
  000904 (42000): SQL compilation error: error line 13 at position 8
  invalid identifier 'CUSTOMER_ID'
  compiled code at target\run\real_estate_pipeline\models\silver\stg_customers.sql.
[0m13:45:08.564159 [debug] [MainThread]: Connection 'master' was properly closed.
[0m13:45:08.564406 [debug] [MainThread]: Connection 'list_FINANCE_DW' was left open.
[0m13:45:08.564596 [debug] [MainThread]: On list_FINANCE_DW: Close
[0m13:45:08.719669 [debug] [MainThread]: Connection 'list_FINANCE_DW_SILVER' was left open.
[0m13:45:08.720226 [debug] [MainThread]: On list_FINANCE_DW_SILVER: Close
[0m13:45:08.886416 [debug] [MainThread]: Connection 'model.real_estate_pipeline.stg_transactions' was left open.
[0m13:45:08.887344 [debug] [MainThread]: On model.real_estate_pipeline.stg_transactions: Close
[0m13:45:09.052503 [debug] [MainThread]: Connection 'model.real_estate_pipeline.stg_customers' was left open.
[0m13:45:09.052917 [debug] [MainThread]: On model.real_estate_pipeline.stg_customers: Close
[0m13:45:09.224100 [debug] [MainThread]: Connection 'model.real_estate_pipeline.stg_loans' was left open.
[0m13:45:09.224678 [debug] [MainThread]: On model.real_estate_pipeline.stg_loans: Close
[0m13:45:09.391714 [debug] [MainThread]: Connection 'model.real_estate_pipeline.stg_accounts' was left open.
[0m13:45:09.392044 [debug] [MainThread]: On model.real_estate_pipeline.stg_accounts: Close
[0m13:45:09.554674 [info ] [MainThread]: 
[0m13:45:09.555417 [info ] [MainThread]: Finished running 4 view models in 0 hours 0 minutes and 4.47 seconds (4.47s).
[0m13:45:09.556616 [debug] [MainThread]: Command end result
[0m13:45:09.581834 [debug] [MainThread]: Wrote artifact WritableManifest to C:\Users\user\Desktop\Finance-Bank\real_estate_pipeline\dbt_project\target\manifest.json
[0m13:45:09.584269 [debug] [MainThread]: Wrote artifact SemanticManifest to C:\Users\user\Desktop\Finance-Bank\real_estate_pipeline\dbt_project\target\semantic_manifest.json
[0m13:45:09.586509 [debug] [MainThread]: Wrote artifact OsiDocument to C:\Users\user\Desktop\Finance-Bank\real_estate_pipeline\dbt_project\target\osi_document.json
[0m13:45:09.590849 [debug] [MainThread]: Wrote artifact RunExecutionResult to C:\Users\user\Desktop\Finance-Bank\real_estate_pipeline\dbt_project\target\run_results.json
[0m13:45:09.591062 [info ] [MainThread]: 
[0m13:45:09.591469 [info ] [MainThread]: [31mCompleted with 4 errors, 0 partial successes, and 0 warnings:[0m
[0m13:45:09.591846 [info ] [MainThread]: 
[0m13:45:09.592258 [error] [MainThread]: [[31mERROR[0m]: in model stg_transactions (models\silver\stg_transactions.sql)
[0m13:45:09.592698 [error] [MainThread]:   Database Error in model stg_transactions (models\silver\stg_transactions.sql)
  000904 (42000): SQL compilation error: error line 13 at position 8
  invalid identifier 'TRANSACTION_ID'
  compiled code at target\run\real_estate_pipeline\models\silver\stg_transactions.sql
[0m13:45:09.592940 [info ] [MainThread]: 
[0m13:45:09.593179 [info ] [MainThread]:   compiled code at target\compiled\real_estate_pipeline\models\silver\stg_transactions.sql
[0m13:45:09.593376 [info ] [MainThread]: 
[0m13:45:09.593599 [error] [MainThread]: [[31mERROR[0m]: in model stg_accounts (models\silver\stg_accounts.sql)
[0m13:45:09.593829 [error] [MainThread]:   Database Error in model stg_accounts (models\silver\stg_accounts.sql)
  000904 (42000): SQL compilation error: error line 13 at position 8
  invalid identifier 'ACCOUNT_ID'
  compiled code at target\run\real_estate_pipeline\models\silver\stg_accounts.sql
[0m13:45:09.594015 [info ] [MainThread]: 
[0m13:45:09.594262 [info ] [MainThread]:   compiled code at target\compiled\real_estate_pipeline\models\silver\stg_accounts.sql
[0m13:45:09.594457 [info ] [MainThread]: 
[0m13:45:09.594674 [error] [MainThread]: [[31mERROR[0m]: in model stg_loans (models\silver\stg_loans.sql)
[0m13:45:09.594993 [error] [MainThread]:   Database Error in model stg_loans (models\silver\stg_loans.sql)
  000904 (42000): SQL compilation error: error line 13 at position 8
  invalid identifier 'LOAN_ID'
  compiled code at target\run\real_estate_pipeline\models\silver\stg_loans.sql
[0m13:45:09.595181 [info ] [MainThread]: 
[0m13:45:09.595391 [info ] [MainThread]:   compiled code at target\compiled\real_estate_pipeline\models\silver\stg_loans.sql
[0m13:45:09.595566 [info ] [MainThread]: 
[0m13:45:09.595788 [error] [MainThread]: [[31mERROR[0m]: in model stg_customers (models\silver\stg_customers.sql)
[0m13:45:09.596001 [error] [MainThread]:   Database Error in model stg_customers (models\silver\stg_customers.sql)
  000904 (42000): SQL compilation error: error line 13 at position 8
  invalid identifier 'CUSTOMER_ID'
  compiled code at target\run\real_estate_pipeline\models\silver\stg_customers.sql
[0m13:45:09.596318 [info ] [MainThread]: 
[0m13:45:09.596787 [info ] [MainThread]:   compiled code at target\compiled\real_estate_pipeline\models\silver\stg_customers.sql
[0m13:45:09.597177 [info ] [MainThread]: 
[0m13:45:09.597516 [info ] [MainThread]: Done. PASS=0 WARN=0 ERROR=4 SKIP=0 NO-OP=0 REUSED=0 TOTAL=4
[0m13:45:09.598093 [debug] [MainThread]: Command `python -m dbt.cli.main run` failed at 13:45:09.598019 after 7.76 seconds
[0m13:45:09.598419 [debug] [MainThread]: Sending event: {'category': 'dbt', 'action': 'invocation', 'label': 'end', 'context': [<snowplow_tracker.self_describing_json.SelfDescribingJson object at 0x00000237153EDD90>, <snowplow_tracker.self_describing_json.SelfDescribingJson object at 0x000002376F7ADD90>, <snowplow_tracker.self_describing_json.SelfDescribingJson object at 0x0000023715552930>]}
[0m13:45:09.598767 [debug] [MainThread]: Flushing usage events
[0m13:45:10.164660 [debug] [MainThread]: An error was encountered while trying to flush usage events
[0m13:56:19.497265 [debug] [MainThread]: Sending event: {'category': 'dbt', 'action': 'invocation', 'label': 'start', 'context': [<snowplow_tracker.self_describing_json.SelfDescribingJson object at 0x0000025CE0DA9010>, <snowplow_tracker.self_describing_json.SelfDescribingJson object at 0x0000025CDE650E10>, <snowplow_tracker.self_describing_json.SelfDescribingJson object at 0x0000025CE37B39D0>]}


============================== 13:56:19.503901 | e978b0de-2a82-4a8a-af6f-058ac94a7631 ==============================
[0m13:56:19.503901 [info ] [MainThread]: Running with dbt=1.12.0
[0m13:56:19.504458 [debug] [MainThread]: running dbt with arguments {'version_check': 'True', 'no_print': 'None', 'maximum_seed_size_mib': '1', 'warn_error_options': 'WarnErrorOptionsV2(error=[], warn=[], silence=[])', 'target_path': 'None', 'static_parser': 'True', 'printer_width': '80', 'write_json': 'True', 'introspect': 'True', 'log_cache_events': 'False', 'empty': 'False', 'cache_selected_only': 'False', 'fail_fast': 'False', 'debug': 'False', 'log_format': 'default', 'profiles_dir': 'C:\\Users\\user\\Desktop\\Finance-Bank\\real_estate_pipeline\\dbt_project', 'send_anonymous_usage_stats': 'True', 'quiet': 'False', 'warn_error': 'None', 'partial_parse': 'True', 'invocation_command': 'dbt run --select silver', 'hints_enabled': 'True', 'use_colors': 'True', 'use_experimental_parser': 'False', 'indirect_selection': 'eager', 'log_path': 'C:\\Users\\user\\Desktop\\Finance-Bank\\real_estate_pipeline\\dbt_project\\logs'}
[0m13:56:20.098987 [debug] [MainThread]: Snowflake adapter: Setting snowflake.connector to ERROR (file logging only)
[0m13:56:20.099308 [debug] [MainThread]: Snowflake adapter: Setting botocore to ERROR (file logging only)
[0m13:56:20.099505 [debug] [MainThread]: Snowflake adapter: Setting boto3 to ERROR (file logging only)
[0m13:56:20.254773 [debug] [MainThread]: Sending event: {'category': 'dbt', 'action': 'project_id', 'label': 'e978b0de-2a82-4a8a-af6f-058ac94a7631', 'context': [<snowplow_tracker.self_describing_json.SelfDescribingJson object at 0x0000025C85C4D0F0>]}
[0m13:56:20.297583 [debug] [MainThread]: Sending event: {'category': 'dbt', 'action': 'adapter_info', 'label': 'e978b0de-2a82-4a8a-af6f-058ac94a7631', 'context': [<snowplow_tracker.self_describing_json.SelfDescribingJson object at 0x0000025CDE598380>]}
[0m13:56:20.298913 [info ] [MainThread]: Registered adapter: snowflake=1.12.0
[0m13:56:20.478625 [debug] [MainThread]: checksum: 17b8c0eed372bdc76158915a5b86153b95ebcdfebef695d6713d3c569800f71e, vars: {}, profile: dbt_project, target: dev, version: 1.12.0
[0m13:56:20.571079 [debug] [MainThread]: Partial parsing enabled: 0 files deleted, 0 files added, 0 files changed.
[0m13:56:20.571351 [debug] [MainThread]: Nothing changed, skipping partial parsing.
[0m13:56:20.571522 [debug] [MainThread]: Partial parsing enabled, no changes found, skipping parsing
[0m13:56:20.575034 [warn ] [MainThread]: [[33mWARNING[0m]: Configuration paths exist in your dbt_project.yml file which do not apply to any resources.
There are 1 unused configuration paths:
- models.real_estate_pipeline.bronze
[0m13:56:20.577789 [debug] [MainThread]: Sending event: {'category': 'dbt', 'action': 'load_project', 'label': 'e978b0de-2a82-4a8a-af6f-058ac94a7631', 'context': [<snowplow_tracker.self_describing_json.SelfDescribingJson object at 0x0000025C87358C50>]}
[0m13:56:20.650889 [debug] [MainThread]: Wrote artifact WritableManifest to C:\Users\user\Desktop\Finance-Bank\real_estate_pipeline\dbt_project\target\manifest.json
[0m13:56:20.653201 [debug] [MainThread]: Wrote artifact SemanticManifest to C:\Users\user\Desktop\Finance-Bank\real_estate_pipeline\dbt_project\target\semantic_manifest.json
[0m13:56:20.670204 [debug] [MainThread]: Wrote artifact OsiDocument to C:\Users\user\Desktop\Finance-Bank\real_estate_pipeline\dbt_project\target\osi_document.json
[0m13:56:20.677808 [debug] [MainThread]: Sending event: {'category': 'dbt', 'action': 'resource_counts', 'label': 'e978b0de-2a82-4a8a-af6f-058ac94a7631', 'context': [<snowplow_tracker.self_describing_json.SelfDescribingJson object at 0x0000025C8740FE30>]}
[0m13:56:20.678127 [info ] [MainThread]: Found 8 models, 4 sources, 545 macros
[0m13:56:20.678450 [debug] [MainThread]: Sending event: {'category': 'dbt', 'action': 'runnable_timing', 'label': 'e978b0de-2a82-4a8a-af6f-058ac94a7631', 'context': [<snowplow_tracker.self_describing_json.SelfDescribingJson object at 0x0000025C87446350>]}
[0m13:56:20.679663 [info ] [MainThread]: 
[0m13:56:20.680006 [info ] [MainThread]: Concurrency: 4 threads (target='dev')
[0m13:56:20.680264 [info ] [MainThread]: 
[0m13:56:20.680650 [debug] [MainThread]: Acquiring new snowflake connection 'master'
[0m13:56:20.683584 [debug] [ThreadPool]: Acquiring new snowflake connection 'list_FINANCE_DW'
[0m13:56:20.693685 [debug] [ThreadPool]: Using snowflake connection "list_FINANCE_DW"
[0m13:56:20.693924 [debug] [ThreadPool]: On list_FINANCE_DW: show terse schemas in database FINANCE_DW
    limit 10000
/* {"app": "dbt", "dbt_version": "1.12.0", "profile_name": "dbt_project", "target_name": "dev", "connection_name": "list_FINANCE_DW"} */
[0m13:56:20.694095 [debug] [ThreadPool]: Opening a new connection, currently in state init
[0m13:56:21.943786 [debug] [ThreadPool]: SQL status: SUCCESS 5 in 1.250 seconds
[0m13:56:21.948808 [debug] [ThreadPool]: Acquiring new snowflake connection 'list_FINANCE_DW_SILVER'
[0m13:56:21.959057 [debug] [ThreadPool]: Using snowflake connection "list_FINANCE_DW_SILVER"
[0m13:56:21.959311 [debug] [ThreadPool]: On list_FINANCE_DW_SILVER: show objects in FINANCE_DW.SILVER
    limit 10000
    

/* {"app": "dbt", "dbt_version": "1.12.0", "profile_name": "dbt_project", "target_name": "dev", "connection_name": "list_FINANCE_DW_SILVER"} */;
[0m13:56:21.959491 [debug] [ThreadPool]: Opening a new connection, currently in state init
[0m13:56:22.474735 [debug] [ThreadPool]: SQL status: SUCCESS 0 in 0.515 seconds
[0m13:56:22.483467 [debug] [ThreadPool]: Using snowflake connection "list_FINANCE_DW_SILVER"
[0m13:56:22.483756 [debug] [ThreadPool]: On list_FINANCE_DW_SILVER: show user functions in FINANCE_DW.SILVER
/* {"app": "dbt", "dbt_version": "1.12.0", "profile_name": "dbt_project", "target_name": "dev", "connection_name": "list_FINANCE_DW_SILVER"} */
[0m13:56:22.597678 [debug] [ThreadPool]: SQL status: SUCCESS 0 in 0.114 seconds
[0m13:56:22.601154 [debug] [MainThread]: Sending event: {'category': 'dbt', 'action': 'runnable_timing', 'label': 'e978b0de-2a82-4a8a-af6f-058ac94a7631', 'context': [<snowplow_tracker.self_describing_json.SelfDescribingJson object at 0x0000025C87559CC0>]}
[0m13:56:22.608839 [debug] [Thread-2 (]: Began running node model.real_estate_pipeline.stg_accounts
[0m13:56:22.609404 [debug] [Thread-5 (]: Began running node model.real_estate_pipeline.stg_transactions
[0m13:56:22.609844 [debug] [Thread-3 (]: Began running node model.real_estate_pipeline.stg_customers
[0m13:56:22.611297 [info ] [Thread-5 (]: 4 of 4 START sql view model SILVER.stg_transactions ............................ [RUN]
[0m13:56:22.611648 [info ] [Thread-3 (]: 2 of 4 START sql view model SILVER.stg_customers ............................... [RUN]
[0m13:56:22.610726 [debug] [Thread-4 (]: Began running node model.real_estate_pipeline.stg_loans
[0m13:56:22.612149 [debug] [Thread-5 (]: Acquiring new snowflake connection 'model.real_estate_pipeline.stg_transactions'
[0m13:56:22.610347 [info ] [Thread-2 (]: 1 of 4 START sql view model SILVER.stg_accounts ................................ [RUN]
[0m13:56:22.613798 [debug] [Thread-2 (]: Acquiring new snowflake connection 'model.real_estate_pipeline.stg_accounts'
[0m13:56:22.614014 [debug] [Thread-2 (]: Began compiling node model.real_estate_pipeline.stg_accounts
[0m13:56:22.617752 [debug] [Thread-2 (]: Writing injected SQL for node "model.real_estate_pipeline.stg_accounts"
[0m13:56:22.612815 [debug] [Thread-3 (]: Acquiring new snowflake connection 'model.real_estate_pipeline.stg_customers'
[0m13:56:22.613174 [info ] [Thread-4 (]: 3 of 4 START sql view model SILVER.stg_loans ................................... [RUN]
[0m13:56:22.613480 [debug] [Thread-5 (]: Began compiling node model.real_estate_pipeline.stg_transactions
[0m13:56:22.619567 [debug] [Thread-5 (]: Writing injected SQL for node "model.real_estate_pipeline.stg_transactions"
[0m13:56:22.618403 [debug] [Thread-4 (]: Acquiring new snowflake connection 'model.real_estate_pipeline.stg_loans'
[0m13:56:22.618068 [debug] [Thread-3 (]: Began compiling node model.real_estate_pipeline.stg_customers
[0m13:56:22.621066 [debug] [Thread-3 (]: Writing injected SQL for node "model.real_estate_pipeline.stg_customers"
[0m13:56:22.621333 [debug] [Thread-2 (]: Began executing node model.real_estate_pipeline.stg_accounts
[0m13:56:22.619951 [debug] [Thread-4 (]: Began compiling node model.real_estate_pipeline.stg_loans
[0m13:56:22.624636 [debug] [Thread-4 (]: Writing injected SQL for node "model.real_estate_pipeline.stg_loans"
[0m13:56:22.632563 [debug] [Thread-5 (]: Began executing node model.real_estate_pipeline.stg_transactions
[0m13:56:22.641929 [debug] [Thread-2 (]: Writing runtime sql for node "model.real_estate_pipeline.stg_accounts"
[0m13:56:22.643946 [debug] [Thread-5 (]: Writing runtime sql for node "model.real_estate_pipeline.stg_transactions"
[0m13:56:22.644509 [debug] [Thread-3 (]: Began executing node model.real_estate_pipeline.stg_customers
[0m13:56:22.646331 [debug] [Thread-3 (]: Writing runtime sql for node "model.real_estate_pipeline.stg_customers"
[0m13:56:22.644899 [debug] [Thread-4 (]: Began executing node model.real_estate_pipeline.stg_loans
[0m13:56:22.647850 [debug] [Thread-4 (]: Writing runtime sql for node "model.real_estate_pipeline.stg_loans"
[0m13:56:22.648586 [debug] [Thread-5 (]: Using snowflake connection "model.real_estate_pipeline.stg_transactions"
[0m13:56:22.648848 [debug] [Thread-5 (]: On model.real_estate_pipeline.stg_transactions: create or replace   view FINANCE_DW.SILVER.stg_transactions
  
  
  
  
  as (
    with source as (
    select * from FINANCE_DW.BRONZE.RAW_TRANSACTIONS
),

renamed as (
    select
        transaction_id::int as transaction_id,
        account_id::int as account_id,
        transaction_date::timestamp as transaction_date,
        amount::numeric(15,2) as amount,
        trim(transaction_type) as transaction_type,
        _ingested_at
    from source
)

select * from renamed
  )
/* {"app": "dbt", "dbt_version": "1.12.0", "profile_name": "dbt_project", "target_name": "dev", "node_id": "model.real_estate_pipeline.stg_transactions"} */;
[0m13:56:22.649105 [debug] [Thread-5 (]: Opening a new connection, currently in state init
[0m13:56:22.649595 [debug] [Thread-2 (]: Using snowflake connection "model.real_estate_pipeline.stg_accounts"
[0m13:56:22.650590 [debug] [Thread-2 (]: On model.real_estate_pipeline.stg_accounts: create or replace   view FINANCE_DW.SILVER.stg_accounts
  
  
  
  
  as (
    with source as (
    select * from FINANCE_DW.BRONZE.RAW_ACCOUNTS
),

renamed as (
    select
        account_id::int as account_id,
        customer_id::int as customer_id,
        trim(account_type) as account_type,
        balance::numeric(15,2) as balance,
        created_at::timestamp as created_at,
        _ingested_at
    from source
)

select * from renamed
  )
/* {"app": "dbt", "dbt_version": "1.12.0", "profile_name": "dbt_project", "target_name": "dev", "node_id": "model.real_estate_pipeline.stg_accounts"} */;
[0m13:56:22.650844 [debug] [Thread-2 (]: Opening a new connection, currently in state init
[0m13:56:22.651308 [debug] [Thread-3 (]: Using snowflake connection "model.real_estate_pipeline.stg_customers"
[0m13:56:22.650215 [debug] [Thread-4 (]: Using snowflake connection "model.real_estate_pipeline.stg_loans"
[0m13:56:22.652942 [debug] [Thread-4 (]: On model.real_estate_pipeline.stg_loans: create or replace   view FINANCE_DW.SILVER.stg_loans
  
  
  
  
  as (
    with source as (
    select * from FINANCE_DW.BRONZE.RAW_LOANS
),

renamed as (
    select
        loan_id::int as loan_id,
        customer_id::int as customer_id,
        loan_amount::numeric(15,2) as loan_amount,
        interest_rate::numeric(5,2) as interest_rate,
        term_months::int as term_months,
        trim(status) as loan_status,
        start_date::date as start_date,
        _ingested_at
    from source
)

select * from renamed
  )
/* {"app": "dbt", "dbt_version": "1.12.0", "profile_name": "dbt_project", "target_name": "dev", "node_id": "model.real_estate_pipeline.stg_loans"} */;
[0m13:56:22.652085 [debug] [Thread-3 (]: On model.real_estate_pipeline.stg_customers: create or replace   view FINANCE_DW.SILVER.stg_customers
  
  
  
  
  as (
    with source as (
    select * from FINANCE_DW.BRONZE.RAW_CUSTOMERS
),

renamed as (
    select
        customer_id::int as customer_id,
        trim(first_name) as first_name,
        trim(last_name) as last_name,
        lower(trim(email)) as email,
        created_at::timestamp as created_at,
        _ingested_at
    from source
)

select * from renamed
  )
/* {"app": "dbt", "dbt_version": "1.12.0", "profile_name": "dbt_project", "target_name": "dev", "node_id": "model.real_estate_pipeline.stg_customers"} */;
[0m13:56:22.653917 [debug] [Thread-3 (]: Opening a new connection, currently in state init
[0m13:56:22.653580 [debug] [Thread-4 (]: Opening a new connection, currently in state init
[0m13:56:23.149785 [debug] [Thread-5 (]: Snowflake adapter: Snowflake query id: 01c5e6a8-0001-f1d0-0002-a6b6000be31e
[0m13:56:23.150568 [debug] [Thread-5 (]: Snowflake adapter: Snowflake error: 000904 (42000): SQL compilation error: error line 13 at position 8
invalid identifier 'TRANSACTION_ID'
[0m13:56:23.154666 [debug] [Thread-5 (]: Database Error in model stg_transactions (models\silver\stg_transactions.sql)
  000904 (42000): SQL compilation error: error line 13 at position 8
  invalid identifier 'TRANSACTION_ID'
  compiled code at target\run\real_estate_pipeline\models\silver\stg_transactions.sql
[0m13:56:23.156219 [debug] [Thread-5 (]: Sending event: {'category': 'dbt', 'action': 'run_model', 'label': 'e978b0de-2a82-4a8a-af6f-058ac94a7631', 'context': [<snowplow_tracker.self_describing_json.SelfDescribingJson object at 0x0000025C876F5850>]}
[0m13:56:23.156611 [error] [Thread-5 (]: 4 of 4 ERROR creating sql view model SILVER.stg_transactions ................... [[31mERROR[0m in 0.54s]
[0m13:56:23.157158 [debug] [Thread-5 (]: Finished running node model.real_estate_pipeline.stg_transactions
[0m13:56:23.157469 [debug] [Thread-8 (]: Marking all children of 'model.real_estate_pipeline.stg_transactions' to be skipped because of status 'error'.  Reason: Database Error in model stg_transactions (models\silver\stg_transactions.sql)
  000904 (42000): SQL compilation error: error line 13 at position 8
  invalid identifier 'TRANSACTION_ID'
  compiled code at target\run\real_estate_pipeline\models\silver\stg_transactions.sql.
[0m13:56:23.159478 [debug] [Thread-2 (]: Snowflake adapter: Snowflake query id: 01c5e6a8-0001-f193-0002-a6b6000b8326
[0m13:56:23.159707 [debug] [Thread-2 (]: Snowflake adapter: Snowflake error: 000904 (42000): SQL compilation error: error line 13 at position 8
invalid identifier 'ACCOUNT_ID'
[0m13:56:23.163049 [debug] [Thread-2 (]: Database Error in model stg_accounts (models\silver\stg_accounts.sql)
  000904 (42000): SQL compilation error: error line 13 at position 8
  invalid identifier 'ACCOUNT_ID'
  compiled code at target\run\real_estate_pipeline\models\silver\stg_accounts.sql
[0m13:56:23.163363 [debug] [Thread-2 (]: Sending event: {'category': 'dbt', 'action': 'run_model', 'label': 'e978b0de-2a82-4a8a-af6f-058ac94a7631', 'context': [<snowplow_tracker.self_describing_json.SelfDescribingJson object at 0x0000025C875C26D0>]}
[0m13:56:23.164234 [error] [Thread-2 (]: 1 of 4 ERROR creating sql view model SILVER.stg_accounts ....................... [[31mERROR[0m in 0.55s]
[0m13:56:23.164633 [debug] [Thread-2 (]: Finished running node model.real_estate_pipeline.stg_accounts
[0m13:56:23.164971 [debug] [Thread-8 (]: Marking all children of 'model.real_estate_pipeline.stg_accounts' to be skipped because of status 'error'.  Reason: Database Error in model stg_accounts (models\silver\stg_accounts.sql)
  000904 (42000): SQL compilation error: error line 13 at position 8
  invalid identifier 'ACCOUNT_ID'
  compiled code at target\run\real_estate_pipeline\models\silver\stg_accounts.sql.
[0m13:56:23.165540 [debug] [Thread-3 (]: Snowflake adapter: Snowflake query id: 01c5e6a8-0001-f1d0-0002-a6b6000be322
[0m13:56:23.165769 [debug] [Thread-3 (]: Snowflake adapter: Snowflake error: 000904 (42000): SQL compilation error: error line 13 at position 8
invalid identifier 'CUSTOMER_ID'
[0m13:56:23.168988 [debug] [Thread-3 (]: Database Error in model stg_customers (models\silver\stg_customers.sql)
  000904 (42000): SQL compilation error: error line 13 at position 8
  invalid identifier 'CUSTOMER_ID'
  compiled code at target\run\real_estate_pipeline\models\silver\stg_customers.sql
[0m13:56:23.169440 [debug] [Thread-3 (]: Sending event: {'category': 'dbt', 'action': 'run_model', 'label': 'e978b0de-2a82-4a8a-af6f-058ac94a7631', 'context': [<snowplow_tracker.self_describing_json.SelfDescribingJson object at 0x0000025C8757BF70>]}
[0m13:56:23.169918 [error] [Thread-3 (]: 2 of 4 ERROR creating sql view model SILVER.stg_customers ...................... [[31mERROR[0m in 0.56s]
[0m13:56:23.170385 [debug] [Thread-3 (]: Finished running node model.real_estate_pipeline.stg_customers
[0m13:56:23.170681 [debug] [Thread-8 (]: Marking all children of 'model.real_estate_pipeline.stg_customers' to be skipped because of status 'error'.  Reason: Database Error in model stg_customers (models\silver\stg_customers.sql)
  000904 (42000): SQL compilation error: error line 13 at position 8
  invalid identifier 'CUSTOMER_ID'
  compiled code at target\run\real_estate_pipeline\models\silver\stg_customers.sql.
[0m13:56:23.913812 [debug] [Thread-4 (]: Snowflake adapter: Snowflake query id: 01c5e6a8-0001-f1d0-0002-a6b6000be326
[0m13:56:23.914804 [debug] [Thread-4 (]: Snowflake adapter: Snowflake error: 000904 (42000): SQL compilation error: error line 13 at position 8
invalid identifier 'LOAN_ID'
[0m13:56:23.918964 [debug] [Thread-4 (]: Database Error in model stg_loans (models\silver\stg_loans.sql)
  000904 (42000): SQL compilation error: error line 13 at position 8
  invalid identifier 'LOAN_ID'
  compiled code at target\run\real_estate_pipeline\models\silver\stg_loans.sql
[0m13:56:23.919305 [debug] [Thread-4 (]: Sending event: {'category': 'dbt', 'action': 'run_model', 'label': 'e978b0de-2a82-4a8a-af6f-058ac94a7631', 'context': [<snowplow_tracker.self_describing_json.SelfDescribingJson object at 0x0000025C85D63CD0>]}
[0m13:56:23.919669 [error] [Thread-4 (]: 3 of 4 ERROR creating sql view model SILVER.stg_loans .......................... [[31mERROR[0m in 1.30s]
[0m13:56:23.920325 [debug] [Thread-4 (]: Finished running node model.real_estate_pipeline.stg_loans
[0m13:56:23.920788 [debug] [Thread-8 (]: Marking all children of 'model.real_estate_pipeline.stg_loans' to be skipped because of status 'error'.  Reason: Database Error in model stg_loans (models\silver\stg_loans.sql)
  000904 (42000): SQL compilation error: error line 13 at position 8
  invalid identifier 'LOAN_ID'
  compiled code at target\run\real_estate_pipeline\models\silver\stg_loans.sql.
[0m13:56:23.921901 [debug] [MainThread]: Connection 'master' was properly closed.
[0m13:56:23.922125 [debug] [MainThread]: Connection 'list_FINANCE_DW' was left open.
[0m13:56:23.922298 [debug] [MainThread]: On list_FINANCE_DW: Close
[0m13:56:24.097395 [debug] [MainThread]: Connection 'list_FINANCE_DW_SILVER' was left open.
[0m13:56:24.098270 [debug] [MainThread]: On list_FINANCE_DW_SILVER: Close
[0m13:56:24.269116 [debug] [MainThread]: Connection 'model.real_estate_pipeline.stg_transactions' was left open.
[0m13:56:24.269887 [debug] [MainThread]: On model.real_estate_pipeline.stg_transactions: Close
[0m13:56:24.444370 [debug] [MainThread]: Connection 'model.real_estate_pipeline.stg_customers' was left open.
[0m13:56:24.445179 [debug] [MainThread]: On model.real_estate_pipeline.stg_customers: Close
[0m13:56:24.627925 [debug] [MainThread]: Connection 'model.real_estate_pipeline.stg_accounts' was left open.
[0m13:56:24.628694 [debug] [MainThread]: On model.real_estate_pipeline.stg_accounts: Close
[0m13:56:24.793024 [debug] [MainThread]: Connection 'model.real_estate_pipeline.stg_loans' was left open.
[0m13:56:24.794452 [debug] [MainThread]: On model.real_estate_pipeline.stg_loans: Close
[0m13:56:24.989380 [info ] [MainThread]: 
[0m13:56:24.989860 [info ] [MainThread]: Finished running 4 view models in 0 hours 0 minutes and 4.31 seconds (4.31s).
[0m13:56:24.990716 [debug] [MainThread]: Command end result
[0m13:56:25.015598 [debug] [MainThread]: Wrote artifact WritableManifest to C:\Users\user\Desktop\Finance-Bank\real_estate_pipeline\dbt_project\target\manifest.json
[0m13:56:25.018089 [debug] [MainThread]: Wrote artifact SemanticManifest to C:\Users\user\Desktop\Finance-Bank\real_estate_pipeline\dbt_project\target\semantic_manifest.json
[0m13:56:25.020704 [debug] [MainThread]: Wrote artifact OsiDocument to C:\Users\user\Desktop\Finance-Bank\real_estate_pipeline\dbt_project\target\osi_document.json
[0m13:56:25.025989 [debug] [MainThread]: Wrote artifact RunExecutionResult to C:\Users\user\Desktop\Finance-Bank\real_estate_pipeline\dbt_project\target\run_results.json
[0m13:56:25.026255 [info ] [MainThread]: 
[0m13:56:25.026665 [info ] [MainThread]: [31mCompleted with 4 errors, 0 partial successes, and 0 warnings:[0m
[0m13:56:25.026980 [info ] [MainThread]: 
[0m13:56:25.027326 [error] [MainThread]: [[31mERROR[0m]: in model stg_transactions (models\silver\stg_transactions.sql)
[0m13:56:25.027658 [error] [MainThread]:   Database Error in model stg_transactions (models\silver\stg_transactions.sql)
  000904 (42000): SQL compilation error: error line 13 at position 8
  invalid identifier 'TRANSACTION_ID'
  compiled code at target\run\real_estate_pipeline\models\silver\stg_transactions.sql
[0m13:56:25.027942 [info ] [MainThread]: 
[0m13:56:25.028243 [info ] [MainThread]:   compiled code at target\compiled\real_estate_pipeline\models\silver\stg_transactions.sql
[0m13:56:25.028479 [info ] [MainThread]: 
[0m13:56:25.028770 [error] [MainThread]: [[31mERROR[0m]: in model stg_accounts (models\silver\stg_accounts.sql)
[0m13:56:25.029027 [error] [MainThread]:   Database Error in model stg_accounts (models\silver\stg_accounts.sql)
  000904 (42000): SQL compilation error: error line 13 at position 8
  invalid identifier 'ACCOUNT_ID'
  compiled code at target\run\real_estate_pipeline\models\silver\stg_accounts.sql
[0m13:56:25.029272 [info ] [MainThread]: 
[0m13:56:25.029551 [info ] [MainThread]:   compiled code at target\compiled\real_estate_pipeline\models\silver\stg_accounts.sql
[0m13:56:25.029771 [info ] [MainThread]: 
[0m13:56:25.030030 [error] [MainThread]: [[31mERROR[0m]: in model stg_customers (models\silver\stg_customers.sql)
[0m13:56:25.030287 [error] [MainThread]:   Database Error in model stg_customers (models\silver\stg_customers.sql)
  000904 (42000): SQL compilation error: error line 13 at position 8
  invalid identifier 'CUSTOMER_ID'
  compiled code at target\run\real_estate_pipeline\models\silver\stg_customers.sql
[0m13:56:25.030486 [info ] [MainThread]: 
[0m13:56:25.030720 [info ] [MainThread]:   compiled code at target\compiled\real_estate_pipeline\models\silver\stg_customers.sql
[0m13:56:25.030968 [info ] [MainThread]: 
[0m13:56:25.031271 [error] [MainThread]: [[31mERROR[0m]: in model stg_loans (models\silver\stg_loans.sql)
[0m13:56:25.031612 [error] [MainThread]:   Database Error in model stg_loans (models\silver\stg_loans.sql)
  000904 (42000): SQL compilation error: error line 13 at position 8
  invalid identifier 'LOAN_ID'
  compiled code at target\run\real_estate_pipeline\models\silver\stg_loans.sql
[0m13:56:25.031890 [info ] [MainThread]: 
[0m13:56:25.032199 [info ] [MainThread]:   compiled code at target\compiled\real_estate_pipeline\models\silver\stg_loans.sql
[0m13:56:25.032570 [info ] [MainThread]: 
[0m13:56:25.032930 [info ] [MainThread]: Done. PASS=0 WARN=0 ERROR=4 SKIP=0 NO-OP=0 REUSED=0 TOTAL=4
[0m13:56:25.033583 [debug] [MainThread]: Command `python -m dbt.cli.main run` failed at 13:56:25.033485 after 5.63 seconds
[0m13:56:25.033879 [debug] [MainThread]: Sending event: {'category': 'dbt', 'action': 'invocation', 'label': 'end', 'context': [<snowplow_tracker.self_describing_json.SelfDescribingJson object at 0x0000025CE3801940>, <snowplow_tracker.self_describing_json.SelfDescribingJson object at 0x0000025CE3455FD0>, <snowplow_tracker.self_describing_json.SelfDescribingJson object at 0x0000025C85F85130>]}
[0m13:56:25.034124 [debug] [MainThread]: Flushing usage events
[0m13:56:25.605694 [debug] [MainThread]: An error was encountered while trying to flush usage events
[0m13:58:32.383767 [debug] [MainThread]: Sending event: {'category': 'dbt', 'action': 'invocation', 'label': 'start', 'context': [<snowplow_tracker.self_describing_json.SelfDescribingJson object at 0x0000020A494A9010>, <snowplow_tracker.self_describing_json.SelfDescribingJson object at 0x0000020A46D5CE10>, <snowplow_tracker.self_describing_json.SelfDescribingJson object at 0x0000020A4BEB39D0>]}


============================== 13:58:32.390122 | 6642a71a-752d-4eba-9e17-db22bb31d536 ==============================
[0m13:58:32.390122 [info ] [MainThread]: Running with dbt=1.12.0
[0m13:58:32.390931 [debug] [MainThread]: running dbt with arguments {'static_parser': 'True', 'no_print': 'None', 'version_check': 'True', 'target_path': 'None', 'warn_error_options': 'WarnErrorOptionsV2(error=[], warn=[], silence=[])', 'maximum_seed_size_mib': '1', 'printer_width': '80', 'write_json': 'True', 'empty': 'False', 'log_cache_events': 'False', 'introspect': 'True', 'cache_selected_only': 'False', 'log_format': 'default', 'debug': 'False', 'fail_fast': 'False', 'profiles_dir': 'C:\\Users\\user\\Desktop\\Finance-Bank\\real_estate_pipeline\\dbt_project', 'send_anonymous_usage_stats': 'True', 'quiet': 'False', 'warn_error': 'None', 'partial_parse': 'True', 'invocation_command': 'dbt run --select silver', 'hints_enabled': 'True', 'use_colors': 'True', 'use_experimental_parser': 'False', 'indirect_selection': 'eager', 'log_path': 'C:\\Users\\user\\Desktop\\Finance-Bank\\real_estate_pipeline\\dbt_project\\logs'}
[0m13:58:32.968905 [debug] [MainThread]: Snowflake adapter: Setting snowflake.connector to ERROR (file logging only)
[0m13:58:32.969227 [debug] [MainThread]: Snowflake adapter: Setting botocore to ERROR (file logging only)
[0m13:58:32.969426 [debug] [MainThread]: Snowflake adapter: Setting boto3 to ERROR (file logging only)
[0m13:58:33.121294 [debug] [MainThread]: Sending event: {'category': 'dbt', 'action': 'project_id', 'label': '6642a71a-752d-4eba-9e17-db22bb31d536', 'context': [<snowplow_tracker.self_describing_json.SelfDescribingJson object at 0x0000020A6E23D0F0>]}
[0m13:58:33.163297 [debug] [MainThread]: Sending event: {'category': 'dbt', 'action': 'adapter_info', 'label': '6642a71a-752d-4eba-9e17-db22bb31d536', 'context': [<snowplow_tracker.self_describing_json.SelfDescribingJson object at 0x0000020A46CA8380>]}
[0m13:58:33.164515 [info ] [MainThread]: Registered adapter: snowflake=1.12.0
[0m13:58:33.341652 [debug] [MainThread]: checksum: 17b8c0eed372bdc76158915a5b86153b95ebcdfebef695d6713d3c569800f71e, vars: {}, profile: dbt_project, target: dev, version: 1.12.0
[0m13:58:33.418770 [debug] [MainThread]: Partial parsing enabled: 0 files deleted, 0 files added, 4 files changed.
[0m13:58:33.419218 [debug] [MainThread]: Partial parsing: updated file: real_estate_pipeline://models\silver\stg_transactions.sql
[0m13:58:33.419448 [debug] [MainThread]: Partial parsing: updated file: real_estate_pipeline://models\silver\stg_loans.sql
[0m13:58:33.419656 [debug] [MainThread]: Partial parsing: updated file: real_estate_pipeline://models\silver\stg_accounts.sql
[0m13:58:33.419847 [debug] [MainThread]: Partial parsing: updated file: real_estate_pipeline://models\silver\stg_customers.sql
[0m13:58:33.610309 [warn ] [MainThread]: [[33mWARNING[0m]: Configuration paths exist in your dbt_project.yml file which do not apply to any resources.
There are 1 unused configuration paths:
- models.real_estate_pipeline.bronze
[0m13:58:33.613088 [debug] [MainThread]: Sending event: {'category': 'dbt', 'action': 'load_project', 'label': '6642a71a-752d-4eba-9e17-db22bb31d536', 'context': [<snowplow_tracker.self_describing_json.SelfDescribingJson object at 0x0000020A6F948E50>]}
[0m13:58:33.673523 [debug] [MainThread]: Wrote artifact WritableManifest to C:\Users\user\Desktop\Finance-Bank\real_estate_pipeline\dbt_project\target\manifest.json
[0m13:58:33.675897 [debug] [MainThread]: Wrote artifact SemanticManifest to C:\Users\user\Desktop\Finance-Bank\real_estate_pipeline\dbt_project\target\semantic_manifest.json
[0m13:58:33.692600 [debug] [MainThread]: Wrote artifact OsiDocument to C:\Users\user\Desktop\Finance-Bank\real_estate_pipeline\dbt_project\target\osi_document.json
[0m13:58:33.700755 [debug] [MainThread]: Sending event: {'category': 'dbt', 'action': 'resource_counts', 'label': '6642a71a-752d-4eba-9e17-db22bb31d536', 'context': [<snowplow_tracker.self_describing_json.SelfDescribingJson object at 0x0000020A6FC17B60>]}
[0m13:58:33.701092 [info ] [MainThread]: Found 8 models, 4 sources, 545 macros
[0m13:58:33.701431 [debug] [MainThread]: Sending event: {'category': 'dbt', 'action': 'runnable_timing', 'label': '6642a71a-752d-4eba-9e17-db22bb31d536', 'context': [<snowplow_tracker.self_describing_json.SelfDescribingJson object at 0x0000020A6FC36270>]}
[0m13:58:33.702741 [info ] [MainThread]: 
[0m13:58:33.703088 [info ] [MainThread]: Concurrency: 4 threads (target='dev')
[0m13:58:33.703371 [info ] [MainThread]: 
[0m13:58:33.703811 [debug] [MainThread]: Acquiring new snowflake connection 'master'
[0m13:58:33.706740 [debug] [ThreadPool]: Acquiring new snowflake connection 'list_FINANCE_DW'
[0m13:58:33.716392 [debug] [ThreadPool]: Using snowflake connection "list_FINANCE_DW"
[0m13:58:33.716722 [debug] [ThreadPool]: On list_FINANCE_DW: show terse schemas in database FINANCE_DW
    limit 10000
/* {"app": "dbt", "dbt_version": "1.12.0", "profile_name": "dbt_project", "target_name": "dev", "connection_name": "list_FINANCE_DW"} */
[0m13:58:33.716934 [debug] [ThreadPool]: Opening a new connection, currently in state init
[0m13:58:35.152376 [debug] [ThreadPool]: SQL status: SUCCESS 5 in 1.435 seconds
[0m13:58:35.154947 [debug] [ThreadPool]: Acquiring new snowflake connection 'list_FINANCE_DW_SILVER'
[0m13:58:35.162183 [debug] [ThreadPool]: Using snowflake connection "list_FINANCE_DW_SILVER"
[0m13:58:35.162463 [debug] [ThreadPool]: On list_FINANCE_DW_SILVER: show objects in FINANCE_DW.SILVER
    limit 10000
    

/* {"app": "dbt", "dbt_version": "1.12.0", "profile_name": "dbt_project", "target_name": "dev", "connection_name": "list_FINANCE_DW_SILVER"} */;
[0m13:58:35.162673 [debug] [ThreadPool]: Opening a new connection, currently in state init
[0m13:58:35.663469 [debug] [ThreadPool]: SQL status: SUCCESS 0 in 0.501 seconds
[0m13:58:35.672198 [debug] [ThreadPool]: Using snowflake connection "list_FINANCE_DW_SILVER"
[0m13:58:35.672506 [debug] [ThreadPool]: On list_FINANCE_DW_SILVER: show user functions in FINANCE_DW.SILVER
/* {"app": "dbt", "dbt_version": "1.12.0", "profile_name": "dbt_project", "target_name": "dev", "connection_name": "list_FINANCE_DW_SILVER"} */
[0m13:58:35.802190 [debug] [ThreadPool]: SQL status: SUCCESS 0 in 0.129 seconds
[0m13:58:35.806272 [debug] [MainThread]: Sending event: {'category': 'dbt', 'action': 'runnable_timing', 'label': '6642a71a-752d-4eba-9e17-db22bb31d536', 'context': [<snowplow_tracker.self_describing_json.SelfDescribingJson object at 0x0000020A6FDAA820>]}
[0m13:58:35.814832 [debug] [Thread-4 (]: Began running node model.real_estate_pipeline.stg_loans
[0m13:58:35.815677 [debug] [Thread-3 (]: Began running node model.real_estate_pipeline.stg_customers
[0m13:58:35.815374 [info ] [Thread-4 (]: 3 of 4 START sql view model SILVER.stg_loans ................................... [RUN]
[0m13:58:35.816903 [debug] [Thread-4 (]: Acquiring new snowflake connection 'model.real_estate_pipeline.stg_loans'
[0m13:58:35.818663 [debug] [Thread-4 (]: Began compiling node model.real_estate_pipeline.stg_loans
[0m13:58:35.823751 [debug] [Thread-4 (]: Writing injected SQL for node "model.real_estate_pipeline.stg_loans"
[0m13:58:35.816137 [info ] [Thread-3 (]: 2 of 4 START sql view model SILVER.stg_customers ............................... [RUN]
[0m13:58:35.817441 [debug] [Thread-5 (]: Began running node model.real_estate_pipeline.stg_transactions
[0m13:58:35.818291 [debug] [Thread-2 (]: Began running node model.real_estate_pipeline.stg_accounts
[0m13:58:35.825542 [debug] [Thread-4 (]: Began executing node model.real_estate_pipeline.stg_loans
[0m13:58:35.824899 [info ] [Thread-5 (]: 4 of 4 START sql view model SILVER.stg_transactions ............................ [RUN]
[0m13:58:35.831232 [debug] [Thread-5 (]: Acquiring new snowflake connection 'model.real_estate_pipeline.stg_transactions'
[0m13:58:35.831526 [debug] [Thread-5 (]: Began compiling node model.real_estate_pipeline.stg_transactions
[0m13:58:35.832886 [debug] [Thread-5 (]: Writing injected SQL for node "model.real_estate_pipeline.stg_transactions"
[0m13:58:35.824413 [debug] [Thread-3 (]: Acquiring new snowflake connection 'model.real_estate_pipeline.stg_customers'
[0m13:58:35.825256 [info ] [Thread-2 (]: 1 of 4 START sql view model SILVER.stg_accounts ................................ [RUN]
[0m13:58:35.848568 [debug] [Thread-2 (]: Acquiring new snowflake connection 'model.real_estate_pipeline.stg_accounts'
[0m13:58:35.848793 [debug] [Thread-2 (]: Began compiling node model.real_estate_pipeline.stg_accounts
[0m13:58:35.849998 [debug] [Thread-2 (]: Writing injected SQL for node "model.real_estate_pipeline.stg_accounts"
[0m13:58:35.848177 [debug] [Thread-3 (]: Began compiling node model.real_estate_pipeline.stg_customers
[0m13:58:35.847797 [debug] [Thread-4 (]: Writing runtime sql for node "model.real_estate_pipeline.stg_loans"
[0m13:58:35.851425 [debug] [Thread-3 (]: Writing injected SQL for node "model.real_estate_pipeline.stg_customers"
[0m13:58:35.851664 [debug] [Thread-5 (]: Began executing node model.real_estate_pipeline.stg_transactions
[0m13:58:35.853797 [debug] [Thread-5 (]: Writing runtime sql for node "model.real_estate_pipeline.stg_transactions"
[0m13:58:35.854189 [debug] [Thread-2 (]: Began executing node model.real_estate_pipeline.stg_accounts
[0m13:58:35.855747 [debug] [Thread-2 (]: Writing runtime sql for node "model.real_estate_pipeline.stg_accounts"
[0m13:58:35.856167 [debug] [Thread-3 (]: Began executing node model.real_estate_pipeline.stg_customers
[0m13:58:35.857687 [debug] [Thread-3 (]: Writing runtime sql for node "model.real_estate_pipeline.stg_customers"
[0m13:58:35.858306 [debug] [Thread-4 (]: Using snowflake connection "model.real_estate_pipeline.stg_loans"
[0m13:58:35.858586 [debug] [Thread-4 (]: On model.real_estate_pipeline.stg_loans: create or replace   view FINANCE_DW.SILVER.stg_loans
  
  
  
  
  as (
    with source as (
    select * from FINANCE_DW.BRONZE.RAW_LOANS
),

renamed as (
    select
        "loan_id"::int as loan_id,
        "customer_id"::int as customer_id,
        "loan_amount"::numeric(15,2) as loan_amount,
        "interest_rate"::numeric(5,2) as interest_rate,
        "term_months"::int as term_months,
        trim("status") as loan_status,
        "start_date"::date as start_date,
        "_INGESTED_AT" as ingested_at
    from source
)

select * from renamed
  )
/* {"app": "dbt", "dbt_version": "1.12.0", "profile_name": "dbt_project", "target_name": "dev", "node_id": "model.real_estate_pipeline.stg_loans"} */;
[0m13:58:35.858820 [debug] [Thread-4 (]: Opening a new connection, currently in state init
[0m13:58:35.859557 [debug] [Thread-5 (]: Using snowflake connection "model.real_estate_pipeline.stg_transactions"
[0m13:58:35.859797 [debug] [Thread-5 (]: On model.real_estate_pipeline.stg_transactions: create or replace   view FINANCE_DW.SILVER.stg_transactions
  
  
  
  
  as (
    with source as (
    select * from FINANCE_DW.BRONZE.RAW_TRANSACTIONS
),

renamed as (
    select
        "transaction_id"::int as transaction_id,
        "account_id"::int as account_id,
        "transaction_date"::timestamp as transaction_date,
        "amount"::numeric(15,2) as amount,
        trim("transaction_type") as transaction_type,
        "_INGESTED_AT" as ingested_at
    from source
)

select * from renamed
  )
/* {"app": "dbt", "dbt_version": "1.12.0", "profile_name": "dbt_project", "target_name": "dev", "node_id": "model.real_estate_pipeline.stg_transactions"} */;
[0m13:58:35.860006 [debug] [Thread-5 (]: Opening a new connection, currently in state init
[0m13:58:35.861061 [debug] [Thread-3 (]: Using snowflake connection "model.real_estate_pipeline.stg_customers"
[0m13:58:35.861329 [debug] [Thread-3 (]: On model.real_estate_pipeline.stg_customers: create or replace   view FINANCE_DW.SILVER.stg_customers
  
  
  
  
  as (
    with source as (
    select * from FINANCE_DW.BRONZE.RAW_CUSTOMERS
),

renamed as (
    select
        "customer_id"::int as customer_id,
        trim("first_name") as first_name,
        trim("last_name") as last_name,
        lower(trim("email")) as email,
        "created_at"::timestamp as created_at,
        "_INGESTED_AT" as ingested_at
    from source
)

select * from renamed
  )
/* {"app": "dbt", "dbt_version": "1.12.0", "profile_name": "dbt_project", "target_name": "dev", "node_id": "model.real_estate_pipeline.stg_customers"} */;
[0m13:58:35.861589 [debug] [Thread-3 (]: Opening a new connection, currently in state init
[0m13:58:35.860478 [debug] [Thread-2 (]: Using snowflake connection "model.real_estate_pipeline.stg_accounts"
[0m13:58:35.862913 [debug] [Thread-2 (]: On model.real_estate_pipeline.stg_accounts: create or replace   view FINANCE_DW.SILVER.stg_accounts
  
  
  
  
  as (
    with source as (
    select * from FINANCE_DW.BRONZE.RAW_ACCOUNTS
),

renamed as (
    select
        "account_id"::int as account_id,
        "customer_id"::int as customer_id,
        trim("account_type") as account_type,
        "balance"::numeric(15,2) as balance,
        "created_at"::timestamp as created_at,
        "_INGESTED_AT" as ingested_at
    from source
)

select * from renamed
  )
/* {"app": "dbt", "dbt_version": "1.12.0", "profile_name": "dbt_project", "target_name": "dev", "node_id": "model.real_estate_pipeline.stg_accounts"} */;
[0m13:58:35.863518 [debug] [Thread-2 (]: Opening a new connection, currently in state init
[0m13:58:36.361481 [debug] [Thread-5 (]: Snowflake adapter: Snowflake query id: 01c5e6aa-0001-f1d0-0002-a6b6000be332
[0m13:58:36.362301 [debug] [Thread-5 (]: Snowflake adapter: Snowflake error: 000904 (42000): SQL compilation error: error line 13 at position 8
invalid identifier '"transaction_id"'
[0m13:58:36.367073 [debug] [Thread-5 (]: Database Error in model stg_transactions (models\silver\stg_transactions.sql)
  000904 (42000): SQL compilation error: error line 13 at position 8
  invalid identifier '"transaction_id"'
  compiled code at target\run\real_estate_pipeline\models\silver\stg_transactions.sql
[0m13:58:36.368465 [debug] [Thread-5 (]: Sending event: {'category': 'dbt', 'action': 'run_model', 'label': '6642a71a-752d-4eba-9e17-db22bb31d536', 'context': [<snowplow_tracker.self_describing_json.SelfDescribingJson object at 0x0000020A6FDEB1D0>]}
[0m13:58:36.368899 [error] [Thread-5 (]: 4 of 4 ERROR creating sql view model SILVER.stg_transactions ................... [[31mERROR[0m in 0.54s]
[0m13:58:36.369346 [debug] [Thread-5 (]: Finished running node model.real_estate_pipeline.stg_transactions
[0m13:58:36.369671 [debug] [Thread-8 (]: Marking all children of 'model.real_estate_pipeline.stg_transactions' to be skipped because of status 'error'.  Reason: Database Error in model stg_transactions (models\silver\stg_transactions.sql)
  000904 (42000): SQL compilation error: error line 13 at position 8
  invalid identifier '"transaction_id"'
  compiled code at target\run\real_estate_pipeline\models\silver\stg_transactions.sql.
[0m13:58:36.377321 [debug] [Thread-2 (]: Snowflake adapter: Snowflake query id: 01c5e6aa-0001-f193-0002-a6b6000b8336
[0m13:58:36.377680 [debug] [Thread-2 (]: Snowflake adapter: Snowflake error: 000904 (42000): SQL compilation error: error line 13 at position 8
invalid identifier '"account_id"'
[0m13:58:36.382823 [debug] [Thread-2 (]: Database Error in model stg_accounts (models\silver\stg_accounts.sql)
  000904 (42000): SQL compilation error: error line 13 at position 8
  invalid identifier '"account_id"'
  compiled code at target\run\real_estate_pipeline\models\silver\stg_accounts.sql
[0m13:58:36.383641 [debug] [Thread-2 (]: Sending event: {'category': 'dbt', 'action': 'run_model', 'label': '6642a71a-752d-4eba-9e17-db22bb31d536', 'context': [<snowplow_tracker.self_describing_json.SelfDescribingJson object at 0x0000020A6FE4BAC0>]}
[0m13:58:36.384171 [error] [Thread-2 (]: 1 of 4 ERROR creating sql view model SILVER.stg_accounts ....................... [[31mERROR[0m in 0.54s]
[0m13:58:36.384852 [debug] [Thread-2 (]: Finished running node model.real_estate_pipeline.stg_accounts
[0m13:58:36.385288 [debug] [Thread-8 (]: Marking all children of 'model.real_estate_pipeline.stg_accounts' to be skipped because of status 'error'.  Reason: Database Error in model stg_accounts (models\silver\stg_accounts.sql)
  000904 (42000): SQL compilation error: error line 13 at position 8
  invalid identifier '"account_id"'
  compiled code at target\run\real_estate_pipeline\models\silver\stg_accounts.sql.
[0m13:58:37.001445 [debug] [Thread-4 (]: Snowflake adapter: Snowflake query id: 01c5e6aa-0001-f193-0002-a6b6000b833a
[0m13:58:37.002099 [debug] [Thread-4 (]: Snowflake adapter: Snowflake error: 000904 (42000): SQL compilation error: error line 13 at position 8
invalid identifier '"loan_id"'
[0m13:58:37.007478 [debug] [Thread-4 (]: Database Error in model stg_loans (models\silver\stg_loans.sql)
  000904 (42000): SQL compilation error: error line 13 at position 8
  invalid identifier '"loan_id"'
  compiled code at target\run\real_estate_pipeline\models\silver\stg_loans.sql
[0m13:58:37.007865 [debug] [Thread-4 (]: Sending event: {'category': 'dbt', 'action': 'run_model', 'label': '6642a71a-752d-4eba-9e17-db22bb31d536', 'context': [<snowplow_tracker.self_describing_json.SelfDescribingJson object at 0x0000020A6FDBB390>]}
[0m13:58:37.008279 [error] [Thread-4 (]: 3 of 4 ERROR creating sql view model SILVER.stg_loans .......................... [[31mERROR[0m in 1.19s]
[0m13:58:37.008666 [debug] [Thread-4 (]: Finished running node model.real_estate_pipeline.stg_loans
[0m13:58:37.008956 [debug] [Thread-8 (]: Marking all children of 'model.real_estate_pipeline.stg_loans' to be skipped because of status 'error'.  Reason: Database Error in model stg_loans (models\silver\stg_loans.sql)
  000904 (42000): SQL compilation error: error line 13 at position 8
  invalid identifier '"loan_id"'
  compiled code at target\run\real_estate_pipeline\models\silver\stg_loans.sql.
[0m13:58:37.115149 [debug] [Thread-3 (]: Snowflake adapter: Snowflake query id: 01c5e6aa-0001-f1d0-0002-a6b6000be336
[0m13:58:37.115969 [debug] [Thread-3 (]: Snowflake adapter: Snowflake error: 000904 (42000): SQL compilation error: error line 13 at position 8
invalid identifier '"customer_id"'
[0m13:58:37.120164 [debug] [Thread-3 (]: Database Error in model stg_customers (models\silver\stg_customers.sql)
  000904 (42000): SQL compilation error: error line 13 at position 8
  invalid identifier '"customer_id"'
  compiled code at target\run\real_estate_pipeline\models\silver\stg_customers.sql
[0m13:58:37.120500 [debug] [Thread-3 (]: Sending event: {'category': 'dbt', 'action': 'run_model', 'label': '6642a71a-752d-4eba-9e17-db22bb31d536', 'context': [<snowplow_tracker.self_describing_json.SelfDescribingJson object at 0x0000020A6FF5EC50>]}
[0m13:58:37.120874 [error] [Thread-3 (]: 2 of 4 ERROR creating sql view model SILVER.stg_customers ...................... [[31mERROR[0m in 1.30s]
[0m13:58:37.121654 [debug] [Thread-3 (]: Finished running node model.real_estate_pipeline.stg_customers
[0m13:58:37.122116 [debug] [Thread-8 (]: Marking all children of 'model.real_estate_pipeline.stg_customers' to be skipped because of status 'error'.  Reason: Database Error in model stg_customers (models\silver\stg_customers.sql)
  000904 (42000): SQL compilation error: error line 13 at position 8
  invalid identifier '"customer_id"'
  compiled code at target\run\real_estate_pipeline\models\silver\stg_customers.sql.
[0m13:58:37.123727 [debug] [MainThread]: Connection 'master' was properly closed.
[0m13:58:37.123973 [debug] [MainThread]: Connection 'list_FINANCE_DW' was left open.
[0m13:58:37.124181 [debug] [MainThread]: On list_FINANCE_DW: Close
[0m13:58:37.288738 [debug] [MainThread]: Connection 'list_FINANCE_DW_SILVER' was left open.
[0m13:58:37.289574 [debug] [MainThread]: On list_FINANCE_DW_SILVER: Close
[0m13:58:37.469432 [debug] [MainThread]: Connection 'model.real_estate_pipeline.stg_loans' was left open.
[0m13:58:37.470253 [debug] [MainThread]: On model.real_estate_pipeline.stg_loans: Close
[0m13:58:37.638048 [debug] [MainThread]: Connection 'model.real_estate_pipeline.stg_customers' was left open.
[0m13:58:37.638882 [debug] [MainThread]: On model.real_estate_pipeline.stg_customers: Close
[0m13:58:37.816035 [debug] [MainThread]: Connection 'model.real_estate_pipeline.stg_transactions' was left open.
[0m13:58:37.816812 [debug] [MainThread]: On model.real_estate_pipeline.stg_transactions: Close
[0m13:58:37.985168 [debug] [MainThread]: Connection 'model.real_estate_pipeline.stg_accounts' was left open.
[0m13:58:37.985544 [debug] [MainThread]: On model.real_estate_pipeline.stg_accounts: Close
[0m13:58:38.161934 [info ] [MainThread]: 
[0m13:58:38.163061 [info ] [MainThread]: Finished running 4 view models in 0 hours 0 minutes and 4.46 seconds (4.46s).
[0m13:58:38.165399 [debug] [MainThread]: Command end result
[0m13:58:38.191730 [debug] [MainThread]: Wrote artifact WritableManifest to C:\Users\user\Desktop\Finance-Bank\real_estate_pipeline\dbt_project\target\manifest.json
[0m13:58:38.194046 [debug] [MainThread]: Wrote artifact SemanticManifest to C:\Users\user\Desktop\Finance-Bank\real_estate_pipeline\dbt_project\target\semantic_manifest.json
[0m13:58:38.195941 [debug] [MainThread]: Wrote artifact OsiDocument to C:\Users\user\Desktop\Finance-Bank\real_estate_pipeline\dbt_project\target\osi_document.json
[0m13:58:38.200682 [debug] [MainThread]: Wrote artifact RunExecutionResult to C:\Users\user\Desktop\Finance-Bank\real_estate_pipeline\dbt_project\target\run_results.json
[0m13:58:38.200915 [info ] [MainThread]: 
[0m13:58:38.201315 [info ] [MainThread]: [31mCompleted with 4 errors, 0 partial successes, and 0 warnings:[0m
[0m13:58:38.201749 [info ] [MainThread]: 
[0m13:58:38.202193 [error] [MainThread]: [[31mERROR[0m]: in model stg_transactions (models\silver\stg_transactions.sql)
[0m13:58:38.202502 [error] [MainThread]:   Database Error in model stg_transactions (models\silver\stg_transactions.sql)
  000904 (42000): SQL compilation error: error line 13 at position 8
  invalid identifier '"transaction_id"'
  compiled code at target\run\real_estate_pipeline\models\silver\stg_transactions.sql
[0m13:58:38.202733 [info ] [MainThread]: 
[0m13:58:38.203027 [info ] [MainThread]:   compiled code at target\compiled\real_estate_pipeline\models\silver\stg_transactions.sql
[0m13:58:38.203267 [info ] [MainThread]: 
[0m13:58:38.203585 [error] [MainThread]: [[31mERROR[0m]: in model stg_accounts (models\silver\stg_accounts.sql)
[0m13:58:38.203865 [error] [MainThread]:   Database Error in model stg_accounts (models\silver\stg_accounts.sql)
  000904 (42000): SQL compilation error: error line 13 at position 8
  invalid identifier '"account_id"'
  compiled code at target\run\real_estate_pipeline\models\silver\stg_accounts.sql
[0m13:58:38.204164 [info ] [MainThread]: 
[0m13:58:38.204433 [info ] [MainThread]:   compiled code at target\compiled\real_estate_pipeline\models\silver\stg_accounts.sql
[0m13:58:38.204643 [info ] [MainThread]: 
[0m13:58:38.204878 [error] [MainThread]: [[31mERROR[0m]: in model stg_loans (models\silver\stg_loans.sql)
[0m13:58:38.205119 [error] [MainThread]:   Database Error in model stg_loans (models\silver\stg_loans.sql)
  000904 (42000): SQL compilation error: error line 13 at position 8
  invalid identifier '"loan_id"'
  compiled code at target\run\real_estate_pipeline\models\silver\stg_loans.sql
[0m13:58:38.205308 [info ] [MainThread]: 
[0m13:58:38.205524 [info ] [MainThread]:   compiled code at target\compiled\real_estate_pipeline\models\silver\stg_loans.sql
[0m13:58:38.205712 [info ] [MainThread]: 
[0m13:58:38.205927 [error] [MainThread]: [[31mERROR[0m]: in model stg_customers (models\silver\stg_customers.sql)
[0m13:58:38.206144 [error] [MainThread]:   Database Error in model stg_customers (models\silver\stg_customers.sql)
  000904 (42000): SQL compilation error: error line 13 at position 8
  invalid identifier '"customer_id"'
  compiled code at target\run\real_estate_pipeline\models\silver\stg_customers.sql
[0m13:58:38.206416 [info ] [MainThread]: 
[0m13:58:38.206783 [info ] [MainThread]:   compiled code at target\compiled\real_estate_pipeline\models\silver\stg_customers.sql
[0m13:58:38.207033 [info ] [MainThread]: 
[0m13:58:38.207334 [info ] [MainThread]: Done. PASS=0 WARN=0 ERROR=4 SKIP=0 NO-OP=0 REUSED=0 TOTAL=4
[0m13:58:38.207940 [debug] [MainThread]: Command `python -m dbt.cli.main run` failed at 13:58:38.207860 after 5.93 seconds
[0m13:58:38.208188 [debug] [MainThread]: Sending event: {'category': 'dbt', 'action': 'invocation', 'label': 'end', 'context': [<snowplow_tracker.self_describing_json.SelfDescribingJson object at 0x0000020A4BF01940>, <snowplow_tracker.self_describing_json.SelfDescribingJson object at 0x0000020A4BB55FD0>, <snowplow_tracker.self_describing_json.SelfDescribingJson object at 0x0000020A4BAE5F70>]}
[0m13:58:38.208428 [debug] [MainThread]: Flushing usage events
[0m13:58:38.830052 [debug] [MainThread]: An error was encountered while trying to flush usage events
[0m14:04:33.286832 [debug] [MainThread]: Sending event: {'category': 'dbt', 'action': 'invocation', 'label': 'start', 'context': [<snowplow_tracker.self_describing_json.SelfDescribingJson object at 0x0000020FB6409010>, <snowplow_tracker.self_describing_json.SelfDescribingJson object at 0x0000020FB3CDCE10>, <snowplow_tracker.self_describing_json.SelfDescribingJson object at 0x0000020FB8E139D0>]}


============================== 14:04:33.293381 | 31231b12-266e-4b7d-acfc-7cb0187b5bec ==============================
[0m14:04:33.293381 [info ] [MainThread]: Running with dbt=1.12.0
[0m14:04:33.293780 [debug] [MainThread]: running dbt with arguments {'version_check': 'True', 'no_print': 'None', 'static_parser': 'True', 'target_path': 'None', 'maximum_seed_size_mib': '1', 'warn_error_options': 'WarnErrorOptionsV2(error=[], warn=[], silence=[])', 'printer_width': '80', 'write_json': 'True', 'introspect': 'True', 'log_cache_events': 'False', 'empty': 'False', 'cache_selected_only': 'False', 'log_format': 'default', 'debug': 'False', 'fail_fast': 'False', 'profiles_dir': 'C:\\Users\\user\\Desktop\\Finance-Bank\\real_estate_pipeline\\dbt_project', 'send_anonymous_usage_stats': 'True', 'quiet': 'False', 'warn_error': 'None', 'partial_parse': 'True', 'use_colors': 'True', 'hints_enabled': 'True', 'indirect_selection': 'eager', 'use_experimental_parser': 'False', 'invocation_command': 'dbt run --select stg_customers', 'log_path': 'C:\\Users\\user\\Desktop\\Finance-Bank\\real_estate_pipeline\\dbt_project\\logs'}
[0m14:04:33.891231 [debug] [MainThread]: Snowflake adapter: Setting snowflake.connector to ERROR (file logging only)
[0m14:04:33.891565 [debug] [MainThread]: Snowflake adapter: Setting botocore to ERROR (file logging only)
[0m14:04:33.891775 [debug] [MainThread]: Snowflake adapter: Setting boto3 to ERROR (file logging only)
[0m14:04:34.044084 [debug] [MainThread]: Sending event: {'category': 'dbt', 'action': 'project_id', 'label': '31231b12-266e-4b7d-acfc-7cb0187b5bec', 'context': [<snowplow_tracker.self_describing_json.SelfDescribingJson object at 0x0000020FDB19D0F0>]}
[0m14:04:34.087370 [debug] [MainThread]: Sending event: {'category': 'dbt', 'action': 'adapter_info', 'label': '31231b12-266e-4b7d-acfc-7cb0187b5bec', 'context': [<snowplow_tracker.self_describing_json.SelfDescribingJson object at 0x0000020FB3C38380>]}
[0m14:04:34.088603 [info ] [MainThread]: Registered adapter: snowflake=1.12.0
[0m14:04:34.269036 [debug] [MainThread]: checksum: 17b8c0eed372bdc76158915a5b86153b95ebcdfebef695d6713d3c569800f71e, vars: {}, profile: dbt_project, target: dev, version: 1.12.0
[0m14:04:34.353239 [debug] [MainThread]: Partial parsing enabled: 0 files deleted, 0 files added, 1 files changed.
[0m14:04:34.353636 [debug] [MainThread]: Partial parsing: updated file: real_estate_pipeline://models\silver\stg_customers.sql
[0m14:04:34.534668 [warn ] [MainThread]: [[33mWARNING[0m]: Configuration paths exist in your dbt_project.yml file which do not apply to any resources.
There are 1 unused configuration paths:
- models.real_estate_pipeline.bronze
[0m14:04:34.537151 [debug] [MainThread]: Sending event: {'category': 'dbt', 'action': 'load_project', 'label': '31231b12-266e-4b7d-acfc-7cb0187b5bec', 'context': [<snowplow_tracker.self_describing_json.SelfDescribingJson object at 0x0000020FDC8A1050>]}
[0m14:04:34.597717 [debug] [MainThread]: Wrote artifact WritableManifest to C:\Users\user\Desktop\Finance-Bank\real_estate_pipeline\dbt_project\target\manifest.json
[0m14:04:34.599694 [debug] [MainThread]: Wrote artifact SemanticManifest to C:\Users\user\Desktop\Finance-Bank\real_estate_pipeline\dbt_project\target\semantic_manifest.json
[0m14:04:34.618338 [debug] [MainThread]: Wrote artifact OsiDocument to C:\Users\user\Desktop\Finance-Bank\real_estate_pipeline\dbt_project\target\osi_document.json
[0m14:04:34.626073 [debug] [MainThread]: Sending event: {'category': 'dbt', 'action': 'resource_counts', 'label': '31231b12-266e-4b7d-acfc-7cb0187b5bec', 'context': [<snowplow_tracker.self_describing_json.SelfDescribingJson object at 0x0000020FDCB73980>]}
[0m14:04:34.626421 [info ] [MainThread]: Found 8 models, 4 sources, 545 macros
[0m14:04:34.626737 [debug] [MainThread]: Sending event: {'category': 'dbt', 'action': 'runnable_timing', 'label': '31231b12-266e-4b7d-acfc-7cb0187b5bec', 'context': [<snowplow_tracker.self_describing_json.SelfDescribingJson object at 0x0000020FDCB82350>]}
[0m14:04:34.627837 [info ] [MainThread]: 
[0m14:04:34.628159 [info ] [MainThread]: Concurrency: 4 threads (target='dev')
[0m14:04:34.628394 [info ] [MainThread]: 
[0m14:04:34.628758 [debug] [MainThread]: Acquiring new snowflake connection 'master'
[0m14:04:34.629458 [debug] [ThreadPool]: Acquiring new snowflake connection 'list_FINANCE_DW'
[0m14:04:34.637876 [debug] [ThreadPool]: Using snowflake connection "list_FINANCE_DW"
[0m14:04:34.638091 [debug] [ThreadPool]: On list_FINANCE_DW: show terse schemas in database FINANCE_DW
    limit 10000
/* {"app": "dbt", "dbt_version": "1.12.0", "profile_name": "dbt_project", "target_name": "dev", "connection_name": "list_FINANCE_DW"} */
[0m14:04:34.638267 [debug] [ThreadPool]: Opening a new connection, currently in state init
[0m14:04:36.789499 [debug] [ThreadPool]: SQL status: SUCCESS 5 in 2.151 seconds
[0m14:04:36.799270 [debug] [ThreadPool]: Acquiring new snowflake connection 'list_FINANCE_DW_SILVER'
[0m14:04:36.807669 [debug] [ThreadPool]: Using snowflake connection "list_FINANCE_DW_SILVER"
[0m14:04:36.807876 [debug] [ThreadPool]: On list_FINANCE_DW_SILVER: show objects in FINANCE_DW.SILVER
    limit 10000
    

/* {"app": "dbt", "dbt_version": "1.12.0", "profile_name": "dbt_project", "target_name": "dev", "connection_name": "list_FINANCE_DW_SILVER"} */;
[0m14:04:36.808042 [debug] [ThreadPool]: Opening a new connection, currently in state init
[0m14:04:37.204443 [debug] [ThreadPool]: SQL status: SUCCESS 0 in 0.396 seconds
[0m14:04:37.208280 [debug] [ThreadPool]: Using snowflake connection "list_FINANCE_DW_SILVER"
[0m14:04:37.208520 [debug] [ThreadPool]: On list_FINANCE_DW_SILVER: show user functions in FINANCE_DW.SILVER
/* {"app": "dbt", "dbt_version": "1.12.0", "profile_name": "dbt_project", "target_name": "dev", "connection_name": "list_FINANCE_DW_SILVER"} */
[0m14:04:37.357367 [debug] [ThreadPool]: SQL status: SUCCESS 0 in 0.148 seconds
[0m14:04:37.360960 [debug] [MainThread]: Sending event: {'category': 'dbt', 'action': 'runnable_timing', 'label': '31231b12-266e-4b7d-acfc-7cb0187b5bec', 'context': [<snowplow_tracker.self_describing_json.SelfDescribingJson object at 0x0000020FDCD0A9C0>]}
[0m14:04:37.369304 [debug] [Thread-2 (]: Began running node model.real_estate_pipeline.stg_customers
[0m14:04:37.369916 [info ] [Thread-2 (]: 1 of 1 START sql view model SILVER.stg_customers ............................... [RUN]
[0m14:04:37.370691 [debug] [Thread-2 (]: Acquiring new snowflake connection 'model.real_estate_pipeline.stg_customers'
[0m14:04:37.371154 [debug] [Thread-2 (]: Began compiling node model.real_estate_pipeline.stg_customers
[0m14:04:37.376051 [debug] [Thread-2 (]: Writing injected SQL for node "model.real_estate_pipeline.stg_customers"
[0m14:04:37.376952 [debug] [Thread-2 (]: Began executing node model.real_estate_pipeline.stg_customers
[0m14:04:37.397791 [debug] [Thread-2 (]: Writing runtime sql for node "model.real_estate_pipeline.stg_customers"
[0m14:04:37.398887 [debug] [Thread-2 (]: Using snowflake connection "model.real_estate_pipeline.stg_customers"
[0m14:04:37.399265 [debug] [Thread-2 (]: On model.real_estate_pipeline.stg_customers: create or replace   view FINANCE_DW.SILVER.stg_customers
  
  
  
  
  as (
    with source as (
    select * from FINANCE_DW.BRONZE.RAW_CUSTOMERS
)

select 
    $1::int as customer_id,
    $2::string as first_name,
    $3::string as last_name,
    $4::string as email,
    $5::timestamp as created_at
from source
  )
/* {"app": "dbt", "dbt_version": "1.12.0", "profile_name": "dbt_project", "target_name": "dev", "node_id": "model.real_estate_pipeline.stg_customers"} */;
[0m14:04:37.399507 [debug] [Thread-2 (]: Opening a new connection, currently in state init
[0m14:04:38.029252 [debug] [Thread-2 (]: SQL status: SUCCESS 1 in 0.629 seconds
[0m14:04:38.046351 [debug] [Thread-2 (]: Sending event: {'category': 'dbt', 'action': 'run_model', 'label': '31231b12-266e-4b7d-acfc-7cb0187b5bec', 'context': [<snowplow_tracker.self_describing_json.SelfDescribingJson object at 0x0000020FDCD6D0D0>]}
[0m14:04:38.046765 [info ] [Thread-2 (]: 1 of 1 OK created sql view model SILVER.stg_customers .......................... [[32mSUCCESS 1[0m in 0.67s]
[0m14:04:38.047264 [debug] [Thread-2 (]: Finished running node model.real_estate_pipeline.stg_customers
[0m14:04:38.048425 [debug] [MainThread]: Connection 'master' was properly closed.
[0m14:04:38.048623 [debug] [MainThread]: Connection 'list_FINANCE_DW' was left open.
[0m14:04:38.048798 [debug] [MainThread]: On list_FINANCE_DW: Close
[0m14:04:38.184341 [debug] [MainThread]: Connection 'list_FINANCE_DW_SILVER' was left open.
[0m14:04:38.184805 [debug] [MainThread]: On list_FINANCE_DW_SILVER: Close
[0m14:04:38.338544 [debug] [MainThread]: Connection 'model.real_estate_pipeline.stg_customers' was left open.
[0m14:04:38.338826 [debug] [MainThread]: On model.real_estate_pipeline.stg_customers: Close
[0m14:04:38.516325 [info ] [MainThread]: 
[0m14:04:38.517565 [info ] [MainThread]: Finished running 1 view model in 0 hours 0 minutes and 3.89 seconds (3.89s).
[0m14:04:38.519376 [debug] [MainThread]: Command end result
[0m14:04:38.545889 [debug] [MainThread]: Wrote artifact WritableManifest to C:\Users\user\Desktop\Finance-Bank\real_estate_pipeline\dbt_project\target\manifest.json
[0m14:04:38.548081 [debug] [MainThread]: Wrote artifact SemanticManifest to C:\Users\user\Desktop\Finance-Bank\real_estate_pipeline\dbt_project\target\semantic_manifest.json
[0m14:04:38.549977 [debug] [MainThread]: Wrote artifact OsiDocument to C:\Users\user\Desktop\Finance-Bank\real_estate_pipeline\dbt_project\target\osi_document.json
[0m14:04:38.554559 [debug] [MainThread]: Wrote artifact RunExecutionResult to C:\Users\user\Desktop\Finance-Bank\real_estate_pipeline\dbt_project\target\run_results.json
[0m14:04:38.554793 [info ] [MainThread]: 
[0m14:04:38.555178 [info ] [MainThread]: [32mCompleted successfully[0m
[0m14:04:38.555625 [info ] [MainThread]: 
[0m14:04:38.556020 [info ] [MainThread]: Done. PASS=1 WARN=0 ERROR=0 SKIP=0 NO-OP=0 REUSED=0 TOTAL=1
[0m14:04:38.556616 [debug] [MainThread]: Command `python -m dbt.cli.main run` succeeded at 14:04:38.556528 after 5.38 seconds
[0m14:04:38.556860 [debug] [MainThread]: Sending event: {'category': 'dbt', 'action': 'invocation', 'label': 'end', 'context': [<snowplow_tracker.self_describing_json.SelfDescribingJson object at 0x0000020FDCDC1F40>, <snowplow_tracker.self_describing_json.SelfDescribingJson object at 0x0000020FDCBE7430>, <snowplow_tracker.self_describing_json.SelfDescribingJson object at 0x0000020FDCBE7390>]}
[0m14:04:38.557074 [debug] [MainThread]: Flushing usage events
[0m14:04:39.171670 [debug] [MainThread]: An error was encountered while trying to flush usage events
[0m14:06:40.796304 [debug] [MainThread]: Sending event: {'category': 'dbt', 'action': 'invocation', 'label': 'start', 'context': [<snowplow_tracker.self_describing_json.SelfDescribingJson object at 0x000001C9B58A9010>, <snowplow_tracker.self_describing_json.SelfDescribingJson object at 0x000001C9B315CE10>, <snowplow_tracker.self_describing_json.SelfDescribingJson object at 0x000001C9B82B39D0>]}


============================== 14:06:40.802934 | 5c095270-a429-4097-9c0b-564dd447f5f0 ==============================
[0m14:06:40.802934 [info ] [MainThread]: Running with dbt=1.12.0
[0m14:06:40.803473 [debug] [MainThread]: running dbt with arguments {'version_check': 'True', 'no_print': 'None', 'static_parser': 'True', 'warn_error_options': 'WarnErrorOptionsV2(error=[], warn=[], silence=[])', 'target_path': 'None', 'maximum_seed_size_mib': '1', 'printer_width': '80', 'write_json': 'True', 'empty': 'False', 'log_cache_events': 'False', 'introspect': 'True', 'cache_selected_only': 'False', 'log_format': 'default', 'debug': 'False', 'fail_fast': 'False', 'profiles_dir': 'C:\\Users\\user\\Desktop\\Finance-Bank\\real_estate_pipeline\\dbt_project', 'send_anonymous_usage_stats': 'True', 'quiet': 'False', 'warn_error': 'None', 'partial_parse': 'True', 'use_colors': 'True', 'hints_enabled': 'True', 'indirect_selection': 'eager', 'use_experimental_parser': 'False', 'invocation_command': 'dbt run --select silver', 'log_path': 'C:\\Users\\user\\Desktop\\Finance-Bank\\real_estate_pipeline\\dbt_project\\logs'}
[0m14:06:41.392940 [debug] [MainThread]: Snowflake adapter: Setting snowflake.connector to ERROR (file logging only)
[0m14:06:41.393258 [debug] [MainThread]: Snowflake adapter: Setting botocore to ERROR (file logging only)
[0m14:06:41.393452 [debug] [MainThread]: Snowflake adapter: Setting boto3 to ERROR (file logging only)
[0m14:06:41.548275 [debug] [MainThread]: Sending event: {'category': 'dbt', 'action': 'project_id', 'label': '5c095270-a429-4097-9c0b-564dd447f5f0', 'context': [<snowplow_tracker.self_describing_json.SelfDescribingJson object at 0x000001C9DA62D0F0>]}
[0m14:06:41.590567 [debug] [MainThread]: Sending event: {'category': 'dbt', 'action': 'adapter_info', 'label': '5c095270-a429-4097-9c0b-564dd447f5f0', 'context': [<snowplow_tracker.self_describing_json.SelfDescribingJson object at 0x000001C9B30A8380>]}
[0m14:06:41.591810 [info ] [MainThread]: Registered adapter: snowflake=1.12.0
[0m14:06:41.764637 [debug] [MainThread]: checksum: 17b8c0eed372bdc76158915a5b86153b95ebcdfebef695d6713d3c569800f71e, vars: {}, profile: dbt_project, target: dev, version: 1.12.0
[0m14:06:41.853283 [debug] [MainThread]: Partial parsing enabled: 0 files deleted, 0 files added, 3 files changed.
[0m14:06:41.853677 [debug] [MainThread]: Partial parsing: updated file: real_estate_pipeline://models\silver\stg_transactions.sql
[0m14:06:41.853916 [debug] [MainThread]: Partial parsing: updated file: real_estate_pipeline://models\silver\stg_accounts.sql
[0m14:06:41.854128 [debug] [MainThread]: Partial parsing: updated file: real_estate_pipeline://models\silver\stg_loans.sql
[0m14:06:42.041139 [warn ] [MainThread]: [[33mWARNING[0m]: Configuration paths exist in your dbt_project.yml file which do not apply to any resources.
There are 1 unused configuration paths:
- models.real_estate_pipeline.bronze
[0m14:06:42.043877 [debug] [MainThread]: Sending event: {'category': 'dbt', 'action': 'load_project', 'label': '5c095270-a429-4097-9c0b-564dd447f5f0', 'context': [<snowplow_tracker.self_describing_json.SelfDescribingJson object at 0x000001C9DBD1CE50>]}
[0m14:06:42.104769 [debug] [MainThread]: Wrote artifact WritableManifest to C:\Users\user\Desktop\Finance-Bank\real_estate_pipeline\dbt_project\target\manifest.json
[0m14:06:42.107209 [debug] [MainThread]: Wrote artifact SemanticManifest to C:\Users\user\Desktop\Finance-Bank\real_estate_pipeline\dbt_project\target\semantic_manifest.json
[0m14:06:42.124472 [debug] [MainThread]: Wrote artifact OsiDocument to C:\Users\user\Desktop\Finance-Bank\real_estate_pipeline\dbt_project\target\osi_document.json
[0m14:06:42.132438 [debug] [MainThread]: Sending event: {'category': 'dbt', 'action': 'resource_counts', 'label': '5c095270-a429-4097-9c0b-564dd447f5f0', 'context': [<snowplow_tracker.self_describing_json.SelfDescribingJson object at 0x000001C9DC00B980>]}
[0m14:06:42.132790 [info ] [MainThread]: Found 8 models, 4 sources, 545 macros
[0m14:06:42.133068 [debug] [MainThread]: Sending event: {'category': 'dbt', 'action': 'runnable_timing', 'label': '5c095270-a429-4097-9c0b-564dd447f5f0', 'context': [<snowplow_tracker.self_describing_json.SelfDescribingJson object at 0x000001C9DC026270>]}
[0m14:06:42.134268 [info ] [MainThread]: 
[0m14:06:42.134561 [info ] [MainThread]: Concurrency: 4 threads (target='dev')
[0m14:06:42.134830 [info ] [MainThread]: 
[0m14:06:42.135221 [debug] [MainThread]: Acquiring new snowflake connection 'master'
[0m14:06:42.138168 [debug] [ThreadPool]: Acquiring new snowflake connection 'list_FINANCE_DW'
[0m14:06:42.148233 [debug] [ThreadPool]: Using snowflake connection "list_FINANCE_DW"
[0m14:06:42.148586 [debug] [ThreadPool]: On list_FINANCE_DW: show terse schemas in database FINANCE_DW
    limit 10000
/* {"app": "dbt", "dbt_version": "1.12.0", "profile_name": "dbt_project", "target_name": "dev", "connection_name": "list_FINANCE_DW"} */
[0m14:06:42.148906 [debug] [ThreadPool]: Opening a new connection, currently in state init
[0m14:06:43.826131 [debug] [ThreadPool]: SQL status: SUCCESS 5 in 1.677 seconds
[0m14:06:43.830275 [debug] [ThreadPool]: Acquiring new snowflake connection 'list_FINANCE_DW_SILVER'
[0m14:06:43.839584 [debug] [ThreadPool]: Using snowflake connection "list_FINANCE_DW_SILVER"
[0m14:06:43.839798 [debug] [ThreadPool]: On list_FINANCE_DW_SILVER: show objects in FINANCE_DW.SILVER
    limit 10000
    

/* {"app": "dbt", "dbt_version": "1.12.0", "profile_name": "dbt_project", "target_name": "dev", "connection_name": "list_FINANCE_DW_SILVER"} */;
[0m14:06:43.840134 [debug] [ThreadPool]: Opening a new connection, currently in state init
[0m14:06:45.106342 [debug] [ThreadPool]: SQL status: SUCCESS 1 in 1.266 seconds
[0m14:06:45.111672 [debug] [ThreadPool]: Using snowflake connection "list_FINANCE_DW_SILVER"
[0m14:06:45.111894 [debug] [ThreadPool]: On list_FINANCE_DW_SILVER: show user functions in FINANCE_DW.SILVER
/* {"app": "dbt", "dbt_version": "1.12.0", "profile_name": "dbt_project", "target_name": "dev", "connection_name": "list_FINANCE_DW_SILVER"} */
[0m14:06:45.219663 [debug] [ThreadPool]: SQL status: SUCCESS 0 in 0.107 seconds
[0m14:06:45.223627 [debug] [MainThread]: Sending event: {'category': 'dbt', 'action': 'runnable_timing', 'label': '5c095270-a429-4097-9c0b-564dd447f5f0', 'context': [<snowplow_tracker.self_describing_json.SelfDescribingJson object at 0x000001C9DC196820>]}
[0m14:06:45.230300 [debug] [Thread-3 (]: Began running node model.real_estate_pipeline.stg_customers
[0m14:06:45.230939 [debug] [Thread-4 (]: Began running node model.real_estate_pipeline.stg_loans
[0m14:06:45.230704 [info ] [Thread-3 (]: 2 of 4 START sql view model SILVER.stg_customers ............................... [RUN]
[0m14:06:45.231641 [debug] [Thread-3 (]: Acquiring new snowflake connection 'model.real_estate_pipeline.stg_customers'
[0m14:06:45.231841 [debug] [Thread-3 (]: Began compiling node model.real_estate_pipeline.stg_customers
[0m14:06:45.235732 [debug] [Thread-3 (]: Writing injected SQL for node "model.real_estate_pipeline.stg_customers"
[0m14:06:45.236073 [debug] [Thread-2 (]: Began running node model.real_estate_pipeline.stg_accounts
[0m14:06:45.236421 [debug] [Thread-5 (]: Began running node model.real_estate_pipeline.stg_transactions
[0m14:06:45.237037 [info ] [Thread-2 (]: 1 of 4 START sql view model SILVER.stg_accounts ................................ [RUN]
[0m14:06:45.238614 [debug] [Thread-2 (]: Acquiring new snowflake connection 'model.real_estate_pipeline.stg_accounts'
[0m14:06:45.238860 [debug] [Thread-2 (]: Began compiling node model.real_estate_pipeline.stg_accounts
[0m14:06:45.240242 [debug] [Thread-2 (]: Writing injected SQL for node "model.real_estate_pipeline.stg_accounts"
[0m14:06:45.231267 [info ] [Thread-4 (]: 3 of 4 START sql view model SILVER.stg_loans ................................... [RUN]
[0m14:06:45.240785 [debug] [Thread-4 (]: Acquiring new snowflake connection 'model.real_estate_pipeline.stg_loans'
[0m14:06:45.241037 [debug] [Thread-4 (]: Began compiling node model.real_estate_pipeline.stg_loans
[0m14:06:45.237984 [debug] [Thread-3 (]: Began executing node model.real_estate_pipeline.stg_customers
[0m14:06:45.242560 [debug] [Thread-4 (]: Writing injected SQL for node "model.real_estate_pipeline.stg_loans"
[0m14:06:45.237439 [info ] [Thread-5 (]: 4 of 4 START sql view model SILVER.stg_transactions ............................ [RUN]
[0m14:06:45.263525 [debug] [Thread-5 (]: Acquiring new snowflake connection 'model.real_estate_pipeline.stg_transactions'
[0m14:06:45.264238 [debug] [Thread-5 (]: Began compiling node model.real_estate_pipeline.stg_transactions
[0m14:06:45.262683 [debug] [Thread-3 (]: Writing runtime sql for node "model.real_estate_pipeline.stg_customers"
[0m14:06:45.263875 [debug] [Thread-2 (]: Began executing node model.real_estate_pipeline.stg_accounts
[0m14:06:45.267280 [debug] [Thread-2 (]: Writing runtime sql for node "model.real_estate_pipeline.stg_accounts"
[0m14:06:45.265611 [debug] [Thread-5 (]: Writing injected SQL for node "model.real_estate_pipeline.stg_transactions"
[0m14:06:45.268051 [debug] [Thread-3 (]: Using snowflake connection "model.real_estate_pipeline.stg_customers"
[0m14:06:45.268705 [debug] [Thread-3 (]: On model.real_estate_pipeline.stg_customers: create or replace   view FINANCE_DW.SILVER.stg_customers
  
  
  
  
  as (
    with source as (
    select * from FINANCE_DW.BRONZE.RAW_CUSTOMERS
)

select 
    $1::int as customer_id,
    $2::string as first_name,
    $3::string as last_name,
    $4::string as email,
    $5::timestamp as created_at
from source
  )
/* {"app": "dbt", "dbt_version": "1.12.0", "profile_name": "dbt_project", "target_name": "dev", "node_id": "model.real_estate_pipeline.stg_customers"} */;
[0m14:06:45.268942 [debug] [Thread-3 (]: Opening a new connection, currently in state init
[0m14:06:45.268339 [debug] [Thread-4 (]: Began executing node model.real_estate_pipeline.stg_loans
[0m14:06:45.270916 [debug] [Thread-4 (]: Writing runtime sql for node "model.real_estate_pipeline.stg_loans"
[0m14:06:45.271210 [debug] [Thread-5 (]: Began executing node model.real_estate_pipeline.stg_transactions
[0m14:06:45.269491 [debug] [Thread-2 (]: Using snowflake connection "model.real_estate_pipeline.stg_accounts"
[0m14:06:45.272998 [debug] [Thread-2 (]: On model.real_estate_pipeline.stg_accounts: create or replace   view FINANCE_DW.SILVER.stg_accounts
  
  
  
  
  as (
    with source as (
    select * from FINANCE_DW.BRONZE.RAW_ACCOUNTS
)

select 
    $1::int as account_id,
    $2::int as customer_id,
    trim($3)::varchar as account_type,
    $4::numeric(15,2) as balance,
    $5::timestamp as created_at
from source
  )
/* {"app": "dbt", "dbt_version": "1.12.0", "profile_name": "dbt_project", "target_name": "dev", "node_id": "model.real_estate_pipeline.stg_accounts"} */;
[0m14:06:45.273415 [debug] [Thread-2 (]: Opening a new connection, currently in state init
[0m14:06:45.272729 [debug] [Thread-5 (]: Writing runtime sql for node "model.real_estate_pipeline.stg_transactions"
[0m14:06:45.274682 [debug] [Thread-4 (]: Using snowflake connection "model.real_estate_pipeline.stg_loans"
[0m14:06:45.274969 [debug] [Thread-4 (]: On model.real_estate_pipeline.stg_loans: create or replace   view FINANCE_DW.SILVER.stg_loans
  
  
  
  
  as (
    with source as (
    select * from FINANCE_DW.BRONZE.RAW_LOANS
)

select 
    $1::int as loan_id,
    $2::int as customer_id,
    $3::numeric(15,2) as loan_amount,
    $4::numeric(5,2) as interest_rate,
    $5::int as term_months,
    trim($6)::varchar as loan_status,
    $7::date as start_date
from source
  )
/* {"app": "dbt", "dbt_version": "1.12.0", "profile_name": "dbt_project", "target_name": "dev", "node_id": "model.real_estate_pipeline.stg_loans"} */;
[0m14:06:45.275746 [debug] [Thread-4 (]: Opening a new connection, currently in state init
[0m14:06:45.277243 [debug] [Thread-5 (]: Using snowflake connection "model.real_estate_pipeline.stg_transactions"
[0m14:06:45.277498 [debug] [Thread-5 (]: On model.real_estate_pipeline.stg_transactions: create or replace   view FINANCE_DW.SILVER.stg_transactions
  
  
  
  
  as (
    with source as (
    select * from FINANCE_DW.BRONZE.RAW_TRANSACTIONS
)

select 
    $1::int as transaction_id,
    $2::int as account_id,
    $3::timestamp as transaction_date,
    $4::numeric(15,2) as amount,
    trim($5)::varchar as transaction_type
from source
  )
/* {"app": "dbt", "dbt_version": "1.12.0", "profile_name": "dbt_project", "target_name": "dev", "node_id": "model.real_estate_pipeline.stg_transactions"} */;
[0m14:06:45.277852 [debug] [Thread-5 (]: Opening a new connection, currently in state init
[0m14:06:45.775284 [debug] [Thread-2 (]: Snowflake adapter: Snowflake query id: 01c5e6b2-0001-f193-0002-a6b6000b8352
[0m14:06:45.776110 [debug] [Thread-2 (]: Snowflake adapter: Snowflake error: 001007 (22023): SQL compilation error:
invalid type [CAST(SOURCE.$5 AS TIMESTAMP_NTZ(9))] for parameter 'TO_TIMESTAMP_NTZ'
[0m14:06:45.779638 [debug] [Thread-2 (]: Database Error in model stg_accounts (models\silver\stg_accounts.sql)
  001007 (22023): SQL compilation error:
  invalid type [CAST(SOURCE.$5 AS TIMESTAMP_NTZ(9))] for parameter 'TO_TIMESTAMP_NTZ'
  compiled code at target\run\real_estate_pipeline\models\silver\stg_accounts.sql
[0m14:06:45.781032 [debug] [Thread-2 (]: Sending event: {'category': 'dbt', 'action': 'run_model', 'label': '5c095270-a429-4097-9c0b-564dd447f5f0', 'context': [<snowplow_tracker.self_describing_json.SelfDescribingJson object at 0x000001C9DC1DF350>]}
[0m14:06:45.781434 [error] [Thread-2 (]: 1 of 4 ERROR creating sql view model SILVER.stg_accounts ....................... [[31mERROR[0m in 0.54s]
[0m14:06:45.781855 [debug] [Thread-2 (]: Finished running node model.real_estate_pipeline.stg_accounts
[0m14:06:45.782178 [debug] [Thread-8 (]: Marking all children of 'model.real_estate_pipeline.stg_accounts' to be skipped because of status 'error'.  Reason: Database Error in model stg_accounts (models\silver\stg_accounts.sql)
  001007 (22023): SQL compilation error:
  invalid type [CAST(SOURCE.$5 AS TIMESTAMP_NTZ(9))] for parameter 'TO_TIMESTAMP_NTZ'
  compiled code at target\run\real_estate_pipeline\models\silver\stg_accounts.sql.
[0m14:06:45.891867 [debug] [Thread-4 (]: SQL status: SUCCESS 1 in 0.616 seconds
[0m14:06:45.896375 [debug] [Thread-3 (]: SQL status: SUCCESS 1 in 0.627 seconds
[0m14:06:45.916234 [debug] [Thread-4 (]: Sending event: {'category': 'dbt', 'action': 'run_model', 'label': '5c095270-a429-4097-9c0b-564dd447f5f0', 'context': [<snowplow_tracker.self_describing_json.SelfDescribingJson object at 0x000001C9DC3DBC20>]}
[0m14:06:45.916647 [info ] [Thread-4 (]: 3 of 4 OK created sql view model SILVER.stg_loans .............................. [[32mSUCCESS 1[0m in 0.68s]
[0m14:06:45.917866 [debug] [Thread-4 (]: Finished running node model.real_estate_pipeline.stg_loans
[0m14:06:45.918533 [debug] [Thread-3 (]: Sending event: {'category': 'dbt', 'action': 'run_model', 'label': '5c095270-a429-4097-9c0b-564dd447f5f0', 'context': [<snowplow_tracker.self_describing_json.SelfDescribingJson object at 0x000001C9DC4A4190>]}
[0m14:06:45.917541 [debug] [Thread-5 (]: SQL status: SUCCESS 1 in 0.640 seconds
[0m14:06:45.920283 [debug] [Thread-5 (]: Sending event: {'category': 'dbt', 'action': 'run_model', 'label': '5c095270-a429-4097-9c0b-564dd447f5f0', 'context': [<snowplow_tracker.self_describing_json.SelfDescribingJson object at 0x000001C9DBCAAFD0>]}
[0m14:06:45.918886 [info ] [Thread-3 (]: 2 of 4 OK created sql view model SILVER.stg_customers .......................... [[32mSUCCESS 1[0m in 0.69s]
[0m14:06:45.920949 [debug] [Thread-3 (]: Finished running node model.real_estate_pipeline.stg_customers
[0m14:06:45.920617 [info ] [Thread-5 (]: 4 of 4 OK created sql view model SILVER.stg_transactions ....................... [[32mSUCCESS 1[0m in 0.66s]
[0m14:06:45.921440 [debug] [Thread-5 (]: Finished running node model.real_estate_pipeline.stg_transactions
[0m14:06:45.922481 [debug] [MainThread]: Connection 'master' was properly closed.
[0m14:06:45.922677 [debug] [MainThread]: Connection 'list_FINANCE_DW' was left open.
[0m14:06:45.922900 [debug] [MainThread]: On list_FINANCE_DW: Close
[0m14:06:46.132727 [debug] [MainThread]: Connection 'list_FINANCE_DW_SILVER' was left open.
[0m14:06:46.133059 [debug] [MainThread]: On list_FINANCE_DW_SILVER: Close
[0m14:06:46.301499 [debug] [MainThread]: Connection 'model.real_estate_pipeline.stg_customers' was left open.
[0m14:06:46.302327 [debug] [MainThread]: On model.real_estate_pipeline.stg_customers: Close
[0m14:06:46.469559 [debug] [MainThread]: Connection 'model.real_estate_pipeline.stg_accounts' was left open.
[0m14:06:46.470378 [debug] [MainThread]: On model.real_estate_pipeline.stg_accounts: Close
[0m14:06:46.630026 [debug] [MainThread]: Connection 'model.real_estate_pipeline.stg_loans' was left open.
[0m14:06:46.630868 [debug] [MainThread]: On model.real_estate_pipeline.stg_loans: Close
[0m14:06:46.801824 [debug] [MainThread]: Connection 'model.real_estate_pipeline.stg_transactions' was left open.
[0m14:06:46.802703 [debug] [MainThread]: On model.real_estate_pipeline.stg_transactions: Close
[0m14:06:46.980364 [info ] [MainThread]: 
[0m14:06:46.981381 [info ] [MainThread]: Finished running 4 view models in 0 hours 0 minutes and 4.85 seconds (4.85s).
[0m14:06:46.983135 [debug] [MainThread]: Command end result
[0m14:06:47.005944 [debug] [MainThread]: Wrote artifact WritableManifest to C:\Users\user\Desktop\Finance-Bank\real_estate_pipeline\dbt_project\target\manifest.json
[0m14:06:47.008139 [debug] [MainThread]: Wrote artifact SemanticManifest to C:\Users\user\Desktop\Finance-Bank\real_estate_pipeline\dbt_project\target\semantic_manifest.json
[0m14:06:47.010260 [debug] [MainThread]: Wrote artifact OsiDocument to C:\Users\user\Desktop\Finance-Bank\real_estate_pipeline\dbt_project\target\osi_document.json
[0m14:06:47.015331 [debug] [MainThread]: Wrote artifact RunExecutionResult to C:\Users\user\Desktop\Finance-Bank\real_estate_pipeline\dbt_project\target\run_results.json
[0m14:06:47.015562 [info ] [MainThread]: 
[0m14:06:47.015953 [info ] [MainThread]: [31mCompleted with 1 error, 0 partial successes, and 0 warnings:[0m
[0m14:06:47.016287 [info ] [MainThread]: 
[0m14:06:47.016612 [error] [MainThread]: [[31mERROR[0m]: in model stg_accounts (models\silver\stg_accounts.sql)
[0m14:06:47.016929 [error] [MainThread]:   Database Error in model stg_accounts (models\silver\stg_accounts.sql)
  001007 (22023): SQL compilation error:
  invalid type [CAST(SOURCE.$5 AS TIMESTAMP_NTZ(9))] for parameter 'TO_TIMESTAMP_NTZ'
  compiled code at target\run\real_estate_pipeline\models\silver\stg_accounts.sql
[0m14:06:47.017173 [info ] [MainThread]: 
[0m14:06:47.017432 [info ] [MainThread]:   compiled code at target\compiled\real_estate_pipeline\models\silver\stg_accounts.sql
[0m14:06:47.017686 [info ] [MainThread]: 
[0m14:06:47.017949 [info ] [MainThread]: Done. PASS=3 WARN=0 ERROR=1 SKIP=0 NO-OP=0 REUSED=0 TOTAL=4
[0m14:06:47.018427 [debug] [MainThread]: Command `python -m dbt.cli.main run` failed at 14:06:47.018354 after 6.32 seconds
[0m14:06:47.018676 [debug] [MainThread]: Sending event: {'category': 'dbt', 'action': 'invocation', 'label': 'end', 'context': [<snowplow_tracker.self_describing_json.SelfDescribingJson object at 0x000001C9B8301940>, <snowplow_tracker.self_describing_json.SelfDescribingJson object at 0x000001C9B7F5DFD0>, <snowplow_tracker.self_describing_json.SelfDescribingJson object at 0x000001C9B642F5F0>]}
[0m14:06:47.018918 [debug] [MainThread]: Flushing usage events
[0m14:06:47.698421 [debug] [MainThread]: An error was encountered while trying to flush usage events
[0m14:08:25.836814 [debug] [MainThread]: Sending event: {'category': 'dbt', 'action': 'invocation', 'label': 'start', 'context': [<snowplow_tracker.self_describing_json.SelfDescribingJson object at 0x0000018E18AB9010>, <snowplow_tracker.self_describing_json.SelfDescribingJson object at 0x0000018E1636CE10>, <snowplow_tracker.self_describing_json.SelfDescribingJson object at 0x0000018E1B4C39D0>]}


============================== 14:08:25.844079 | 054f7aca-5ccd-4cd7-878c-09bcdf01c31a ==============================
[0m14:08:25.844079 [info ] [MainThread]: Running with dbt=1.12.0
[0m14:08:25.844689 [debug] [MainThread]: running dbt with arguments {'maximum_seed_size_mib': '1', 'no_print': 'None', 'version_check': 'True', 'warn_error_options': 'WarnErrorOptionsV2(error=[], warn=[], silence=[])', 'static_parser': 'True', 'target_path': 'None', 'printer_width': '80', 'write_json': 'True', 'introspect': 'True', 'log_cache_events': 'False', 'empty': 'False', 'cache_selected_only': 'False', 'fail_fast': 'False', 'debug': 'False', 'log_format': 'default', 'partial_parse': 'True', 'send_anonymous_usage_stats': 'True', 'quiet': 'False', 'warn_error': 'None', 'profiles_dir': 'C:\\Users\\user\\Desktop\\Finance-Bank\\real_estate_pipeline\\dbt_project', 'use_colors': 'True', 'hints_enabled': 'True', 'indirect_selection': 'eager', 'use_experimental_parser': 'False', 'invocation_command': 'dbt run --select stg_accounts', 'log_path': 'C:\\Users\\user\\Desktop\\Finance-Bank\\real_estate_pipeline\\dbt_project\\logs'}
[0m14:08:26.510524 [debug] [MainThread]: Snowflake adapter: Setting snowflake.connector to ERROR (file logging only)
[0m14:08:26.510858 [debug] [MainThread]: Snowflake adapter: Setting botocore to ERROR (file logging only)
[0m14:08:26.511066 [debug] [MainThread]: Snowflake adapter: Setting boto3 to ERROR (file logging only)
[0m14:08:26.667448 [debug] [MainThread]: Sending event: {'category': 'dbt', 'action': 'project_id', 'label': '054f7aca-5ccd-4cd7-878c-09bcdf01c31a', 'context': [<snowplow_tracker.self_describing_json.SelfDescribingJson object at 0x0000018E3D8D90F0>]}
[0m14:08:26.712569 [debug] [MainThread]: Sending event: {'category': 'dbt', 'action': 'adapter_info', 'label': '054f7aca-5ccd-4cd7-878c-09bcdf01c31a', 'context': [<snowplow_tracker.self_describing_json.SelfDescribingJson object at 0x0000018E162B8380>]}
[0m14:08:26.713807 [info ] [MainThread]: Registered adapter: snowflake=1.12.0
[0m14:08:26.886141 [debug] [MainThread]: checksum: 17b8c0eed372bdc76158915a5b86153b95ebcdfebef695d6713d3c569800f71e, vars: {}, profile: dbt_project, target: dev, version: 1.12.0
[0m14:08:26.974689 [debug] [MainThread]: Partial parsing enabled: 0 files deleted, 0 files added, 1 files changed.
[0m14:08:26.975086 [debug] [MainThread]: Partial parsing: updated file: real_estate_pipeline://models\silver\stg_accounts.sql
[0m14:08:27.159684 [warn ] [MainThread]: [[33mWARNING[0m]: Configuration paths exist in your dbt_project.yml file which do not apply to any resources.
There are 1 unused configuration paths:
- models.real_estate_pipeline.bronze
[0m14:08:27.162273 [debug] [MainThread]: Sending event: {'category': 'dbt', 'action': 'load_project', 'label': '054f7aca-5ccd-4cd7-878c-09bcdf01c31a', 'context': [<snowplow_tracker.self_describing_json.SelfDescribingJson object at 0x0000018E3EFCD050>]}
[0m14:08:27.222151 [debug] [MainThread]: Wrote artifact WritableManifest to C:\Users\user\Desktop\Finance-Bank\real_estate_pipeline\dbt_project\target\manifest.json
[0m14:08:27.224909 [debug] [MainThread]: Wrote artifact SemanticManifest to C:\Users\user\Desktop\Finance-Bank\real_estate_pipeline\dbt_project\target\semantic_manifest.json
[0m14:08:27.241868 [debug] [MainThread]: Wrote artifact OsiDocument to C:\Users\user\Desktop\Finance-Bank\real_estate_pipeline\dbt_project\target\osi_document.json
[0m14:08:27.249437 [debug] [MainThread]: Sending event: {'category': 'dbt', 'action': 'resource_counts', 'label': '054f7aca-5ccd-4cd7-878c-09bcdf01c31a', 'context': [<snowplow_tracker.self_describing_json.SelfDescribingJson object at 0x0000018E3F2B3980>]}
[0m14:08:27.249779 [info ] [MainThread]: Found 8 models, 4 sources, 545 macros
[0m14:08:27.250141 [debug] [MainThread]: Sending event: {'category': 'dbt', 'action': 'runnable_timing', 'label': '054f7aca-5ccd-4cd7-878c-09bcdf01c31a', 'context': [<snowplow_tracker.self_describing_json.SelfDescribingJson object at 0x0000018E3F2CE190>]}
[0m14:08:27.251213 [info ] [MainThread]: 
[0m14:08:27.251584 [info ] [MainThread]: Concurrency: 4 threads (target='dev')
[0m14:08:27.251857 [info ] [MainThread]: 
[0m14:08:27.252245 [debug] [MainThread]: Acquiring new snowflake connection 'master'
[0m14:08:27.252952 [debug] [ThreadPool]: Acquiring new snowflake connection 'list_FINANCE_DW'
[0m14:08:27.262968 [debug] [ThreadPool]: Using snowflake connection "list_FINANCE_DW"
[0m14:08:27.263466 [debug] [ThreadPool]: On list_FINANCE_DW: show terse schemas in database FINANCE_DW
    limit 10000
/* {"app": "dbt", "dbt_version": "1.12.0", "profile_name": "dbt_project", "target_name": "dev", "connection_name": "list_FINANCE_DW"} */
[0m14:08:27.264259 [debug] [ThreadPool]: Opening a new connection, currently in state init
[0m14:08:28.556030 [debug] [ThreadPool]: SQL status: SUCCESS 5 in 1.292 seconds
[0m14:08:28.563778 [debug] [ThreadPool]: Acquiring new snowflake connection 'list_FINANCE_DW_SILVER'
[0m14:08:28.573186 [debug] [ThreadPool]: Using snowflake connection "list_FINANCE_DW_SILVER"
[0m14:08:28.573398 [debug] [ThreadPool]: On list_FINANCE_DW_SILVER: show objects in FINANCE_DW.SILVER
    limit 10000
    

/* {"app": "dbt", "dbt_version": "1.12.0", "profile_name": "dbt_project", "target_name": "dev", "connection_name": "list_FINANCE_DW_SILVER"} */;
[0m14:08:28.573560 [debug] [ThreadPool]: Opening a new connection, currently in state init
[0m14:08:29.746430 [debug] [ThreadPool]: SQL status: SUCCESS 3 in 1.173 seconds
[0m14:08:29.753028 [debug] [ThreadPool]: Using snowflake connection "list_FINANCE_DW_SILVER"
[0m14:08:29.753254 [debug] [ThreadPool]: On list_FINANCE_DW_SILVER: show user functions in FINANCE_DW.SILVER
/* {"app": "dbt", "dbt_version": "1.12.0", "profile_name": "dbt_project", "target_name": "dev", "connection_name": "list_FINANCE_DW_SILVER"} */
[0m14:08:29.867584 [debug] [ThreadPool]: SQL status: SUCCESS 0 in 0.114 seconds
[0m14:08:29.871967 [debug] [MainThread]: Sending event: {'category': 'dbt', 'action': 'runnable_timing', 'label': '054f7aca-5ccd-4cd7-878c-09bcdf01c31a', 'context': [<snowplow_tracker.self_describing_json.SelfDescribingJson object at 0x0000018E3F44EA90>]}
[0m14:08:29.877078 [debug] [Thread-2 (]: Began running node model.real_estate_pipeline.stg_accounts
[0m14:08:29.877402 [info ] [Thread-2 (]: 1 of 1 START sql view model SILVER.stg_accounts ................................ [RUN]
[0m14:08:29.877832 [debug] [Thread-2 (]: Acquiring new snowflake connection 'model.real_estate_pipeline.stg_accounts'
[0m14:08:29.878071 [debug] [Thread-2 (]: Began compiling node model.real_estate_pipeline.stg_accounts
[0m14:08:29.881678 [debug] [Thread-2 (]: Writing injected SQL for node "model.real_estate_pipeline.stg_accounts"
[0m14:08:29.882476 [debug] [Thread-2 (]: Began executing node model.real_estate_pipeline.stg_accounts
[0m14:08:29.901125 [debug] [Thread-2 (]: Writing runtime sql for node "model.real_estate_pipeline.stg_accounts"
[0m14:08:29.902156 [debug] [Thread-2 (]: Using snowflake connection "model.real_estate_pipeline.stg_accounts"
[0m14:08:29.902502 [debug] [Thread-2 (]: On model.real_estate_pipeline.stg_accounts: create or replace   view FINANCE_DW.SILVER.stg_accounts
  
  
  
  
  as (
    with source as (
    select * from FINANCE_DW.BRONZE.RAW_ACCOUNTS
)

select 
    $1::int as account_id,
    $2::int as customer_id,
    trim($3)::varchar as account_type,
    $4::numeric(15,2) as balance,
    try_to_timestamp($5::varchar) as created_at
from source
  )
/* {"app": "dbt", "dbt_version": "1.12.0", "profile_name": "dbt_project", "target_name": "dev", "node_id": "model.real_estate_pipeline.stg_accounts"} */;
[0m14:08:29.902771 [debug] [Thread-2 (]: Opening a new connection, currently in state init
[0m14:08:31.023978 [debug] [Thread-2 (]: SQL status: SUCCESS 1 in 1.121 seconds
[0m14:08:31.043059 [debug] [Thread-2 (]: Sending event: {'category': 'dbt', 'action': 'run_model', 'label': '054f7aca-5ccd-4cd7-878c-09bcdf01c31a', 'context': [<snowplow_tracker.self_describing_json.SelfDescribingJson object at 0x0000018E3F4B1790>]}
[0m14:08:31.043465 [info ] [Thread-2 (]: 1 of 1 OK created sql view model SILVER.stg_accounts ........................... [[32mSUCCESS 1[0m in 1.16s]
[0m14:08:31.043958 [debug] [Thread-2 (]: Finished running node model.real_estate_pipeline.stg_accounts
[0m14:08:31.045247 [debug] [MainThread]: Connection 'master' was properly closed.
[0m14:08:31.045448 [debug] [MainThread]: Connection 'list_FINANCE_DW' was left open.
[0m14:08:31.045633 [debug] [MainThread]: On list_FINANCE_DW: Close
[0m14:08:31.255373 [debug] [MainThread]: Connection 'list_FINANCE_DW_SILVER' was left open.
[0m14:08:31.256510 [debug] [MainThread]: On list_FINANCE_DW_SILVER: Close
[0m14:08:31.441348 [debug] [MainThread]: Connection 'model.real_estate_pipeline.stg_accounts' was left open.
[0m14:08:31.442186 [debug] [MainThread]: On model.real_estate_pipeline.stg_accounts: Close
[0m14:08:31.640091 [info ] [MainThread]: 
[0m14:08:31.641534 [info ] [MainThread]: Finished running 1 view model in 0 hours 0 minutes and 4.39 seconds (4.39s).
[0m14:08:31.643448 [debug] [MainThread]: Command end result
[0m14:08:31.670123 [debug] [MainThread]: Wrote artifact WritableManifest to C:\Users\user\Desktop\Finance-Bank\real_estate_pipeline\dbt_project\target\manifest.json
[0m14:08:31.672316 [debug] [MainThread]: Wrote artifact SemanticManifest to C:\Users\user\Desktop\Finance-Bank\real_estate_pipeline\dbt_project\target\semantic_manifest.json
[0m14:08:31.674994 [debug] [MainThread]: Wrote artifact OsiDocument to C:\Users\user\Desktop\Finance-Bank\real_estate_pipeline\dbt_project\target\osi_document.json
[0m14:08:31.679965 [debug] [MainThread]: Wrote artifact RunExecutionResult to C:\Users\user\Desktop\Finance-Bank\real_estate_pipeline\dbt_project\target\run_results.json
[0m14:08:31.680215 [info ] [MainThread]: 
[0m14:08:31.680793 [info ] [MainThread]: [32mCompleted successfully[0m
[0m14:08:31.681248 [info ] [MainThread]: 
[0m14:08:31.681683 [info ] [MainThread]: Done. PASS=1 WARN=0 ERROR=0 SKIP=0 NO-OP=0 REUSED=0 TOTAL=1
[0m14:08:31.682319 [debug] [MainThread]: Command `python -m dbt.cli.main run` succeeded at 14:08:31.682239 after 5.96 seconds
[0m14:08:31.682560 [debug] [MainThread]: Sending event: {'category': 'dbt', 'action': 'invocation', 'label': 'end', 'context': [<snowplow_tracker.self_describing_json.SelfDescribingJson object at 0x0000018E3F5020A0>, <snowplow_tracker.self_describing_json.SelfDescribingJson object at 0x0000018E3F327750>, <snowplow_tracker.self_describing_json.SelfDescribingJson object at 0x0000018E3F327390>]}
[0m14:08:31.682788 [debug] [MainThread]: Flushing usage events
[0m14:08:32.319658 [debug] [MainThread]: An error was encountered while trying to flush usage events
[0m14:17:34.075019 [debug] [MainThread]: Sending event: {'category': 'dbt', 'action': 'invocation', 'label': 'start', 'context': [<snowplow_tracker.self_describing_json.SelfDescribingJson object at 0x000002512427D010>, <snowplow_tracker.self_describing_json.SelfDescribingJson object at 0x0000025121B2CE10>, <snowplow_tracker.self_describing_json.SelfDescribingJson object at 0x0000025126C839D0>]}


============================== 14:17:34.081593 | d67d45b9-d8c2-46ab-be8e-5bbf92f099df ==============================
[0m14:17:34.081593 [info ] [MainThread]: Running with dbt=1.12.0
[0m14:17:34.082095 [debug] [MainThread]: running dbt with arguments {'version_check': 'True', 'no_print': 'None', 'maximum_seed_size_mib': '1', 'warn_error_options': 'WarnErrorOptionsV2(error=[], warn=[], silence=[])', 'static_parser': 'True', 'target_path': 'None', 'printer_width': '80', 'write_json': 'True', 'introspect': 'True', 'log_cache_events': 'False', 'empty': 'False', 'cache_selected_only': 'False', 'fail_fast': 'False', 'debug': 'False', 'log_format': 'default', 'partial_parse': 'True', 'send_anonymous_usage_stats': 'True', 'quiet': 'False', 'warn_error': 'None', 'profiles_dir': 'C:\\Users\\user\\Desktop\\Finance-Bank\\real_estate_pipeline\\dbt_project', 'indirect_selection': 'eager', 'hints_enabled': 'True', 'use_colors': 'True', 'use_experimental_parser': 'False', 'invocation_command': 'dbt run', 'log_path': 'C:\\Users\\user\\Desktop\\Finance-Bank\\real_estate_pipeline\\dbt_project\\logs'}
[0m14:17:34.667586 [debug] [MainThread]: Snowflake adapter: Setting snowflake.connector to ERROR (file logging only)
[0m14:17:34.667907 [debug] [MainThread]: Snowflake adapter: Setting botocore to ERROR (file logging only)
[0m14:17:34.668104 [debug] [MainThread]: Snowflake adapter: Setting boto3 to ERROR (file logging only)
[0m14:17:34.824458 [debug] [MainThread]: Sending event: {'category': 'dbt', 'action': 'project_id', 'label': 'd67d45b9-d8c2-46ab-be8e-5bbf92f099df', 'context': [<snowplow_tracker.self_describing_json.SelfDescribingJson object at 0x0000025148FFD0F0>]}
[0m14:17:34.867481 [debug] [MainThread]: Sending event: {'category': 'dbt', 'action': 'adapter_info', 'label': 'd67d45b9-d8c2-46ab-be8e-5bbf92f099df', 'context': [<snowplow_tracker.self_describing_json.SelfDescribingJson object at 0x0000025121A7C380>]}
[0m14:17:34.868805 [info ] [MainThread]: Registered adapter: snowflake=1.12.0
[0m14:17:35.044920 [debug] [MainThread]: checksum: 17b8c0eed372bdc76158915a5b86153b95ebcdfebef695d6713d3c569800f71e, vars: {}, profile: dbt_project, target: dev, version: 1.12.0
[0m14:17:35.140013 [debug] [MainThread]: Partial parsing enabled: 0 files deleted, 0 files added, 4 files changed.
[0m14:17:35.140409 [debug] [MainThread]: Partial parsing: updated file: real_estate_pipeline://models\silver\stg_accounts.sql
[0m14:17:35.140646 [debug] [MainThread]: Partial parsing: updated file: real_estate_pipeline://models\silver\stg_transactions.sql
[0m14:17:35.140849 [debug] [MainThread]: Partial parsing: updated file: real_estate_pipeline://models\silver\stg_loans.sql
[0m14:17:35.141042 [debug] [MainThread]: Partial parsing: updated file: real_estate_pipeline://models\silver\stg_customers.sql
[0m14:17:35.296548 [error] [MainThread]: [[31mERROR[0m]: Encountered an error:
Compilation Error
  Model 'model.real_estate_pipeline.stg_accounts' (models\silver\stg_accounts.sql) depends on a source named 'bronze_data.raw_accounts' which was not found
[0m14:17:35.297409 [debug] [MainThread]: Command `python -m dbt.cli.main run` failed at 14:17:35.297314 after 1.33 seconds
[0m14:17:35.297658 [debug] [MainThread]: Sending event: {'category': 'dbt', 'action': 'invocation', 'label': 'end', 'context': [<snowplow_tracker.self_describing_json.SelfDescribingJson object at 0x000002514902F450>, <snowplow_tracker.self_describing_json.SelfDescribingJson object at 0x000002514A730150>, <snowplow_tracker.self_describing_json.SelfDescribingJson object at 0x000002514A5F8410>]}
[0m14:17:35.297876 [debug] [MainThread]: Flushing usage events
[0m14:17:35.987793 [debug] [MainThread]: An error was encountered while trying to flush usage events
[0m14:20:40.480929 [debug] [MainThread]: Sending event: {'category': 'dbt', 'action': 'invocation', 'label': 'start', 'context': [<snowplow_tracker.self_describing_json.SelfDescribingJson object at 0x000002E69BB59010>, <snowplow_tracker.self_describing_json.SelfDescribingJson object at 0x000002E6993FCE10>, <snowplow_tracker.self_describing_json.SelfDescribingJson object at 0x000002E69E5639D0>]}


============================== 14:20:40.487683 | 429a1d2d-99ee-4d4c-ab70-f247d3738d5e ==============================
[0m14:20:40.487683 [info ] [MainThread]: Running with dbt=1.12.0
[0m14:20:40.488222 [debug] [MainThread]: running dbt with arguments {'version_check': 'True', 'no_print': 'None', 'maximum_seed_size_mib': '1', 'warn_error_options': 'WarnErrorOptionsV2(error=[], warn=[], silence=[])', 'target_path': 'None', 'static_parser': 'True', 'printer_width': '80', 'write_json': 'True', 'introspect': 'True', 'log_cache_events': 'False', 'empty': 'False', 'cache_selected_only': 'False', 'fail_fast': 'False', 'debug': 'False', 'log_format': 'default', 'profiles_dir': 'C:\\Users\\user\\Desktop\\Finance-Bank\\real_estate_pipeline\\dbt_project', 'send_anonymous_usage_stats': 'True', 'quiet': 'False', 'warn_error': 'None', 'partial_parse': 'True', 'use_colors': 'True', 'hints_enabled': 'True', 'indirect_selection': 'eager', 'use_experimental_parser': 'False', 'invocation_command': 'dbt run', 'log_path': 'C:\\Users\\user\\Desktop\\Finance-Bank\\real_estate_pipeline\\dbt_project\\logs'}
[0m14:20:41.070767 [debug] [MainThread]: Snowflake adapter: Setting snowflake.connector to ERROR (file logging only)
[0m14:20:41.071086 [debug] [MainThread]: Snowflake adapter: Setting botocore to ERROR (file logging only)
[0m14:20:41.071288 [debug] [MainThread]: Snowflake adapter: Setting boto3 to ERROR (file logging only)
[0m14:20:41.228018 [debug] [MainThread]: Sending event: {'category': 'dbt', 'action': 'project_id', 'label': '429a1d2d-99ee-4d4c-ab70-f247d3738d5e', 'context': [<snowplow_tracker.self_describing_json.SelfDescribingJson object at 0x000002E6C08ED0F0>]}
[0m14:20:41.269472 [debug] [MainThread]: Sending event: {'category': 'dbt', 'action': 'adapter_info', 'label': '429a1d2d-99ee-4d4c-ab70-f247d3738d5e', 'context': [<snowplow_tracker.self_describing_json.SelfDescribingJson object at 0x000002E69934C380>]}
[0m14:20:41.270599 [info ] [MainThread]: Registered adapter: snowflake=1.12.0
[0m14:20:41.441788 [debug] [MainThread]: checksum: 17b8c0eed372bdc76158915a5b86153b95ebcdfebef695d6713d3c569800f71e, vars: {}, profile: dbt_project, target: dev, version: 1.12.0
[0m14:20:41.525531 [debug] [MainThread]: Partial parsing enabled: 0 files deleted, 0 files added, 4 files changed.
[0m14:20:41.525924 [debug] [MainThread]: Partial parsing: updated file: real_estate_pipeline://models\silver\stg_accounts.sql
[0m14:20:41.526159 [debug] [MainThread]: Partial parsing: updated file: real_estate_pipeline://models\silver\stg_customers.sql
[0m14:20:41.526388 [debug] [MainThread]: Partial parsing: updated file: real_estate_pipeline://models\silver\stg_loans.sql
[0m14:20:41.526588 [debug] [MainThread]: Partial parsing: updated file: real_estate_pipeline://models\silver\stg_transactions.sql
[0m14:20:41.720525 [warn ] [MainThread]: [[33mWARNING[0m]: Configuration paths exist in your dbt_project.yml file which do not apply to any resources.
There are 1 unused configuration paths:
- models.real_estate_pipeline.bronze
[0m14:20:41.723212 [debug] [MainThread]: Sending event: {'category': 'dbt', 'action': 'load_project', 'label': '429a1d2d-99ee-4d4c-ab70-f247d3738d5e', 'context': [<snowplow_tracker.self_describing_json.SelfDescribingJson object at 0x000002E6C1FD8E50>]}
[0m14:20:41.784963 [debug] [MainThread]: Wrote artifact WritableManifest to C:\Users\user\Desktop\Finance-Bank\real_estate_pipeline\dbt_project\target\manifest.json
[0m14:20:41.787037 [debug] [MainThread]: Wrote artifact SemanticManifest to C:\Users\user\Desktop\Finance-Bank\real_estate_pipeline\dbt_project\target\semantic_manifest.json
[0m14:20:41.803570 [debug] [MainThread]: Wrote artifact OsiDocument to C:\Users\user\Desktop\Finance-Bank\real_estate_pipeline\dbt_project\target\osi_document.json
[0m14:20:41.811587 [debug] [MainThread]: Sending event: {'category': 'dbt', 'action': 'resource_counts', 'label': '429a1d2d-99ee-4d4c-ab70-f247d3738d5e', 'context': [<snowplow_tracker.self_describing_json.SelfDescribingJson object at 0x000002E6C22C7B60>]}
[0m14:20:41.811978 [info ] [MainThread]: Found 8 models, 4 sources, 545 macros
[0m14:20:41.812325 [debug] [MainThread]: Sending event: {'category': 'dbt', 'action': 'runnable_timing', 'label': '429a1d2d-99ee-4d4c-ab70-f247d3738d5e', 'context': [<snowplow_tracker.self_describing_json.SelfDescribingJson object at 0x000002E6C22EA190>]}
[0m14:20:41.813714 [info ] [MainThread]: 
[0m14:20:41.814047 [info ] [MainThread]: Concurrency: 4 threads (target='dev')
[0m14:20:41.814268 [info ] [MainThread]: 
[0m14:20:41.814615 [debug] [MainThread]: Acquiring new snowflake connection 'master'
[0m14:20:41.817685 [debug] [ThreadPool]: Acquiring new snowflake connection 'list_FINANCE_DW'
[0m14:20:41.826756 [debug] [ThreadPool]: Using snowflake connection "list_FINANCE_DW"
[0m14:20:41.827020 [debug] [ThreadPool]: On list_FINANCE_DW: show terse schemas in database FINANCE_DW
    limit 10000
/* {"app": "dbt", "dbt_version": "1.12.0", "profile_name": "dbt_project", "target_name": "dev", "connection_name": "list_FINANCE_DW"} */
[0m14:20:41.827239 [debug] [ThreadPool]: Opening a new connection, currently in state init
[0m14:20:43.201942 [debug] [ThreadPool]: SQL status: SUCCESS 5 in 1.375 seconds
[0m14:20:43.207532 [debug] [ThreadPool]: Acquiring new snowflake connection 'list_FINANCE_DW_SILVER'
[0m14:20:43.218493 [debug] [ThreadPool]: Using snowflake connection "list_FINANCE_DW_SILVER"
[0m14:20:43.218706 [debug] [ThreadPool]: On list_FINANCE_DW_SILVER: show objects in FINANCE_DW.SILVER
    limit 10000
    

/* {"app": "dbt", "dbt_version": "1.12.0", "profile_name": "dbt_project", "target_name": "dev", "connection_name": "list_FINANCE_DW_SILVER"} */;
[0m14:20:43.218902 [debug] [ThreadPool]: Opening a new connection, currently in state init
[0m14:20:43.726345 [debug] [ThreadPool]: SQL status: SUCCESS 4 in 0.507 seconds
[0m14:20:43.732689 [debug] [ThreadPool]: Using snowflake connection "list_FINANCE_DW_SILVER"
[0m14:20:43.732907 [debug] [ThreadPool]: On list_FINANCE_DW_SILVER: show user functions in FINANCE_DW.SILVER
/* {"app": "dbt", "dbt_version": "1.12.0", "profile_name": "dbt_project", "target_name": "dev", "connection_name": "list_FINANCE_DW_SILVER"} */
[0m14:20:43.838648 [debug] [ThreadPool]: SQL status: SUCCESS 0 in 0.105 seconds
[0m14:20:43.843178 [debug] [MainThread]: Sending event: {'category': 'dbt', 'action': 'runnable_timing', 'label': '429a1d2d-99ee-4d4c-ab70-f247d3738d5e', 'context': [<snowplow_tracker.self_describing_json.SelfDescribingJson object at 0x000002E6C245A820>]}
[0m14:20:43.850125 [debug] [Thread-4 (]: Began running node model.real_estate_pipeline.stg_loans
[0m14:20:43.851017 [debug] [Thread-3 (]: Began running node model.real_estate_pipeline.stg_customers
[0m14:20:43.850622 [info ] [Thread-4 (]: 3 of 4 START sql view model SILVER.stg_loans ................................... [RUN]
[0m14:20:43.852011 [debug] [Thread-4 (]: Acquiring new snowflake connection 'model.real_estate_pipeline.stg_loans'
[0m14:20:43.852332 [debug] [Thread-4 (]: Began compiling node model.real_estate_pipeline.stg_loans
[0m14:20:43.857124 [debug] [Thread-4 (]: Writing injected SQL for node "model.real_estate_pipeline.stg_loans"
[0m14:20:43.857443 [debug] [Thread-2 (]: Began running node model.real_estate_pipeline.stg_accounts
[0m14:20:43.858239 [debug] [Thread-5 (]: Began running node model.real_estate_pipeline.stg_transactions
[0m14:20:43.851473 [info ] [Thread-3 (]: 2 of 4 START sql view model SILVER.stg_customers ............................... [RUN]
[0m14:20:43.859081 [debug] [Thread-3 (]: Acquiring new snowflake connection 'model.real_estate_pipeline.stg_customers'
[0m14:20:43.859409 [debug] [Thread-3 (]: Began compiling node model.real_estate_pipeline.stg_customers
[0m14:20:43.860878 [debug] [Thread-3 (]: Writing injected SQL for node "model.real_estate_pipeline.stg_customers"
[0m14:20:43.858647 [info ] [Thread-5 (]: 4 of 4 START sql view model SILVER.stg_transactions ............................ [RUN]
[0m14:20:43.861701 [debug] [Thread-5 (]: Acquiring new snowflake connection 'model.real_estate_pipeline.stg_transactions'
[0m14:20:43.857788 [info ] [Thread-2 (]: 1 of 4 START sql view model SILVER.stg_accounts ................................ [RUN]
[0m14:20:43.862334 [debug] [Thread-2 (]: Acquiring new snowflake connection 'model.real_estate_pipeline.stg_accounts'
[0m14:20:43.862580 [debug] [Thread-2 (]: Began compiling node model.real_estate_pipeline.stg_accounts
[0m14:20:43.861144 [debug] [Thread-4 (]: Began executing node model.real_estate_pipeline.stg_loans
[0m14:20:43.864044 [debug] [Thread-2 (]: Writing injected SQL for node "model.real_estate_pipeline.stg_accounts"
[0m14:20:43.861980 [debug] [Thread-5 (]: Began compiling node model.real_estate_pipeline.stg_transactions
[0m14:20:43.875937 [debug] [Thread-5 (]: Writing injected SQL for node "model.real_estate_pipeline.stg_transactions"
[0m14:20:43.885549 [debug] [Thread-3 (]: Began executing node model.real_estate_pipeline.stg_customers
[0m14:20:43.890765 [debug] [Thread-3 (]: Writing runtime sql for node "model.real_estate_pipeline.stg_customers"
[0m14:20:43.891257 [debug] [Thread-4 (]: Writing runtime sql for node "model.real_estate_pipeline.stg_loans"
[0m14:20:43.891855 [debug] [Thread-5 (]: Began executing node model.real_estate_pipeline.stg_transactions
[0m14:20:43.893272 [debug] [Thread-5 (]: Writing runtime sql for node "model.real_estate_pipeline.stg_transactions"
[0m14:20:43.894030 [debug] [Thread-3 (]: Using snowflake connection "model.real_estate_pipeline.stg_customers"
[0m14:20:43.894323 [debug] [Thread-3 (]: On model.real_estate_pipeline.stg_customers: create or replace   view FINANCE_DW.SILVER.stg_customers
  
  
  
  
  as (
    with source as (
    select
        $1::int as customer_id,
        trim($2)::varchar as first_name,
        trim($3)::varchar as last_name,
        coalesce(trim($4)::varchar, 'N/A') as email,
        $5::timestamp as created_at,
        row_number() over (
            partition by $1::int 
            order by $5::timestamp desc
        ) as rn
    from FINANCE_DW.BRONZE.RAW_CUSTOMERS
)

select
    customer_id,
    first_name,
    last_name,
    email,
    created_at
from source
where rn = 1
  )
/* {"app": "dbt", "dbt_version": "1.12.0", "profile_name": "dbt_project", "target_name": "dev", "node_id": "model.real_estate_pipeline.stg_customers"} */;
[0m14:20:43.894979 [debug] [Thread-3 (]: Opening a new connection, currently in state init
[0m14:20:43.895603 [debug] [Thread-5 (]: Using snowflake connection "model.real_estate_pipeline.stg_transactions"
[0m14:20:43.894686 [debug] [Thread-2 (]: Began executing node model.real_estate_pipeline.stg_accounts
[0m14:20:43.898413 [debug] [Thread-2 (]: Writing runtime sql for node "model.real_estate_pipeline.stg_accounts"
[0m14:20:43.897071 [debug] [Thread-5 (]: On model.real_estate_pipeline.stg_transactions: create or replace   view FINANCE_DW.SILVER.stg_transactions
  
  
  
  
  as (
    with source as (
    select
        $1::int as transaction_id,
        $2::int as account_id,
        $3::timestamp as transaction_date,
        $4::numeric(15,2) as amount,
        trim($5)::varchar as transaction_type,
        row_number() over (
            partition by $1::int 
            order by $3::timestamp desc
        ) as rn
    from FINANCE_DW.BRONZE.RAW_TRANSACTIONS
)

select
    transaction_id,
    account_id,
    transaction_date,
    amount,
    transaction_type
from source
where rn = 1
  )
/* {"app": "dbt", "dbt_version": "1.12.0", "profile_name": "dbt_project", "target_name": "dev", "node_id": "model.real_estate_pipeline.stg_transactions"} */;
[0m14:20:43.896462 [debug] [Thread-4 (]: Using snowflake connection "model.real_estate_pipeline.stg_loans"
[0m14:20:43.899394 [debug] [Thread-4 (]: On model.real_estate_pipeline.stg_loans: create or replace   view FINANCE_DW.SILVER.stg_loans
  
  
  
  
  as (
    with source as (
    select
        $1::int as loan_id,
        $2::int as customer_id,
        $3::numeric(15,2) as loan_amount,
        $4::numeric(5,2) as interest_rate,
        $5::int as term_months,
        trim($6)::varchar as loan_status,
        $7::date as start_date,
        row_number() over (
            partition by $1::int 
            order by $7::date desc
        ) as rn
    from FINANCE_DW.BRONZE.RAW_LOANS
)

select
    loan_id,
    customer_id,
    loan_amount,
    interest_rate,
    term_months,
    loan_status,
    start_date
from source
where rn = 1
  )
/* {"app": "dbt", "dbt_version": "1.12.0", "profile_name": "dbt_project", "target_name": "dev", "node_id": "model.real_estate_pipeline.stg_loans"} */;
[0m14:20:43.899834 [debug] [Thread-4 (]: Opening a new connection, currently in state init
[0m14:20:43.899003 [debug] [Thread-5 (]: Opening a new connection, currently in state init
[0m14:20:43.900446 [debug] [Thread-2 (]: Using snowflake connection "model.real_estate_pipeline.stg_accounts"
[0m14:20:43.901295 [debug] [Thread-2 (]: On model.real_estate_pipeline.stg_accounts: create or replace   view FINANCE_DW.SILVER.stg_accounts
  
  
  
  
  as (
    with source as (
    select
        $1::int as account_id,
        $2::int as customer_id,
        trim($3)::varchar as account_type,
        $4::numeric(15,2) as balance,
        try_to_timestamp($5::varchar) as created_at,
        row_number() over (
            partition by $1::int 
            order by try_to_timestamp($5::varchar) desc
        ) as rn
    from FINANCE_DW.BRONZE.RAW_ACCOUNTS
)

select
    account_id,
    customer_id,
    account_type,
    balance,
    created_at
from source
where rn = 1
  )
/* {"app": "dbt", "dbt_version": "1.12.0", "profile_name": "dbt_project", "target_name": "dev", "node_id": "model.real_estate_pipeline.stg_accounts"} */;
[0m14:20:43.902097 [debug] [Thread-2 (]: Opening a new connection, currently in state init
[0m14:20:44.543293 [debug] [Thread-5 (]: SQL status: SUCCESS 1 in 0.644 seconds
[0m14:20:44.561858 [debug] [Thread-5 (]: Sending event: {'category': 'dbt', 'action': 'run_model', 'label': '429a1d2d-99ee-4d4c-ab70-f247d3738d5e', 'context': [<snowplow_tracker.self_describing_json.SelfDescribingJson object at 0x000002E6C249B110>]}
[0m14:20:44.562267 [info ] [Thread-5 (]: 4 of 4 OK created sql view model SILVER.stg_transactions ....................... [[32mSUCCESS 1[0m in 0.70s]
[0m14:20:44.562691 [debug] [Thread-5 (]: Finished running node model.real_estate_pipeline.stg_transactions
[0m14:20:45.187958 [debug] [Thread-2 (]: SQL status: SUCCESS 1 in 1.286 seconds
[0m14:20:45.192363 [debug] [Thread-2 (]: Sending event: {'category': 'dbt', 'action': 'run_model', 'label': '429a1d2d-99ee-4d4c-ab70-f247d3738d5e', 'context': [<snowplow_tracker.self_describing_json.SelfDescribingJson object at 0x000002E6C2691D30>]}
[0m14:20:45.192766 [info ] [Thread-2 (]: 1 of 4 OK created sql view model SILVER.stg_accounts ........................... [[32mSUCCESS 1[0m in 1.33s]
[0m14:20:45.193736 [debug] [Thread-2 (]: Finished running node model.real_estate_pipeline.stg_accounts
[0m14:20:45.195469 [debug] [Thread-3 (]: SQL status: SUCCESS 1 in 1.300 seconds
[0m14:20:45.198281 [debug] [Thread-3 (]: Sending event: {'category': 'dbt', 'action': 'run_model', 'label': '429a1d2d-99ee-4d4c-ab70-f247d3738d5e', 'context': [<snowplow_tracker.self_describing_json.SelfDescribingJson object at 0x000002E6C24C2A30>]}
[0m14:20:45.198853 [info ] [Thread-3 (]: 2 of 4 OK created sql view model SILVER.stg_customers .......................... [[32mSUCCESS 1[0m in 1.34s]
[0m14:20:45.199739 [debug] [Thread-3 (]: Finished running node model.real_estate_pipeline.stg_customers
[0m14:20:45.204372 [debug] [Thread-4 (]: SQL status: SUCCESS 1 in 1.304 seconds
[0m14:20:45.206152 [debug] [Thread-4 (]: Sending event: {'category': 'dbt', 'action': 'run_model', 'label': '429a1d2d-99ee-4d4c-ab70-f247d3738d5e', 'context': [<snowplow_tracker.self_describing_json.SelfDescribingJson object at 0x000002E6C24CADD0>]}
[0m14:20:45.206787 [info ] [Thread-4 (]: 3 of 4 OK created sql view model SILVER.stg_loans .............................. [[32mSUCCESS 1[0m in 1.35s]
[0m14:20:45.207453 [debug] [Thread-4 (]: Finished running node model.real_estate_pipeline.stg_loans
[0m14:20:45.208986 [debug] [MainThread]: Connection 'master' was properly closed.
[0m14:20:45.209191 [debug] [MainThread]: Connection 'list_FINANCE_DW' was left open.
[0m14:20:45.209368 [debug] [MainThread]: On list_FINANCE_DW: Close
[0m14:20:45.368602 [debug] [MainThread]: Connection 'list_FINANCE_DW_SILVER' was left open.
[0m14:20:45.369471 [debug] [MainThread]: On list_FINANCE_DW_SILVER: Close
[0m14:20:45.514349 [debug] [MainThread]: Connection 'model.real_estate_pipeline.stg_loans' was left open.
[0m14:20:45.515204 [debug] [MainThread]: On model.real_estate_pipeline.stg_loans: Close
[0m14:20:45.656409 [debug] [MainThread]: Connection 'model.real_estate_pipeline.stg_customers' was left open.
[0m14:20:45.657243 [debug] [MainThread]: On model.real_estate_pipeline.stg_customers: Close
[0m14:20:45.815479 [debug] [MainThread]: Connection 'model.real_estate_pipeline.stg_transactions' was left open.
[0m14:20:45.815996 [debug] [MainThread]: On model.real_estate_pipeline.stg_transactions: Close
[0m14:20:45.964324 [debug] [MainThread]: Connection 'model.real_estate_pipeline.stg_accounts' was left open.
[0m14:20:45.965177 [debug] [MainThread]: On model.real_estate_pipeline.stg_accounts: Close
[0m14:20:46.119165 [info ] [MainThread]: 
[0m14:20:46.119625 [info ] [MainThread]: Finished running 4 view models in 0 hours 0 minutes and 4.30 seconds (4.30s).
[0m14:20:46.120490 [debug] [MainThread]: Command end result
[0m14:20:46.143299 [debug] [MainThread]: Wrote artifact WritableManifest to C:\Users\user\Desktop\Finance-Bank\real_estate_pipeline\dbt_project\target\manifest.json
[0m14:20:46.146749 [debug] [MainThread]: Wrote artifact SemanticManifest to C:\Users\user\Desktop\Finance-Bank\real_estate_pipeline\dbt_project\target\semantic_manifest.json
[0m14:20:46.148992 [debug] [MainThread]: Wrote artifact OsiDocument to C:\Users\user\Desktop\Finance-Bank\real_estate_pipeline\dbt_project\target\osi_document.json
[0m14:20:46.153921 [debug] [MainThread]: Wrote artifact RunExecutionResult to C:\Users\user\Desktop\Finance-Bank\real_estate_pipeline\dbt_project\target\run_results.json
[0m14:20:46.154216 [info ] [MainThread]: 
[0m14:20:46.154601 [info ] [MainThread]: [32mCompleted successfully[0m
[0m14:20:46.154902 [info ] [MainThread]: 
[0m14:20:46.155179 [info ] [MainThread]: Done. PASS=4 WARN=0 ERROR=0 SKIP=0 NO-OP=0 REUSED=0 TOTAL=4
[0m14:20:46.155713 [debug] [MainThread]: Command `python -m dbt.cli.main run` succeeded at 14:20:46.155628 after 5.78 seconds
[0m14:20:46.155943 [debug] [MainThread]: Sending event: {'category': 'dbt', 'action': 'invocation', 'label': 'end', 'context': [<snowplow_tracker.self_describing_json.SelfDescribingJson object at 0x000002E69E5B1940>, <snowplow_tracker.self_describing_json.SelfDescribingJson object at 0x000002E69E20DFD0>, <snowplow_tracker.self_describing_json.SelfDescribingJson object at 0x000002E69E56F110>]}
[0m14:20:46.156160 [debug] [MainThread]: Flushing usage events
[0m14:20:46.909312 [debug] [MainThread]: An error was encountered while trying to flush usage events
[0m14:38:39.626033 [debug] [MainThread]: Sending event: {'category': 'dbt', 'action': 'invocation', 'label': 'start', 'context': [<snowplow_tracker.self_describing_json.SelfDescribingJson object at 0x0000027510639010>, <snowplow_tracker.self_describing_json.SelfDescribingJson object at 0x000002750DEECE10>, <snowplow_tracker.self_describing_json.SelfDescribingJson object at 0x000002751303B9D0>]}


============================== 14:38:39.632732 | 5e6ec574-669d-4b34-a04b-61dc83865ab4 ==============================
[0m14:38:39.632732 [info ] [MainThread]: Running with dbt=1.12.0
[0m14:38:39.633142 [debug] [MainThread]: running dbt with arguments {'version_check': 'True', 'no_print': 'None', 'static_parser': 'True', 'warn_error_options': 'WarnErrorOptionsV2(error=[], warn=[], silence=[])', 'target_path': 'None', 'maximum_seed_size_mib': '1', 'printer_width': '80', 'write_json': 'True', 'empty': 'False', 'log_cache_events': 'False', 'introspect': 'True', 'cache_selected_only': 'False', 'log_format': 'default', 'debug': 'False', 'fail_fast': 'False', 'profiles_dir': 'C:\\Users\\user\\Desktop\\Finance-Bank\\real_estate_pipeline\\dbt_project', 'send_anonymous_usage_stats': 'True', 'quiet': 'False', 'warn_error': 'None', 'partial_parse': 'True', 'indirect_selection': 'eager', 'hints_enabled': 'True', 'use_colors': 'True', 'use_experimental_parser': 'False', 'invocation_command': 'dbt run', 'log_path': 'C:\\Users\\user\\Desktop\\Finance-Bank\\real_estate_pipeline\\dbt_project\\logs'}
[0m14:38:40.235126 [debug] [MainThread]: Snowflake adapter: Setting snowflake.connector to ERROR (file logging only)
[0m14:38:40.235450 [debug] [MainThread]: Snowflake adapter: Setting botocore to ERROR (file logging only)
[0m14:38:40.235687 [debug] [MainThread]: Snowflake adapter: Setting boto3 to ERROR (file logging only)
[0m14:38:40.394569 [debug] [MainThread]: Sending event: {'category': 'dbt', 'action': 'project_id', 'label': '5e6ec574-669d-4b34-a04b-61dc83865ab4', 'context': [<snowplow_tracker.self_describing_json.SelfDescribingJson object at 0x00000275353CD0F0>]}
[0m14:38:40.437309 [debug] [MainThread]: Sending event: {'category': 'dbt', 'action': 'adapter_info', 'label': '5e6ec574-669d-4b34-a04b-61dc83865ab4', 'context': [<snowplow_tracker.self_describing_json.SelfDescribingJson object at 0x000002750DE38380>]}
[0m14:38:40.438842 [info ] [MainThread]: Registered adapter: snowflake=1.12.0
[0m14:38:40.615042 [debug] [MainThread]: checksum: 17b8c0eed372bdc76158915a5b86153b95ebcdfebef695d6713d3c569800f71e, vars: {}, profile: dbt_project, target: dev, version: 1.12.0
[0m14:38:40.703995 [debug] [MainThread]: Partial parsing enabled: 3 files deleted, 4 files added, 5 files changed.
[0m14:38:40.704376 [debug] [MainThread]: Partial parsing: added file: real_estate_pipeline://models\gold\fct_loans.sql
[0m14:38:40.704600 [debug] [MainThread]: Partial parsing: added file: real_estate_pipeline://models\gold\fct_transactions.sql
[0m14:38:40.704789 [debug] [MainThread]: Partial parsing: added file: real_estate_pipeline://models\gold\dim_accounts.sql
[0m14:38:40.704961 [debug] [MainThread]: Partial parsing: added file: real_estate_pipeline://models\gold\dim_customers.sql
[0m14:38:40.705113 [debug] [MainThread]: Partial parsing: deleted file: real_estate_pipeline://models\gold\dim_property_type.sql
[0m14:38:40.705263 [debug] [MainThread]: Partial parsing: deleted file: real_estate_pipeline://models\gold\dim_location.sql
[0m14:38:40.705426 [debug] [MainThread]: Partial parsing: deleted file: real_estate_pipeline://models\gold\fct_listings.sql
[0m14:38:40.705633 [debug] [MainThread]: Partial parsing: updated file: real_estate_pipeline://models\silver\stg_customers.sql
[0m14:38:40.705843 [debug] [MainThread]: Partial parsing: updated file: real_estate_pipeline://models\silver\stg_accounts.sql
[0m14:38:40.706050 [debug] [MainThread]: Partial parsing: updated file: real_estate_pipeline://models\silver\stg_transactions.sql
[0m14:38:40.706266 [debug] [MainThread]: Partial parsing: updated file: real_estate_pipeline://models\gold\dim_date.sql
[0m14:38:40.706467 [debug] [MainThread]: Partial parsing: updated file: real_estate_pipeline://models\silver\stg_loans.sql
[0m14:38:40.906301 [warn ] [MainThread]: [[33mWARNING[0m]: Configuration paths exist in your dbt_project.yml file which do not apply to any resources.
There are 1 unused configuration paths:
- models.real_estate_pipeline.bronze
[0m14:38:40.908861 [debug] [MainThread]: Sending event: {'category': 'dbt', 'action': 'load_project', 'label': '5e6ec574-669d-4b34-a04b-61dc83865ab4', 'context': [<snowplow_tracker.self_describing_json.SelfDescribingJson object at 0x0000027536ABD050>]}
[0m14:38:40.969750 [debug] [MainThread]: Wrote artifact WritableManifest to C:\Users\user\Desktop\Finance-Bank\real_estate_pipeline\dbt_project\target\manifest.json
[0m14:38:40.972077 [debug] [MainThread]: Wrote artifact SemanticManifest to C:\Users\user\Desktop\Finance-Bank\real_estate_pipeline\dbt_project\target\semantic_manifest.json
[0m14:38:40.990098 [debug] [MainThread]: Wrote artifact OsiDocument to C:\Users\user\Desktop\Finance-Bank\real_estate_pipeline\dbt_project\target\osi_document.json
[0m14:38:40.998084 [debug] [MainThread]: Sending event: {'category': 'dbt', 'action': 'resource_counts', 'label': '5e6ec574-669d-4b34-a04b-61dc83865ab4', 'context': [<snowplow_tracker.self_describing_json.SelfDescribingJson object at 0x0000027536D9FB60>]}
[0m14:38:40.998426 [info ] [MainThread]: Found 9 models, 4 sources, 545 macros
[0m14:38:40.998777 [debug] [MainThread]: Sending event: {'category': 'dbt', 'action': 'runnable_timing', 'label': '5e6ec574-669d-4b34-a04b-61dc83865ab4', 'context': [<snowplow_tracker.self_describing_json.SelfDescribingJson object at 0x0000027536DBAC10>]}
[0m14:38:41.000170 [info ] [MainThread]: 
[0m14:38:41.000460 [info ] [MainThread]: Concurrency: 4 threads (target='dev')
[0m14:38:41.000729 [info ] [MainThread]: 
[0m14:38:41.001129 [debug] [MainThread]: Acquiring new snowflake connection 'master'
[0m14:38:41.004616 [debug] [ThreadPool]: Acquiring new snowflake connection 'list_FINANCE_DW'
[0m14:38:41.012994 [debug] [ThreadPool]: Using snowflake connection "list_FINANCE_DW"
[0m14:38:41.013214 [debug] [ThreadPool]: On list_FINANCE_DW: show terse schemas in database FINANCE_DW
    limit 10000
/* {"app": "dbt", "dbt_version": "1.12.0", "profile_name": "dbt_project", "target_name": "dev", "connection_name": "list_FINANCE_DW"} */
[0m14:38:41.013384 [debug] [ThreadPool]: Opening a new connection, currently in state init
[0m14:38:42.524869 [debug] [ThreadPool]: SQL status: SUCCESS 5 in 1.511 seconds
[0m14:38:42.528580 [debug] [ThreadPool]: Acquiring new snowflake connection 'list_FINANCE_DW_SILVER'
[0m14:38:42.538067 [debug] [ThreadPool]: Using snowflake connection "list_FINANCE_DW_SILVER"
[0m14:38:42.538283 [debug] [ThreadPool]: On list_FINANCE_DW_SILVER: show objects in FINANCE_DW.SILVER
    limit 10000
    

/* {"app": "dbt", "dbt_version": "1.12.0", "profile_name": "dbt_project", "target_name": "dev", "connection_name": "list_FINANCE_DW_SILVER"} */;
[0m14:38:42.538453 [debug] [ThreadPool]: Opening a new connection, currently in state init
[0m14:38:43.184874 [debug] [ThreadPool]: SQL status: SUCCESS 4 in 0.646 seconds
[0m14:38:43.194004 [debug] [ThreadPool]: Using snowflake connection "list_FINANCE_DW_SILVER"
[0m14:38:43.194347 [debug] [ThreadPool]: On list_FINANCE_DW_SILVER: show user functions in FINANCE_DW.SILVER
/* {"app": "dbt", "dbt_version": "1.12.0", "profile_name": "dbt_project", "target_name": "dev", "connection_name": "list_FINANCE_DW_SILVER"} */
[0m14:38:43.340660 [debug] [ThreadPool]: SQL status: SUCCESS 0 in 0.146 seconds
[0m14:38:43.345267 [debug] [MainThread]: Sending event: {'category': 'dbt', 'action': 'runnable_timing', 'label': '5e6ec574-669d-4b34-a04b-61dc83865ab4', 'context': [<snowplow_tracker.self_describing_json.SelfDescribingJson object at 0x0000027536F3E9C0>]}
[0m14:38:43.354731 [debug] [Thread-2 (]: Began running node model.real_estate_pipeline.stg_accounts
[0m14:38:43.355877 [debug] [Thread-5 (]: Began running node model.real_estate_pipeline.stg_transactions
[0m14:38:43.355410 [info ] [Thread-2 (]: 1 of 9 START sql view model SILVER.stg_accounts ................................ [RUN]
[0m14:38:43.357131 [debug] [Thread-2 (]: Acquiring new snowflake connection 'model.real_estate_pipeline.stg_accounts'
[0m14:38:43.358037 [debug] [Thread-2 (]: Began compiling node model.real_estate_pipeline.stg_accounts
[0m14:38:43.362497 [debug] [Thread-2 (]: Writing injected SQL for node "model.real_estate_pipeline.stg_accounts"
[0m14:38:43.356475 [info ] [Thread-5 (]: 4 of 9 START sql view model SILVER.stg_transactions ............................ [RUN]
[0m14:38:43.358364 [debug] [Thread-3 (]: Began running node model.real_estate_pipeline.stg_customers
[0m14:38:43.357650 [debug] [Thread-4 (]: Began running node model.real_estate_pipeline.stg_loans
[0m14:38:43.363316 [info ] [Thread-3 (]: 2 of 9 START sql view model SILVER.stg_customers ............................... [RUN]
[0m14:38:43.365061 [debug] [Thread-3 (]: Acquiring new snowflake connection 'model.real_estate_pipeline.stg_customers'
[0m14:38:43.362981 [debug] [Thread-5 (]: Acquiring new snowflake connection 'model.real_estate_pipeline.stg_transactions'
[0m14:38:43.365547 [debug] [Thread-5 (]: Began compiling node model.real_estate_pipeline.stg_transactions
[0m14:38:43.366820 [debug] [Thread-5 (]: Writing injected SQL for node "model.real_estate_pipeline.stg_transactions"
[0m14:38:43.364550 [debug] [Thread-2 (]: Began executing node model.real_estate_pipeline.stg_accounts
[0m14:38:43.365322 [debug] [Thread-3 (]: Began compiling node model.real_estate_pipeline.stg_customers
[0m14:38:43.363690 [info ] [Thread-4 (]: 3 of 9 START sql view model SILVER.stg_loans ................................... [RUN]
[0m14:38:43.386187 [debug] [Thread-2 (]: Writing runtime sql for node "model.real_estate_pipeline.stg_accounts"
[0m14:38:43.388794 [debug] [Thread-5 (]: Began executing node model.real_estate_pipeline.stg_transactions
[0m14:38:43.390140 [debug] [Thread-5 (]: Writing runtime sql for node "model.real_estate_pipeline.stg_transactions"
[0m14:38:43.387750 [debug] [Thread-3 (]: Writing injected SQL for node "model.real_estate_pipeline.stg_customers"
[0m14:38:43.388342 [debug] [Thread-4 (]: Acquiring new snowflake connection 'model.real_estate_pipeline.stg_loans'
[0m14:38:43.390523 [debug] [Thread-4 (]: Began compiling node model.real_estate_pipeline.stg_loans
[0m14:38:43.391645 [debug] [Thread-4 (]: Writing injected SQL for node "model.real_estate_pipeline.stg_loans"
[0m14:38:43.392263 [debug] [Thread-3 (]: Began executing node model.real_estate_pipeline.stg_customers
[0m14:38:43.394722 [debug] [Thread-3 (]: Writing runtime sql for node "model.real_estate_pipeline.stg_customers"
[0m14:38:43.393250 [debug] [Thread-4 (]: Began executing node model.real_estate_pipeline.stg_loans
[0m14:38:43.392974 [debug] [Thread-5 (]: Using snowflake connection "model.real_estate_pipeline.stg_transactions"
[0m14:38:43.395465 [debug] [Thread-2 (]: Using snowflake connection "model.real_estate_pipeline.stg_accounts"
[0m14:38:43.397692 [debug] [Thread-2 (]: On model.real_estate_pipeline.stg_accounts: create or replace   view FINANCE_DW.SILVER.stg_accounts
  
  
  
  
  as (
    with source as (
    select
        $1::int as account_id,
        $2::int as customer_id,
        $3::int as account_type_id,
        $4::int as account_status_id,
        $5::numeric(15,2) as balance,
        try_to_timestamp($6::varchar) as opening_date,
        row_number() over (
            partition by $1::int 
            order by try_to_timestamp($6::varchar) desc
        ) as rn
    from FINANCE_DW.BRONZE.RAW_ACCOUNTS
)

select
    account_id,
    customer_id,
    account_type_id,
    account_status_id,
    balance,
    opening_date
from source
where rn = 1
  )
/* {"app": "dbt", "dbt_version": "1.12.0", "profile_name": "dbt_project", "target_name": "dev", "node_id": "model.real_estate_pipeline.stg_accounts"} */;
[0m14:38:43.397938 [debug] [Thread-2 (]: Opening a new connection, currently in state init
[0m14:38:43.396998 [debug] [Thread-4 (]: Writing runtime sql for node "model.real_estate_pipeline.stg_loans"
[0m14:38:43.397381 [debug] [Thread-5 (]: On model.real_estate_pipeline.stg_transactions: create or replace   view FINANCE_DW.SILVER.stg_transactions
  
  
  
  
  as (
    with source as (
    select
        $1::int as transaction_id,
        $2::int as account_origin_id,
        $3::int as account_destination_id,
        $4::int as transaction_type_id,
        $5::numeric(15,2) as amount,
        $6::timestamp as transaction_date,
        $7::int as branch_id,
        trim($8)::varchar as description,
        row_number() over (
            partition by $1::int 
            order by $6::timestamp desc
        ) as rn
    from FINANCE_DW.BRONZE.RAW_TRANSACTIONS
)

select
    transaction_id,
    account_origin_id,
    account_destination_id,
    transaction_type_id,
    amount,
    transaction_date,
    branch_id,
    description
from source
where rn = 1
  )
/* {"app": "dbt", "dbt_version": "1.12.0", "profile_name": "dbt_project", "target_name": "dev", "node_id": "model.real_estate_pipeline.stg_transactions"} */;
[0m14:38:43.398345 [debug] [Thread-5 (]: Opening a new connection, currently in state init
[0m14:38:43.398935 [debug] [Thread-3 (]: Using snowflake connection "model.real_estate_pipeline.stg_customers"
[0m14:38:43.399347 [debug] [Thread-3 (]: On model.real_estate_pipeline.stg_customers: create or replace   view FINANCE_DW.SILVER.stg_customers
  
  
  
  
  as (
    with source as (
    select
        $1::int as customer_id,
        trim($2)::varchar as first_name,
        trim($3)::varchar as last_name,
        $4::timestamp as date_of_birth,
        $5::int as address_id,
        $6::int as customer_type_id,
        row_number() over (
            partition by $1::int 
            order by $4::timestamp desc
        ) as rn
    from FINANCE_DW.BRONZE.RAW_CUSTOMERS
)

select
    customer_id,
    first_name,
    last_name,
    date_of_birth,
    address_id,
    customer_type_id
from source
where rn = 1
  )
/* {"app": "dbt", "dbt_version": "1.12.0", "profile_name": "dbt_project", "target_name": "dev", "node_id": "model.real_estate_pipeline.stg_customers"} */;
[0m14:38:43.400863 [debug] [Thread-3 (]: Opening a new connection, currently in state init
[0m14:38:43.399941 [debug] [Thread-4 (]: Using snowflake connection "model.real_estate_pipeline.stg_loans"
[0m14:38:43.401433 [debug] [Thread-4 (]: On model.real_estate_pipeline.stg_loans: create or replace   view FINANCE_DW.SILVER.stg_loans
  
  
  
  
  as (
    with source as (
    select
        $1::int as loan_id,
        $2::int as account_id,
        $3::int as loan_status_id,
        $4::numeric(15,2) as principal_amount,
        $5::numeric(5,4) as interest_rate,
        $6::timestamp as start_date,
        $7::timestamp as estimated_end_date,
        row_number() over (
            partition by $1::int 
            order by $6::timestamp desc
        ) as rn
    from FINANCE_DW.BRONZE.RAW_LOANS
)

select
    loan_id,
    account_id,
    loan_status_id,
    principal_amount,
    interest_rate,
    start_date,
    estimated_end_date
from source
where rn = 1
  )
/* {"app": "dbt", "dbt_version": "1.12.0", "profile_name": "dbt_project", "target_name": "dev", "node_id": "model.real_estate_pipeline.stg_loans"} */;
[0m14:38:43.401672 [debug] [Thread-4 (]: Opening a new connection, currently in state init
[0m14:38:44.022646 [debug] [Thread-3 (]: SQL status: SUCCESS 1 in 0.621 seconds
[0m14:38:44.042502 [debug] [Thread-2 (]: SQL status: SUCCESS 1 in 0.645 seconds
[0m14:38:44.045177 [debug] [Thread-3 (]: Sending event: {'category': 'dbt', 'action': 'run_model', 'label': '5e6ec574-669d-4b34-a04b-61dc83865ab4', 'context': [<snowplow_tracker.self_describing_json.SelfDescribingJson object at 0x0000027536F76450>]}
[0m14:38:44.045755 [info ] [Thread-3 (]: 2 of 9 OK created sql view model SILVER.stg_customers .......................... [[32mSUCCESS 1[0m in 0.68s]
[0m14:38:44.046217 [debug] [Thread-3 (]: Finished running node model.real_estate_pipeline.stg_customers
[0m14:38:44.046493 [debug] [Thread-2 (]: Sending event: {'category': 'dbt', 'action': 'run_model', 'label': '5e6ec574-669d-4b34-a04b-61dc83865ab4', 'context': [<snowplow_tracker.self_describing_json.SelfDescribingJson object at 0x0000027510B08310>]}
[0m14:38:44.046839 [info ] [Thread-2 (]: 1 of 9 OK created sql view model SILVER.stg_accounts ........................... [[32mSUCCESS 1[0m in 0.69s]
[0m14:38:44.047242 [debug] [Thread-2 (]: Finished running node model.real_estate_pipeline.stg_accounts
[0m14:38:44.047554 [debug] [Thread-3 (]: Began running node model.real_estate_pipeline.dim_accounts
[0m14:38:44.047836 [info ] [Thread-3 (]: 5 of 9 START sql table model SILVER.dim_accounts ............................... [RUN]
[0m14:38:44.048414 [debug] [Thread-3 (]: Re-using an available connection from the pool (formerly model.real_estate_pipeline.stg_customers, now model.real_estate_pipeline.dim_accounts)
[0m14:38:44.048632 [debug] [Thread-3 (]: Began compiling node model.real_estate_pipeline.dim_accounts
[0m14:38:44.050020 [debug] [Thread-3 (]: Writing injected SQL for node "model.real_estate_pipeline.dim_accounts"
[0m14:38:44.048163 [debug] [Thread-2 (]: Began running node model.real_estate_pipeline.dim_customers
[0m14:38:44.050449 [info ] [Thread-2 (]: 6 of 9 START sql table model SILVER.dim_customers .............................. [RUN]
[0m14:38:44.050799 [debug] [Thread-2 (]: Re-using an available connection from the pool (formerly model.real_estate_pipeline.stg_accounts, now model.real_estate_pipeline.dim_customers)
[0m14:38:44.051041 [debug] [Thread-2 (]: Began compiling node model.real_estate_pipeline.dim_customers
[0m14:38:44.052152 [debug] [Thread-2 (]: Writing injected SQL for node "model.real_estate_pipeline.dim_customers"
[0m14:38:44.052792 [debug] [Thread-2 (]: Began executing node model.real_estate_pipeline.dim_customers
[0m14:38:44.069668 [debug] [Thread-2 (]: Writing runtime sql for node "model.real_estate_pipeline.dim_customers"
[0m14:38:44.070225 [debug] [Thread-3 (]: Began executing node model.real_estate_pipeline.dim_accounts
[0m14:38:44.071746 [debug] [Thread-3 (]: Writing runtime sql for node "model.real_estate_pipeline.dim_accounts"
[0m14:38:44.072728 [debug] [Thread-3 (]: Using snowflake connection "model.real_estate_pipeline.dim_accounts"
[0m14:38:44.072976 [debug] [Thread-3 (]: On model.real_estate_pipeline.dim_accounts: create or replace transient table FINANCE_DW.SILVER.dim_accounts
    
    
    
    
    

    as (select
    account_id,
    customer_id,
    account_type_id,
    account_status_id,
    balance,
    opening_date
from FINANCE_DW.SILVER.stg_accounts
    )

/* {"app": "dbt", "dbt_version": "1.12.0", "profile_name": "dbt_project", "target_name": "dev", "node_id": "model.real_estate_pipeline.dim_accounts"} */;
[0m14:38:44.074390 [debug] [Thread-2 (]: Using snowflake connection "model.real_estate_pipeline.dim_customers"
[0m14:38:44.074694 [debug] [Thread-2 (]: On model.real_estate_pipeline.dim_customers: create or replace transient table FINANCE_DW.SILVER.dim_customers
    
    
    
    
    

    as (with customers as (
    select * from FINANCE_DW.SILVER.stg_customers
),
accounts as (
    select 
        customer_id,
        count(account_id) as total_accounts,
        sum(balance) as total_balance
    from FINANCE_DW.SILVER.stg_accounts
    group by customer_id
)

select
    c.customer_id,
    c.first_name,
    c.last_name,
    c.date_of_birth,
    c.customer_type_id,
    coalesce(a.total_accounts, 0) as total_accounts,
    coalesce(a.total_balance, 0) as total_balance
from customers c
left join accounts a on c.customer_id = a.customer_id
    )

/* {"app": "dbt", "dbt_version": "1.12.0", "profile_name": "dbt_project", "target_name": "dev", "node_id": "model.real_estate_pipeline.dim_customers"} */;
[0m14:38:44.708210 [debug] [Thread-4 (]: SQL status: SUCCESS 1 in 1.306 seconds
[0m14:38:44.712859 [debug] [Thread-4 (]: Sending event: {'category': 'dbt', 'action': 'run_model', 'label': '5e6ec574-669d-4b34-a04b-61dc83865ab4', 'context': [<snowplow_tracker.self_describing_json.SelfDescribingJson object at 0x0000027536F9FBB0>]}
[0m14:38:44.713810 [info ] [Thread-4 (]: 3 of 9 OK created sql view model SILVER.stg_loans .............................. [[32mSUCCESS 1[0m in 1.32s]
[0m14:38:44.714987 [debug] [Thread-4 (]: Finished running node model.real_estate_pipeline.stg_loans
[0m14:38:44.715776 [debug] [Thread-4 (]: Began running node model.real_estate_pipeline.fct_loans
[0m14:38:44.716298 [info ] [Thread-4 (]: 7 of 9 START sql table model SILVER.fct_loans .................................. [RUN]
[0m14:38:44.717000 [debug] [Thread-4 (]: Re-using an available connection from the pool (formerly model.real_estate_pipeline.stg_loans, now model.real_estate_pipeline.fct_loans)
[0m14:38:44.717437 [debug] [Thread-4 (]: Began compiling node model.real_estate_pipeline.fct_loans
[0m14:38:44.719932 [debug] [Thread-4 (]: Writing injected SQL for node "model.real_estate_pipeline.fct_loans"
[0m14:38:44.721085 [debug] [Thread-4 (]: Began executing node model.real_estate_pipeline.fct_loans
[0m14:38:44.722335 [debug] [Thread-4 (]: Writing runtime sql for node "model.real_estate_pipeline.fct_loans"
[0m14:38:44.723551 [debug] [Thread-4 (]: Using snowflake connection "model.real_estate_pipeline.fct_loans"
[0m14:38:44.723793 [debug] [Thread-4 (]: On model.real_estate_pipeline.fct_loans: create or replace transient table FINANCE_DW.SILVER.fct_loans
    
    
    
    
    

    as (select
    l.loan_id,
    l.account_id,
    a.customer_id,
    l.loan_status_id,
    to_char(l.start_date::date, 'YYYYMMDD')::int as date_id,
    l.principal_amount,
    l.interest_rate,
    l.start_date,
    l.estimated_end_date
from FINANCE_DW.SILVER.stg_loans l
left join FINANCE_DW.SILVER.stg_accounts a on l.account_id = a.account_id
    )

/* {"app": "dbt", "dbt_version": "1.12.0", "profile_name": "dbt_project", "target_name": "dev", "node_id": "model.real_estate_pipeline.fct_loans"} */;
[0m14:38:44.747572 [debug] [Thread-5 (]: SQL status: SUCCESS 1 in 1.349 seconds
[0m14:38:44.749212 [debug] [Thread-5 (]: Sending event: {'category': 'dbt', 'action': 'run_model', 'label': '5e6ec574-669d-4b34-a04b-61dc83865ab4', 'context': [<snowplow_tracker.self_describing_json.SelfDescribingJson object at 0x0000027537180B50>]}
[0m14:38:44.749605 [info ] [Thread-5 (]: 4 of 9 OK created sql view model SILVER.stg_transactions ....................... [[32mSUCCESS 1[0m in 1.39s]
[0m14:38:44.750015 [debug] [Thread-5 (]: Finished running node model.real_estate_pipeline.stg_transactions
[0m14:38:44.750410 [debug] [Thread-5 (]: Began running node model.real_estate_pipeline.dim_date
[0m14:38:44.750717 [info ] [Thread-5 (]: 8 of 9 START sql table model SILVER.dim_date ................................... [RUN]
[0m14:38:44.751041 [debug] [Thread-5 (]: Re-using an available connection from the pool (formerly model.real_estate_pipeline.stg_transactions, now model.real_estate_pipeline.dim_date)
[0m14:38:44.751252 [debug] [Thread-5 (]: Began compiling node model.real_estate_pipeline.dim_date
[0m14:38:44.752649 [debug] [Thread-5 (]: Writing injected SQL for node "model.real_estate_pipeline.dim_date"
[0m14:38:44.753522 [debug] [Thread-5 (]: Began executing node model.real_estate_pipeline.dim_date
[0m14:38:44.754919 [debug] [Thread-5 (]: Writing runtime sql for node "model.real_estate_pipeline.dim_date"
[0m14:38:44.755965 [debug] [Thread-5 (]: Using snowflake connection "model.real_estate_pipeline.dim_date"
[0m14:38:44.756206 [debug] [Thread-5 (]: On model.real_estate_pipeline.dim_date: create or replace transient table FINANCE_DW.SILVER.dim_date
    
    
    
    
    

    as (with dates as (
    select transaction_date::date as date_day from FINANCE_DW.SILVER.stg_transactions
    union
    select start_date::date as date_day from FINANCE_DW.SILVER.stg_loans
    union
    select opening_date::date as date_day from FINANCE_DW.SILVER.stg_accounts
)

select distinct
    to_char(date_day, 'YYYYMMDD')::int as date_id,
    date_day as full_date,
    year(date_day) as year,
    quarter(date_day) as quarter,
    month(date_day) as month,
    monthname(date_day) as month_name,
    day(date_day) as day,
    dayname(date_day) as day_of_week
from dates
where date_day is not null
    )

/* {"app": "dbt", "dbt_version": "1.12.0", "profile_name": "dbt_project", "target_name": "dev", "node_id": "model.real_estate_pipeline.dim_date"} */;
[0m14:38:45.190453 [debug] [Thread-2 (]: Snowflake adapter: Snowflake query id: 01c5e6d2-0001-f192-0002-a6b6000bd06a
[0m14:38:45.191200 [debug] [Thread-2 (]: Snowflake adapter: Snowflake error: 100035 (22007): Timestamp 'NaT' is not recognized
[0m14:38:45.195369 [debug] [Thread-2 (]: Database Error in model dim_customers (models\gold\dim_customers.sql)
  100035 (22007): Timestamp 'NaT' is not recognized
  compiled code at target\run\real_estate_pipeline\models\gold\dim_customers.sql
[0m14:38:45.195762 [debug] [Thread-2 (]: Sending event: {'category': 'dbt', 'action': 'run_model', 'label': '5e6ec574-669d-4b34-a04b-61dc83865ab4', 'context': [<snowplow_tracker.self_describing_json.SelfDescribingJson object at 0x00000275371C7310>]}
[0m14:38:45.196163 [error] [Thread-2 (]: 6 of 9 ERROR creating sql table model SILVER.dim_customers ..................... [[31mERROR[0m in 1.14s]
[0m14:38:45.196734 [debug] [Thread-2 (]: Finished running node model.real_estate_pipeline.dim_customers
[0m14:38:45.196991 [debug] [Thread-2 (]: Began running node model.real_estate_pipeline.fct_transactions
[0m14:38:45.197776 [debug] [Thread-8 (]: Marking all children of 'model.real_estate_pipeline.dim_customers' to be skipped because of status 'error'.  Reason: Database Error in model dim_customers (models\gold\dim_customers.sql)
  100035 (22007): Timestamp 'NaT' is not recognized
  compiled code at target\run\real_estate_pipeline\models\gold\dim_customers.sql.
[0m14:38:45.197307 [info ] [Thread-2 (]: 9 of 9 START sql table model SILVER.fct_transactions ........................... [RUN]
[0m14:38:45.198552 [debug] [Thread-2 (]: Re-using an available connection from the pool (formerly model.real_estate_pipeline.dim_customers, now model.real_estate_pipeline.fct_transactions)
[0m14:38:45.198774 [debug] [Thread-2 (]: Began compiling node model.real_estate_pipeline.fct_transactions
[0m14:38:45.200105 [debug] [Thread-2 (]: Writing injected SQL for node "model.real_estate_pipeline.fct_transactions"
[0m14:38:45.200890 [debug] [Thread-2 (]: Began executing node model.real_estate_pipeline.fct_transactions
[0m14:38:45.202677 [debug] [Thread-2 (]: Writing runtime sql for node "model.real_estate_pipeline.fct_transactions"
[0m14:38:45.203549 [debug] [Thread-2 (]: Using snowflake connection "model.real_estate_pipeline.fct_transactions"
[0m14:38:45.203786 [debug] [Thread-2 (]: On model.real_estate_pipeline.fct_transactions: create or replace transient table FINANCE_DW.SILVER.fct_transactions
    
    
    
    
    

    as (select
    t.transaction_id,
    t.account_id,
    a.customer_id,
    t.transaction_date,
    t.amount,
    t.transaction_type
from FINANCE_DW.SILVER.stg_transactions t
left join FINANCE_DW.SILVER.stg_accounts a on t.account_id = a.account_id
    )

/* {"app": "dbt", "dbt_version": "1.12.0", "profile_name": "dbt_project", "target_name": "dev", "node_id": "model.real_estate_pipeline.fct_transactions"} */;
[0m14:38:45.346029 [debug] [Thread-3 (]: SQL status: SUCCESS 1651 in 1.273 seconds
[0m14:38:45.347719 [debug] [Thread-3 (]: Sending event: {'category': 'dbt', 'action': 'run_model', 'label': '5e6ec574-669d-4b34-a04b-61dc83865ab4', 'context': [<snowplow_tracker.self_describing_json.SelfDescribingJson object at 0x00000275371A0BF0>]}
[0m14:38:45.348151 [info ] [Thread-3 (]: 5 of 9 OK created sql table model SILVER.dim_accounts .......................... [[32mSUCCESS 1651[0m in 1.30s]
[0m14:38:45.348687 [debug] [Thread-3 (]: Finished running node model.real_estate_pipeline.dim_accounts
[0m14:38:45.452442 [debug] [Thread-4 (]: SQL status: SUCCESS 330 in 0.728 seconds
[0m14:38:45.455237 [debug] [Thread-4 (]: Sending event: {'category': 'dbt', 'action': 'run_model', 'label': '5e6ec574-669d-4b34-a04b-61dc83865ab4', 'context': [<snowplow_tracker.self_describing_json.SelfDescribingJson object at 0x00000275370E79B0>]}
[0m14:38:45.455802 [info ] [Thread-4 (]: 7 of 9 OK created sql table model SILVER.fct_loans ............................. [[32mSUCCESS 330[0m in 0.74s]
[0m14:38:45.456350 [debug] [Thread-4 (]: Finished running node model.real_estate_pipeline.fct_loans
[0m14:38:45.609605 [debug] [Thread-2 (]: Snowflake adapter: Snowflake query id: 01c5e6d2-0001-f193-0002-a6b6000b8466
[0m14:38:45.610539 [debug] [Thread-2 (]: Snowflake adapter: Snowflake error: 000904 (42000): SQL compilation error: error line 10 at position 4
invalid identifier 'T.ACCOUNT_ID'
[0m14:38:45.614513 [debug] [Thread-2 (]: Database Error in model fct_transactions (models\gold\fct_transactions.sql)
  000904 (42000): SQL compilation error: error line 10 at position 4
  invalid identifier 'T.ACCOUNT_ID'
  compiled code at target\run\real_estate_pipeline\models\gold\fct_transactions.sql
[0m14:38:45.614823 [debug] [Thread-2 (]: Sending event: {'category': 'dbt', 'action': 'run_model', 'label': '5e6ec574-669d-4b34-a04b-61dc83865ab4', 'context': [<snowplow_tracker.self_describing_json.SelfDescribingJson object at 0x00000275351CCA70>]}
[0m14:38:45.615196 [error] [Thread-2 (]: 9 of 9 ERROR creating sql table model SILVER.fct_transactions .................. [[31mERROR[0m in 0.42s]
[0m14:38:45.615687 [debug] [Thread-2 (]: Finished running node model.real_estate_pipeline.fct_transactions
[0m14:38:45.615963 [debug] [Thread-8 (]: Marking all children of 'model.real_estate_pipeline.fct_transactions' to be skipped because of status 'error'.  Reason: Database Error in model fct_transactions (models\gold\fct_transactions.sql)
  000904 (42000): SQL compilation error: error line 10 at position 4
  invalid identifier 'T.ACCOUNT_ID'
  compiled code at target\run\real_estate_pipeline\models\gold\fct_transactions.sql.
[0m14:38:45.963875 [debug] [Thread-5 (]: SQL status: SUCCESS 2253 in 1.207 seconds
[0m14:38:45.967608 [debug] [Thread-5 (]: Sending event: {'category': 'dbt', 'action': 'run_model', 'label': '5e6ec574-669d-4b34-a04b-61dc83865ab4', 'context': [<snowplow_tracker.self_describing_json.SelfDescribingJson object at 0x00000275372041D0>]}
[0m14:38:45.968651 [info ] [Thread-5 (]: 8 of 9 OK created sql table model SILVER.dim_date .............................. [[32mSUCCESS 2253[0m in 1.22s]
[0m14:38:45.969493 [debug] [Thread-5 (]: Finished running node model.real_estate_pipeline.dim_date
[0m14:38:45.970666 [debug] [MainThread]: Connection 'master' was properly closed.
[0m14:38:45.970858 [debug] [MainThread]: Connection 'list_FINANCE_DW' was left open.
[0m14:38:45.971030 [debug] [MainThread]: On list_FINANCE_DW: Close
[0m14:38:46.178458 [debug] [MainThread]: Connection 'list_FINANCE_DW_SILVER' was left open.
[0m14:38:46.179253 [debug] [MainThread]: On list_FINANCE_DW_SILVER: Close
[0m14:38:46.355130 [debug] [MainThread]: Connection 'model.real_estate_pipeline.fct_transactions' was left open.
[0m14:38:46.355981 [debug] [MainThread]: On model.real_estate_pipeline.fct_transactions: Close
[0m14:38:47.226535 [debug] [MainThread]: Connection 'model.real_estate_pipeline.dim_date' was left open.
[0m14:38:47.226962 [debug] [MainThread]: On model.real_estate_pipeline.dim_date: Close
[0m14:38:47.424635 [debug] [MainThread]: Connection 'model.real_estate_pipeline.dim_accounts' was left open.
[0m14:38:47.425525 [debug] [MainThread]: On model.real_estate_pipeline.dim_accounts: Close
[0m14:38:47.614863 [debug] [MainThread]: Connection 'model.real_estate_pipeline.fct_loans' was left open.
[0m14:38:47.615515 [debug] [MainThread]: On model.real_estate_pipeline.fct_loans: Close
[0m14:38:47.776182 [info ] [MainThread]: 
[0m14:38:47.777668 [info ] [MainThread]: Finished running 5 table models, 4 view models in 0 hours 0 minutes and 6.77 seconds (6.77s).
[0m14:38:47.780590 [debug] [MainThread]: Command end result
[0m14:38:47.807114 [debug] [MainThread]: Wrote artifact WritableManifest to C:\Users\user\Desktop\Finance-Bank\real_estate_pipeline\dbt_project\target\manifest.json
[0m14:38:47.809304 [debug] [MainThread]: Wrote artifact SemanticManifest to C:\Users\user\Desktop\Finance-Bank\real_estate_pipeline\dbt_project\target\semantic_manifest.json
[0m14:38:47.811209 [debug] [MainThread]: Wrote artifact OsiDocument to C:\Users\user\Desktop\Finance-Bank\real_estate_pipeline\dbt_project\target\osi_document.json
[0m14:38:47.816306 [debug] [MainThread]: Wrote artifact RunExecutionResult to C:\Users\user\Desktop\Finance-Bank\real_estate_pipeline\dbt_project\target\run_results.json
[0m14:38:47.816563 [info ] [MainThread]: 
[0m14:38:47.816988 [info ] [MainThread]: [31mCompleted with 2 errors, 0 partial successes, and 0 warnings:[0m
[0m14:38:47.817332 [info ] [MainThread]: 
[0m14:38:47.817617 [error] [MainThread]: [[31mERROR[0m]: in model dim_customers (models\gold\dim_customers.sql)
[0m14:38:47.817875 [error] [MainThread]:   Database Error in model dim_customers (models\gold\dim_customers.sql)
  100035 (22007): Timestamp 'NaT' is not recognized
  compiled code at target\run\real_estate_pipeline\models\gold\dim_customers.sql
[0m14:38:47.818064 [info ] [MainThread]: 
[0m14:38:47.818290 [info ] [MainThread]:   compiled code at target\compiled\real_estate_pipeline\models\gold\dim_customers.sql
[0m14:38:47.818534 [info ] [MainThread]: 
[0m14:38:47.818864 [error] [MainThread]: [[31mERROR[0m]: in model fct_transactions (models\gold\fct_transactions.sql)
[0m14:38:47.819156 [error] [MainThread]:   Database Error in model fct_transactions (models\gold\fct_transactions.sql)
  000904 (42000): SQL compilation error: error line 10 at position 4
  invalid identifier 'T.ACCOUNT_ID'
  compiled code at target\run\real_estate_pipeline\models\gold\fct_transactions.sql
[0m14:38:47.819417 [info ] [MainThread]: 
[0m14:38:47.819697 [info ] [MainThread]:   compiled code at target\compiled\real_estate_pipeline\models\gold\fct_transactions.sql
[0m14:38:47.819923 [info ] [MainThread]: 
[0m14:38:47.820170 [info ] [MainThread]: Done. PASS=7 WARN=0 ERROR=2 SKIP=0 NO-OP=0 REUSED=0 TOTAL=9
[0m14:38:47.820715 [debug] [MainThread]: Command `python -m dbt.cli.main run` failed at 14:38:47.820619 after 8.30 seconds
[0m14:38:47.820966 [debug] [MainThread]: Sending event: {'category': 'dbt', 'action': 'invocation', 'label': 'end', 'context': [<snowplow_tracker.self_describing_json.SelfDescribingJson object at 0x00000275351CCA70>, <snowplow_tracker.self_describing_json.SelfDescribingJson object at 0x000002751120D610>, <snowplow_tracker.self_describing_json.SelfDescribingJson object at 0x00000275371A0110>]}
[0m14:38:47.821192 [debug] [MainThread]: Flushing usage events
[0m14:38:48.565545 [debug] [MainThread]: An error was encountered while trying to flush usage events
[0m14:41:28.292224 [debug] [MainThread]: Sending event: {'category': 'dbt', 'action': 'invocation', 'label': 'start', 'context': [<snowplow_tracker.self_describing_json.SelfDescribingJson object at 0x000001F28D559010>, <snowplow_tracker.self_describing_json.SelfDescribingJson object at 0x000001F28AE0CE10>, <snowplow_tracker.self_describing_json.SelfDescribingJson object at 0x000001F28FF639D0>]}


============================== 14:41:28.298672 | 218eb11b-a9f9-49f7-a504-75fc9c4f122f ==============================
[0m14:41:28.298672 [info ] [MainThread]: Running with dbt=1.12.0
[0m14:41:28.299152 [debug] [MainThread]: running dbt with arguments {'version_check': 'True', 'no_print': 'None', 'maximum_seed_size_mib': '1', 'target_path': 'None', 'static_parser': 'True', 'warn_error_options': 'WarnErrorOptionsV2(error=[], warn=[], silence=[])', 'printer_width': '80', 'write_json': 'True', 'empty': 'False', 'log_cache_events': 'False', 'introspect': 'True', 'cache_selected_only': 'False', 'log_format': 'default', 'debug': 'False', 'fail_fast': 'False', 'profiles_dir': 'C:\\Users\\user\\Desktop\\Finance-Bank\\real_estate_pipeline\\dbt_project', 'send_anonymous_usage_stats': 'True', 'quiet': 'False', 'warn_error': 'None', 'partial_parse': 'True', 'invocation_command': 'dbt run', 'hints_enabled': 'True', 'use_colors': 'True', 'use_experimental_parser': 'False', 'indirect_selection': 'eager', 'log_path': 'C:\\Users\\user\\Desktop\\Finance-Bank\\real_estate_pipeline\\dbt_project\\logs'}
[0m14:41:28.887980 [debug] [MainThread]: Snowflake adapter: Setting snowflake.connector to ERROR (file logging only)
[0m14:41:28.888300 [debug] [MainThread]: Snowflake adapter: Setting botocore to ERROR (file logging only)
[0m14:41:28.888499 [debug] [MainThread]: Snowflake adapter: Setting boto3 to ERROR (file logging only)
[0m14:41:29.045879 [debug] [MainThread]: Sending event: {'category': 'dbt', 'action': 'project_id', 'label': '218eb11b-a9f9-49f7-a504-75fc9c4f122f', 'context': [<snowplow_tracker.self_describing_json.SelfDescribingJson object at 0x000001F2B230D0F0>]}
[0m14:41:29.088674 [debug] [MainThread]: Sending event: {'category': 'dbt', 'action': 'adapter_info', 'label': '218eb11b-a9f9-49f7-a504-75fc9c4f122f', 'context': [<snowplow_tracker.self_describing_json.SelfDescribingJson object at 0x000001F28AD60380>]}
[0m14:41:29.089963 [info ] [MainThread]: Registered adapter: snowflake=1.12.0
[0m14:41:29.268718 [debug] [MainThread]: checksum: 17b8c0eed372bdc76158915a5b86153b95ebcdfebef695d6713d3c569800f71e, vars: {}, profile: dbt_project, target: dev, version: 1.12.0
[0m14:41:29.340619 [info ] [MainThread]: Unable to do partial parsing because a project config has changed
[0m14:41:29.341302 [debug] [MainThread]: Sending event: {'category': 'dbt', 'action': 'partial_parser', 'label': '218eb11b-a9f9-49f7-a504-75fc9c4f122f', 'context': [<snowplow_tracker.self_describing_json.SelfDescribingJson object at 0x000001F2B3A30C50>]}
[0m14:41:30.169469 [debug] [MainThread]: Sending event: {'category': 'dbt', 'action': 'load_project', 'label': '218eb11b-a9f9-49f7-a504-75fc9c4f122f', 'context': [<snowplow_tracker.self_describing_json.SelfDescribingJson object at 0x000001F2B2684230>]}
[0m14:41:30.220944 [debug] [MainThread]: Wrote artifact WritableManifest to C:\Users\user\Desktop\Finance-Bank\real_estate_pipeline\dbt_project\target\manifest.json
[0m14:41:30.223106 [debug] [MainThread]: Wrote artifact SemanticManifest to C:\Users\user\Desktop\Finance-Bank\real_estate_pipeline\dbt_project\target\semantic_manifest.json
[0m14:41:30.238931 [debug] [MainThread]: Wrote artifact OsiDocument to C:\Users\user\Desktop\Finance-Bank\real_estate_pipeline\dbt_project\target\osi_document.json
[0m14:41:30.246320 [debug] [MainThread]: Sending event: {'category': 'dbt', 'action': 'resource_counts', 'label': '218eb11b-a9f9-49f7-a504-75fc9c4f122f', 'context': [<snowplow_tracker.self_describing_json.SelfDescribingJson object at 0x000001F2B3CD10F0>]}
[0m14:41:30.246640 [info ] [MainThread]: Found 9 models, 4 sources, 545 macros
[0m14:41:30.247005 [debug] [MainThread]: Sending event: {'category': 'dbt', 'action': 'runnable_timing', 'label': '218eb11b-a9f9-49f7-a504-75fc9c4f122f', 'context': [<snowplow_tracker.self_describing_json.SelfDescribingJson object at 0x000001F2B3A59B20>]}
[0m14:41:30.248440 [info ] [MainThread]: 
[0m14:41:30.248751 [info ] [MainThread]: Concurrency: 4 threads (target='dev')
[0m14:41:30.249021 [info ] [MainThread]: 
[0m14:41:30.249694 [debug] [MainThread]: Acquiring new snowflake connection 'master'
[0m14:41:30.252932 [debug] [ThreadPool]: Acquiring new snowflake connection 'list_FINANCE_DW'
[0m14:41:30.260726 [debug] [ThreadPool]: Acquiring new snowflake connection 'list_FINANCE_DW'
[0m14:41:30.262449 [debug] [ThreadPool]: Using snowflake connection "list_FINANCE_DW"
[0m14:41:30.262667 [debug] [ThreadPool]: On list_FINANCE_DW: show terse schemas in database FINANCE_DW
    limit 10000
/* {"app": "dbt", "dbt_version": "1.12.0", "profile_name": "dbt_project", "target_name": "dev", "connection_name": "list_FINANCE_DW"} */
[0m14:41:30.263143 [debug] [ThreadPool]: Opening a new connection, currently in state init
[0m14:41:30.262942 [debug] [ThreadPool]: Using snowflake connection "list_FINANCE_DW"
[0m14:41:30.263412 [debug] [ThreadPool]: On list_FINANCE_DW: show terse schemas in database FINANCE_DW
    limit 10000
/* {"app": "dbt", "dbt_version": "1.12.0", "profile_name": "dbt_project", "target_name": "dev", "connection_name": "list_FINANCE_DW"} */
[0m14:41:30.263595 [debug] [ThreadPool]: Opening a new connection, currently in state init
[0m14:41:31.691982 [debug] [ThreadPool]: SQL status: SUCCESS 5 in 1.428 seconds
[0m14:41:31.720374 [debug] [ThreadPool]: SQL status: SUCCESS 5 in 1.457 seconds
[0m14:41:31.724005 [debug] [ThreadPool]: Re-using an available connection from the pool (formerly list_FINANCE_DW, now create_FINANCE_DW_SILVER_gold)
[0m14:41:31.726048 [debug] [ThreadPool]: Creating schema "database: "FINANCE_DW"
schema: "SILVER_gold"
"
[0m14:41:31.729745 [debug] [ThreadPool]: Using snowflake connection "create_FINANCE_DW_SILVER_gold"
[0m14:41:31.725276 [debug] [ThreadPool]: Re-using an available connection from the pool (formerly list_FINANCE_DW, now create_FINANCE_DW_SILVER_silver)
[0m14:41:31.730296 [debug] [ThreadPool]: Creating schema "database: "FINANCE_DW"
schema: "SILVER_silver"
"
[0m14:41:31.730970 [debug] [ThreadPool]: Using snowflake connection "create_FINANCE_DW_SILVER_silver"
[0m14:41:31.731158 [debug] [ThreadPool]: On create_FINANCE_DW_SILVER_silver: create schema if not exists FINANCE_DW.SILVER_silver
/* {"app": "dbt", "dbt_version": "1.12.0", "profile_name": "dbt_project", "target_name": "dev", "connection_name": "create_FINANCE_DW_SILVER_silver"} */
[0m14:41:31.730004 [debug] [ThreadPool]: On create_FINANCE_DW_SILVER_gold: create schema if not exists FINANCE_DW.SILVER_gold
/* {"app": "dbt", "dbt_version": "1.12.0", "profile_name": "dbt_project", "target_name": "dev", "connection_name": "create_FINANCE_DW_SILVER_gold"} */
[0m14:41:31.857829 [debug] [ThreadPool]: SQL status: SUCCESS 1 in 0.126 seconds
[0m14:41:31.878044 [debug] [ThreadPool]: SQL status: SUCCESS 1 in 0.146 seconds
[0m14:41:31.883276 [debug] [ThreadPool]: Acquiring new snowflake connection 'list_FINANCE_DW_SILVER_gold'
[0m14:41:31.892170 [debug] [ThreadPool]: Using snowflake connection "list_FINANCE_DW_SILVER_gold"
[0m14:41:31.892391 [debug] [ThreadPool]: On list_FINANCE_DW_SILVER_gold: show objects in FINANCE_DW.SILVER_gold
    limit 10000
    

/* {"app": "dbt", "dbt_version": "1.12.0", "profile_name": "dbt_project", "target_name": "dev", "connection_name": "list_FINANCE_DW_SILVER_gold"} */;
[0m14:41:31.892572 [debug] [ThreadPool]: Opening a new connection, currently in state init
[0m14:41:31.893363 [debug] [ThreadPool]: Acquiring new snowflake connection 'list_FINANCE_DW_SILVER_silver'
[0m14:41:31.894193 [debug] [ThreadPool]: Using snowflake connection "list_FINANCE_DW_SILVER_silver"
[0m14:41:31.894399 [debug] [ThreadPool]: On list_FINANCE_DW_SILVER_silver: show objects in FINANCE_DW.SILVER_silver
    limit 10000
    

/* {"app": "dbt", "dbt_version": "1.12.0", "profile_name": "dbt_project", "target_name": "dev", "connection_name": "list_FINANCE_DW_SILVER_silver"} */;
[0m14:41:31.894580 [debug] [ThreadPool]: Opening a new connection, currently in state init
[0m14:41:32.333302 [debug] [ThreadPool]: SQL status: SUCCESS 0 in 0.441 seconds
[0m14:41:32.339693 [debug] [ThreadPool]: Using snowflake connection "list_FINANCE_DW_SILVER_gold"
[0m14:41:32.339898 [debug] [ThreadPool]: On list_FINANCE_DW_SILVER_gold: show user functions in FINANCE_DW.SILVER_gold
/* {"app": "dbt", "dbt_version": "1.12.0", "profile_name": "dbt_project", "target_name": "dev", "connection_name": "list_FINANCE_DW_SILVER_gold"} */
[0m14:41:32.413014 [debug] [ThreadPool]: SQL status: SUCCESS 0 in 0.518 seconds
[0m14:41:32.416474 [debug] [ThreadPool]: Using snowflake connection "list_FINANCE_DW_SILVER_silver"
[0m14:41:32.416712 [debug] [ThreadPool]: On list_FINANCE_DW_SILVER_silver: show user functions in FINANCE_DW.SILVER_silver
/* {"app": "dbt", "dbt_version": "1.12.0", "profile_name": "dbt_project", "target_name": "dev", "connection_name": "list_FINANCE_DW_SILVER_silver"} */
[0m14:41:32.455684 [debug] [ThreadPool]: SQL status: SUCCESS 0 in 0.115 seconds
[0m14:41:32.536987 [debug] [ThreadPool]: SQL status: SUCCESS 0 in 0.120 seconds
[0m14:41:32.540748 [debug] [MainThread]: Sending event: {'category': 'dbt', 'action': 'runnable_timing', 'label': '218eb11b-a9f9-49f7-a504-75fc9c4f122f', 'context': [<snowplow_tracker.self_describing_json.SelfDescribingJson object at 0x000001F2B3CFAED0>]}
[0m14:41:32.547189 [debug] [Thread-2 (]: Began running node model.real_estate_pipeline.stg_accounts
[0m14:41:32.547888 [debug] [Thread-4 (]: Began running node model.real_estate_pipeline.stg_loans
[0m14:41:32.547586 [info ] [Thread-2 (]: 1 of 9 START sql view model SILVER_silver.stg_accounts ......................... [RUN]
[0m14:41:32.548597 [debug] [Thread-2 (]: Acquiring new snowflake connection 'model.real_estate_pipeline.stg_accounts'
[0m14:41:32.548815 [debug] [Thread-2 (]: Began compiling node model.real_estate_pipeline.stg_accounts
[0m14:41:32.551776 [debug] [Thread-3 (]: Began running node model.real_estate_pipeline.stg_customers
[0m14:41:32.553248 [debug] [Thread-2 (]: Writing injected SQL for node "model.real_estate_pipeline.stg_accounts"
[0m14:41:32.553720 [debug] [Thread-5 (]: Began running node model.real_estate_pipeline.stg_transactions
[0m14:41:32.552073 [info ] [Thread-3 (]: 2 of 9 START sql view model SILVER_silver.stg_customers ........................ [RUN]
[0m14:41:32.554497 [debug] [Thread-3 (]: Acquiring new snowflake connection 'model.real_estate_pipeline.stg_customers'
[0m14:41:32.554750 [debug] [Thread-3 (]: Began compiling node model.real_estate_pipeline.stg_customers
[0m14:41:32.556270 [debug] [Thread-3 (]: Writing injected SQL for node "model.real_estate_pipeline.stg_customers"
[0m14:41:32.556566 [debug] [Thread-2 (]: Began executing node model.real_estate_pipeline.stg_accounts
[0m14:41:32.554036 [info ] [Thread-5 (]: 4 of 9 START sql view model SILVER_silver.stg_transactions ..................... [RUN]
[0m14:41:32.548231 [info ] [Thread-4 (]: 3 of 9 START sql view model SILVER_silver.stg_loans ............................ [RUN]
[0m14:41:32.568423 [debug] [Thread-5 (]: Acquiring new snowflake connection 'model.real_estate_pipeline.stg_transactions'
[0m14:41:32.575949 [debug] [Thread-4 (]: Acquiring new snowflake connection 'model.real_estate_pipeline.stg_loans'
[0m14:41:32.579785 [debug] [Thread-4 (]: Began compiling node model.real_estate_pipeline.stg_loans
[0m14:41:32.580966 [debug] [Thread-4 (]: Writing injected SQL for node "model.real_estate_pipeline.stg_loans"
[0m14:41:32.579579 [debug] [Thread-3 (]: Began executing node model.real_estate_pipeline.stg_customers
[0m14:41:32.579043 [debug] [Thread-2 (]: Writing runtime sql for node "model.real_estate_pipeline.stg_accounts"
[0m14:41:32.582373 [debug] [Thread-3 (]: Writing runtime sql for node "model.real_estate_pipeline.stg_customers"
[0m14:41:32.579361 [debug] [Thread-5 (]: Began compiling node model.real_estate_pipeline.stg_transactions
[0m14:41:32.584045 [debug] [Thread-5 (]: Writing injected SQL for node "model.real_estate_pipeline.stg_transactions"
[0m14:41:32.584891 [debug] [Thread-2 (]: Using snowflake connection "model.real_estate_pipeline.stg_accounts"
[0m14:41:32.585167 [debug] [Thread-2 (]: On model.real_estate_pipeline.stg_accounts: create or replace   view FINANCE_DW.SILVER_silver.stg_accounts
  
  
  
  
  as (
    with source as (
    select
        $1::int as account_id,
        $2::int as customer_id,
        $3::int as account_type_id,
        $4::int as account_status_id,
        $5::numeric(15,2) as balance,
        try_to_timestamp($6::varchar) as opening_date,
        row_number() over (
            partition by $1::int 
            order by try_to_timestamp($6::varchar) desc
        ) as rn
    from FINANCE_DW.BRONZE.RAW_ACCOUNTS
)

select
    account_id,
    customer_id,
    account_type_id,
    account_status_id,
    balance,
    opening_date
from source
where rn = 1
  )
/* {"app": "dbt", "dbt_version": "1.12.0", "profile_name": "dbt_project", "target_name": "dev", "node_id": "model.real_estate_pipeline.stg_accounts"} */;
[0m14:41:32.585415 [debug] [Thread-2 (]: Opening a new connection, currently in state init
[0m14:41:32.586412 [debug] [Thread-5 (]: Began executing node model.real_estate_pipeline.stg_transactions
[0m14:41:32.582928 [debug] [Thread-4 (]: Began executing node model.real_estate_pipeline.stg_loans
[0m14:41:32.586021 [debug] [Thread-3 (]: Using snowflake connection "model.real_estate_pipeline.stg_customers"
[0m14:41:32.587665 [debug] [Thread-5 (]: Writing runtime sql for node "model.real_estate_pipeline.stg_transactions"
[0m14:41:32.589080 [debug] [Thread-4 (]: Writing runtime sql for node "model.real_estate_pipeline.stg_loans"
[0m14:41:32.589393 [debug] [Thread-3 (]: On model.real_estate_pipeline.stg_customers: create or replace   view FINANCE_DW.SILVER_silver.stg_customers
  
  
  
  
  as (
    with source as (
    select
        $1::int as customer_id,
        trim($2)::varchar as first_name,
        trim($3)::varchar as last_name,
        try_to_timestamp(nullif(trim($4::varchar), 'NaT')) as date_of_birth,
        $5::int as address_id,
        $6::int as customer_type_id,
        row_number() over (
            partition by $1::int 
            order by $1::int
        ) as rn
    from FINANCE_DW.BRONZE.RAW_CUSTOMERS
)

select
    customer_id,
    first_name,
    last_name,
    date_of_birth,
    address_id,
    customer_type_id
from source
where rn = 1
  )
/* {"app": "dbt", "dbt_version": "1.12.0", "profile_name": "dbt_project", "target_name": "dev", "node_id": "model.real_estate_pipeline.stg_customers"} */;
[0m14:41:32.590499 [debug] [Thread-3 (]: Opening a new connection, currently in state init
[0m14:41:32.591762 [debug] [Thread-5 (]: Using snowflake connection "model.real_estate_pipeline.stg_transactions"
[0m14:41:32.592739 [debug] [Thread-5 (]: On model.real_estate_pipeline.stg_transactions: create or replace   view FINANCE_DW.SILVER_silver.stg_transactions
  
  
  
  
  as (
    with source as (
    select
        $1::int as transaction_id,
        $2::int as account_origin_id,
        $3::int as account_destination_id,
        $4::int as transaction_type_id,
        $5::numeric(15,2) as amount,
        $6::timestamp as transaction_date,
        $7::int as branch_id,
        trim($8)::varchar as description,
        row_number() over (
            partition by $1::int 
            order by $6::timestamp desc
        ) as rn
    from FINANCE_DW.BRONZE.RAW_TRANSACTIONS
)

select
    transaction_id,
    account_origin_id,
    account_destination_id,
    transaction_type_id,
    amount,
    transaction_date,
    branch_id,
    description
from source
where rn = 1
  )
/* {"app": "dbt", "dbt_version": "1.12.0", "profile_name": "dbt_project", "target_name": "dev", "node_id": "model.real_estate_pipeline.stg_transactions"} */;
[0m14:41:32.593040 [debug] [Thread-5 (]: Opening a new connection, currently in state init
[0m14:41:32.592430 [debug] [Thread-4 (]: Using snowflake connection "model.real_estate_pipeline.stg_loans"
[0m14:41:32.593778 [debug] [Thread-4 (]: On model.real_estate_pipeline.stg_loans: create or replace   view FINANCE_DW.SILVER_silver.stg_loans
  
  
  
  
  as (
    with source as (
    select
        $1::int as loan_id,
        $2::int as account_id,
        $3::int as loan_status_id,
        $4::numeric(15,2) as principal_amount,
        $5::numeric(5,4) as interest_rate,
        $6::timestamp as start_date,
        $7::timestamp as estimated_end_date,
        row_number() over (
            partition by $1::int 
            order by $6::timestamp desc
        ) as rn
    from FINANCE_DW.BRONZE.RAW_LOANS
)

select
    loan_id,
    account_id,
    loan_status_id,
    principal_amount,
    interest_rate,
    start_date,
    estimated_end_date
from source
where rn = 1
  )
/* {"app": "dbt", "dbt_version": "1.12.0", "profile_name": "dbt_project", "target_name": "dev", "node_id": "model.real_estate_pipeline.stg_loans"} */;
[0m14:41:32.594082 [debug] [Thread-4 (]: Opening a new connection, currently in state init
[0m14:41:33.316193 [debug] [Thread-2 (]: SQL status: SUCCESS 1 in 0.730 seconds
[0m14:41:33.331134 [debug] [Thread-2 (]: Sending event: {'category': 'dbt', 'action': 'run_model', 'label': '218eb11b-a9f9-49f7-a504-75fc9c4f122f', 'context': [<snowplow_tracker.self_describing_json.SelfDescribingJson object at 0x000001F28DA24310>]}
[0m14:41:33.331527 [info ] [Thread-2 (]: 1 of 9 OK created sql view model SILVER_silver.stg_accounts .................... [[32mSUCCESS 1[0m in 0.78s]
[0m14:41:33.331931 [debug] [Thread-2 (]: Finished running node model.real_estate_pipeline.stg_accounts
[0m14:41:33.332266 [debug] [Thread-2 (]: Began running node model.real_estate_pipeline.dim_accounts
[0m14:41:33.332522 [info ] [Thread-2 (]: 5 of 9 START sql table model SILVER_gold.dim_accounts .......................... [RUN]
[0m14:41:33.332819 [debug] [Thread-2 (]: Re-using an available connection from the pool (formerly model.real_estate_pipeline.stg_accounts, now model.real_estate_pipeline.dim_accounts)
[0m14:41:33.333018 [debug] [Thread-2 (]: Began compiling node model.real_estate_pipeline.dim_accounts
[0m14:41:33.334029 [debug] [Thread-2 (]: Writing injected SQL for node "model.real_estate_pipeline.dim_accounts"
[0m14:41:33.334595 [debug] [Thread-2 (]: Began executing node model.real_estate_pipeline.dim_accounts
[0m14:41:33.350651 [debug] [Thread-2 (]: Writing runtime sql for node "model.real_estate_pipeline.dim_accounts"
[0m14:41:33.351543 [debug] [Thread-2 (]: Using snowflake connection "model.real_estate_pipeline.dim_accounts"
[0m14:41:33.351857 [debug] [Thread-2 (]: On model.real_estate_pipeline.dim_accounts: create or replace transient table FINANCE_DW.SILVER_gold.dim_accounts
    
    
    
    
    

    as (select
    account_id,
    customer_id,
    account_type_id,
    account_status_id,
    balance,
    opening_date
from FINANCE_DW.SILVER_silver.stg_accounts
    )

/* {"app": "dbt", "dbt_version": "1.12.0", "profile_name": "dbt_project", "target_name": "dev", "node_id": "model.real_estate_pipeline.dim_accounts"} */;
[0m14:41:33.797444 [debug] [Thread-3 (]: SQL status: SUCCESS 1 in 1.207 seconds
[0m14:41:33.801550 [debug] [Thread-3 (]: Sending event: {'category': 'dbt', 'action': 'run_model', 'label': '218eb11b-a9f9-49f7-a504-75fc9c4f122f', 'context': [<snowplow_tracker.self_describing_json.SelfDescribingJson object at 0x000001F2B3F93B10>]}
[0m14:41:33.801971 [info ] [Thread-3 (]: 2 of 9 OK created sql view model SILVER_silver.stg_customers ................... [[32mSUCCESS 1[0m in 1.25s]
[0m14:41:33.802364 [debug] [Thread-3 (]: Finished running node model.real_estate_pipeline.stg_customers
[0m14:41:33.802719 [debug] [Thread-3 (]: Began running node model.real_estate_pipeline.dim_customers
[0m14:41:33.803008 [info ] [Thread-3 (]: 6 of 9 START sql table model SILVER_gold.dim_customers ......................... [RUN]
[0m14:41:33.803305 [debug] [Thread-3 (]: Re-using an available connection from the pool (formerly model.real_estate_pipeline.stg_customers, now model.real_estate_pipeline.dim_customers)
[0m14:41:33.803503 [debug] [Thread-3 (]: Began compiling node model.real_estate_pipeline.dim_customers
[0m14:41:33.805141 [debug] [Thread-3 (]: Writing injected SQL for node "model.real_estate_pipeline.dim_customers"
[0m14:41:33.806397 [debug] [Thread-3 (]: Began executing node model.real_estate_pipeline.dim_customers
[0m14:41:33.808301 [debug] [Thread-3 (]: Writing runtime sql for node "model.real_estate_pipeline.dim_customers"
[0m14:41:33.809499 [debug] [Thread-3 (]: Using snowflake connection "model.real_estate_pipeline.dim_customers"
[0m14:41:33.809800 [debug] [Thread-3 (]: On model.real_estate_pipeline.dim_customers: create or replace transient table FINANCE_DW.SILVER_gold.dim_customers
    
    
    
    
    

    as (with customers as (
    select * from FINANCE_DW.SILVER_silver.stg_customers
),
accounts as (
    select 
        customer_id,
        count(account_id) as total_accounts,
        sum(balance) as total_balance
    from FINANCE_DW.SILVER_silver.stg_accounts
    group by customer_id
)

select
    c.customer_id,
    c.first_name,
    c.last_name,
    c.date_of_birth,
    c.customer_type_id,
    coalesce(a.total_accounts, 0) as total_accounts,
    coalesce(a.total_balance, 0) as total_balance
from customers c
left join accounts a on c.customer_id = a.customer_id
    )

/* {"app": "dbt", "dbt_version": "1.12.0", "profile_name": "dbt_project", "target_name": "dev", "node_id": "model.real_estate_pipeline.dim_customers"} */;
[0m14:41:33.811676 [debug] [Thread-5 (]: SQL status: SUCCESS 1 in 1.219 seconds
[0m14:41:33.812919 [debug] [Thread-5 (]: Sending event: {'category': 'dbt', 'action': 'run_model', 'label': '218eb11b-a9f9-49f7-a504-75fc9c4f122f', 'context': [<snowplow_tracker.self_describing_json.SelfDescribingJson object at 0x000001F2B4058550>]}
[0m14:41:33.813261 [info ] [Thread-5 (]: 4 of 9 OK created sql view model SILVER_silver.stg_transactions ................ [[32mSUCCESS 1[0m in 1.24s]
[0m14:41:33.813619 [debug] [Thread-5 (]: Finished running node model.real_estate_pipeline.stg_transactions
[0m14:41:33.814107 [debug] [Thread-5 (]: Began running node model.real_estate_pipeline.fct_transactions
[0m14:41:33.814549 [info ] [Thread-5 (]: 7 of 9 START sql table model SILVER_gold.fct_transactions ...................... [RUN]
[0m14:41:33.814920 [debug] [Thread-5 (]: Re-using an available connection from the pool (formerly model.real_estate_pipeline.stg_transactions, now model.real_estate_pipeline.fct_transactions)
[0m14:41:33.815129 [debug] [Thread-5 (]: Began compiling node model.real_estate_pipeline.fct_transactions
[0m14:41:33.816446 [debug] [Thread-5 (]: Writing injected SQL for node "model.real_estate_pipeline.fct_transactions"
[0m14:41:33.817061 [debug] [Thread-5 (]: Began executing node model.real_estate_pipeline.fct_transactions
[0m14:41:33.818948 [debug] [Thread-5 (]: Writing runtime sql for node "model.real_estate_pipeline.fct_transactions"
[0m14:41:33.820093 [debug] [Thread-5 (]: Using snowflake connection "model.real_estate_pipeline.fct_transactions"
[0m14:41:33.820441 [debug] [Thread-5 (]: On model.real_estate_pipeline.fct_transactions: create or replace transient table FINANCE_DW.SILVER_gold.fct_transactions
    
    
    
    
    

    as (select
    t.transaction_id,
    t.account_origin_id,
    t.account_destination_id,
    a.customer_id as origin_customer_id,
    t.transaction_type_id,
    t.branch_id,
    to_char(t.transaction_date::date, 'YYYYMMDD')::int as date_id,
    t.transaction_date,
    t.amount
from FINANCE_DW.SILVER_silver.stg_transactions t
left join FINANCE_DW.SILVER_silver.stg_accounts a on t.account_origin_id = a.account_id
    )

/* {"app": "dbt", "dbt_version": "1.12.0", "profile_name": "dbt_project", "target_name": "dev", "node_id": "model.real_estate_pipeline.fct_transactions"} */;
[0m14:41:33.856591 [debug] [Thread-4 (]: SQL status: SUCCESS 1 in 1.262 seconds
[0m14:41:33.859016 [debug] [Thread-4 (]: Sending event: {'category': 'dbt', 'action': 'run_model', 'label': '218eb11b-a9f9-49f7-a504-75fc9c4f122f', 'context': [<snowplow_tracker.self_describing_json.SelfDescribingJson object at 0x000001F2B409C590>]}
[0m14:41:33.859595 [info ] [Thread-4 (]: 3 of 9 OK created sql view model SILVER_silver.stg_loans ....................... [[32mSUCCESS 1[0m in 1.28s]
[0m14:41:33.860147 [debug] [Thread-4 (]: Finished running node model.real_estate_pipeline.stg_loans
[0m14:41:33.860771 [debug] [Thread-4 (]: Began running node model.real_estate_pipeline.dim_date
[0m14:41:33.861190 [info ] [Thread-4 (]: 8 of 9 START sql table model SILVER_gold.dim_date .............................. [RUN]
[0m14:41:33.861678 [debug] [Thread-4 (]: Re-using an available connection from the pool (formerly model.real_estate_pipeline.stg_loans, now model.real_estate_pipeline.dim_date)
[0m14:41:33.861929 [debug] [Thread-4 (]: Began compiling node model.real_estate_pipeline.dim_date
[0m14:41:33.863483 [debug] [Thread-4 (]: Writing injected SQL for node "model.real_estate_pipeline.dim_date"
[0m14:41:33.864184 [debug] [Thread-4 (]: Began executing node model.real_estate_pipeline.dim_date
[0m14:41:33.865487 [debug] [Thread-4 (]: Writing runtime sql for node "model.real_estate_pipeline.dim_date"
[0m14:41:33.866499 [debug] [Thread-4 (]: Using snowflake connection "model.real_estate_pipeline.dim_date"
[0m14:41:33.866815 [debug] [Thread-4 (]: On model.real_estate_pipeline.dim_date: create or replace transient table FINANCE_DW.SILVER_gold.dim_date
    
    
    
    
    

    as (with dates as (
    select transaction_date::date as date_day from FINANCE_DW.SILVER_silver.stg_transactions
    union
    select start_date::date as date_day from FINANCE_DW.SILVER_silver.stg_loans
    union
    select opening_date::date as date_day from FINANCE_DW.SILVER_silver.stg_accounts
)

select distinct
    to_char(date_day, 'YYYYMMDD')::int as date_id,
    date_day as full_date,
    year(date_day) as year,
    quarter(date_day) as quarter,
    month(date_day) as month,
    monthname(date_day) as month_name,
    day(date_day) as day,
    dayname(date_day) as day_of_week
from dates
where date_day is not null
    )

/* {"app": "dbt", "dbt_version": "1.12.0", "profile_name": "dbt_project", "target_name": "dev", "node_id": "model.real_estate_pipeline.dim_date"} */;
[0m14:41:34.082734 [debug] [Thread-2 (]: SQL status: SUCCESS 1651 in 0.730 seconds
[0m14:41:34.087252 [debug] [Thread-2 (]: Sending event: {'category': 'dbt', 'action': 'run_model', 'label': '218eb11b-a9f9-49f7-a504-75fc9c4f122f', 'context': [<snowplow_tracker.self_describing_json.SelfDescribingJson object at 0x000001F2B3FAF9B0>]}
[0m14:41:34.088186 [info ] [Thread-2 (]: 5 of 9 OK created sql table model SILVER_gold.dim_accounts ..................... [[32mSUCCESS 1651[0m in 0.75s]
[0m14:41:34.088590 [debug] [Thread-2 (]: Finished running node model.real_estate_pipeline.dim_accounts
[0m14:41:34.088811 [debug] [Thread-2 (]: Began running node model.real_estate_pipeline.fct_loans
[0m14:41:34.089051 [info ] [Thread-2 (]: 9 of 9 START sql table model SILVER_gold.fct_loans ............................. [RUN]
[0m14:41:34.089570 [debug] [Thread-2 (]: Re-using an available connection from the pool (formerly model.real_estate_pipeline.dim_accounts, now model.real_estate_pipeline.fct_loans)
[0m14:41:34.089801 [debug] [Thread-2 (]: Began compiling node model.real_estate_pipeline.fct_loans
[0m14:41:34.092031 [debug] [Thread-2 (]: Writing injected SQL for node "model.real_estate_pipeline.fct_loans"
[0m14:41:34.093425 [debug] [Thread-2 (]: Began executing node model.real_estate_pipeline.fct_loans
[0m14:41:34.096393 [debug] [Thread-2 (]: Writing runtime sql for node "model.real_estate_pipeline.fct_loans"
[0m14:41:34.098933 [debug] [Thread-2 (]: Using snowflake connection "model.real_estate_pipeline.fct_loans"
[0m14:41:34.099421 [debug] [Thread-2 (]: On model.real_estate_pipeline.fct_loans: create or replace transient table FINANCE_DW.SILVER_gold.fct_loans
    
    
    
    
    

    as (select
    l.loan_id,
    l.account_id,
    a.customer_id,
    l.loan_status_id,
    to_char(l.start_date::date, 'YYYYMMDD')::int as date_id,
    l.principal_amount,
    l.interest_rate,
    l.start_date,
    l.estimated_end_date
from FINANCE_DW.SILVER_silver.stg_loans l
left join FINANCE_DW.SILVER_silver.stg_accounts a on l.account_id = a.account_id
    )

/* {"app": "dbt", "dbt_version": "1.12.0", "profile_name": "dbt_project", "target_name": "dev", "node_id": "model.real_estate_pipeline.fct_loans"} */;
[0m14:41:34.712771 [debug] [Thread-3 (]: SQL status: SUCCESS 1100 in 0.902 seconds
[0m14:41:34.717020 [debug] [Thread-3 (]: Sending event: {'category': 'dbt', 'action': 'run_model', 'label': '218eb11b-a9f9-49f7-a504-75fc9c4f122f', 'context': [<snowplow_tracker.self_describing_json.SelfDescribingJson object at 0x000001F2B407CC50>]}
[0m14:41:34.718076 [info ] [Thread-3 (]: 6 of 9 OK created sql table model SILVER_gold.dim_customers .................... [[32mSUCCESS 1100[0m in 0.91s]
[0m14:41:34.719275 [debug] [Thread-3 (]: Finished running node model.real_estate_pipeline.dim_customers
[0m14:41:34.784165 [debug] [Thread-2 (]: SQL status: SUCCESS 330 in 0.684 seconds
[0m14:41:34.787698 [debug] [Thread-2 (]: Sending event: {'category': 'dbt', 'action': 'run_model', 'label': '218eb11b-a9f9-49f7-a504-75fc9c4f122f', 'context': [<snowplow_tracker.self_describing_json.SelfDescribingJson object at 0x000001F2B407FFB0>]}
[0m14:41:34.788089 [info ] [Thread-2 (]: 9 of 9 OK created sql table model SILVER_gold.fct_loans ........................ [[32mSUCCESS 330[0m in 0.70s]
[0m14:41:34.789167 [debug] [Thread-2 (]: Finished running node model.real_estate_pipeline.fct_loans
[0m14:41:34.789756 [debug] [Thread-4 (]: SQL status: SUCCESS 2253 in 0.923 seconds
[0m14:41:34.791508 [debug] [Thread-4 (]: Sending event: {'category': 'dbt', 'action': 'run_model', 'label': '218eb11b-a9f9-49f7-a504-75fc9c4f122f', 'context': [<snowplow_tracker.self_describing_json.SelfDescribingJson object at 0x000001F2B407E9F0>]}
[0m14:41:34.792057 [info ] [Thread-4 (]: 8 of 9 OK created sql table model SILVER_gold.dim_date ......................... [[32mSUCCESS 2253[0m in 0.93s]
[0m14:41:34.792641 [debug] [Thread-4 (]: Finished running node model.real_estate_pipeline.dim_date
[0m14:41:34.807550 [debug] [Thread-5 (]: SQL status: SUCCESS 49500 in 0.987 seconds
[0m14:41:34.809085 [debug] [Thread-5 (]: Sending event: {'category': 'dbt', 'action': 'run_model', 'label': '218eb11b-a9f9-49f7-a504-75fc9c4f122f', 'context': [<snowplow_tracker.self_describing_json.SelfDescribingJson object at 0x000001F2B40E2BD0>]}
[0m14:41:34.809486 [info ] [Thread-5 (]: 7 of 9 OK created sql table model SILVER_gold.fct_transactions ................. [[32mSUCCESS 49500[0m in 0.99s]
[0m14:41:34.809993 [debug] [Thread-5 (]: Finished running node model.real_estate_pipeline.fct_transactions
[0m14:41:34.811121 [debug] [MainThread]: Connection 'master' was properly closed.
[0m14:41:34.811328 [debug] [MainThread]: Connection 'create_FINANCE_DW_SILVER_silver' was left open.
[0m14:41:34.811507 [debug] [MainThread]: On create_FINANCE_DW_SILVER_silver: Close
[0m14:41:34.983205 [debug] [MainThread]: Connection 'create_FINANCE_DW_SILVER_gold' was left open.
[0m14:41:34.984351 [debug] [MainThread]: On create_FINANCE_DW_SILVER_gold: Close
[0m14:41:35.183755 [debug] [MainThread]: Connection 'list_FINANCE_DW_SILVER_gold' was left open.
[0m14:41:35.184608 [debug] [MainThread]: On list_FINANCE_DW_SILVER_gold: Close
[0m14:41:35.404882 [debug] [MainThread]: Connection 'list_FINANCE_DW_SILVER_silver' was left open.
[0m14:41:35.405738 [debug] [MainThread]: On list_FINANCE_DW_SILVER_silver: Close
[0m14:41:35.587254 [debug] [MainThread]: Connection 'model.real_estate_pipeline.fct_loans' was left open.
[0m14:41:35.588001 [debug] [MainThread]: On model.real_estate_pipeline.fct_loans: Close
[0m14:41:35.744224 [debug] [MainThread]: Connection 'model.real_estate_pipeline.dim_customers' was left open.
[0m14:41:35.744513 [debug] [MainThread]: On model.real_estate_pipeline.dim_customers: Close
[0m14:41:35.908564 [debug] [MainThread]: Connection 'model.real_estate_pipeline.fct_transactions' was left open.
[0m14:41:35.909364 [debug] [MainThread]: On model.real_estate_pipeline.fct_transactions: Close
[0m14:41:36.065026 [debug] [MainThread]: Connection 'model.real_estate_pipeline.dim_date' was left open.
[0m14:41:36.065920 [debug] [MainThread]: On model.real_estate_pipeline.dim_date: Close
[0m14:41:36.230847 [info ] [MainThread]: 
[0m14:41:36.231861 [info ] [MainThread]: Finished running 5 table models, 4 view models in 0 hours 0 minutes and 5.98 seconds (5.98s).
[0m14:41:36.234114 [debug] [MainThread]: Command end result
[0m14:41:36.259016 [debug] [MainThread]: Wrote artifact WritableManifest to C:\Users\user\Desktop\Finance-Bank\real_estate_pipeline\dbt_project\target\manifest.json
[0m14:41:36.261248 [debug] [MainThread]: Wrote artifact SemanticManifest to C:\Users\user\Desktop\Finance-Bank\real_estate_pipeline\dbt_project\target\semantic_manifest.json
[0m14:41:36.263177 [debug] [MainThread]: Wrote artifact OsiDocument to C:\Users\user\Desktop\Finance-Bank\real_estate_pipeline\dbt_project\target\osi_document.json
[0m14:41:36.268275 [debug] [MainThread]: Wrote artifact RunExecutionResult to C:\Users\user\Desktop\Finance-Bank\real_estate_pipeline\dbt_project\target\run_results.json
[0m14:41:36.268512 [info ] [MainThread]: 
[0m14:41:36.268912 [info ] [MainThread]: [32mCompleted successfully[0m
[0m14:41:36.269166 [info ] [MainThread]: 
[0m14:41:36.269430 [info ] [MainThread]: Done. PASS=9 WARN=0 ERROR=0 SKIP=0 NO-OP=0 REUSED=0 TOTAL=9
[0m14:41:36.269925 [debug] [MainThread]: Command `python -m dbt.cli.main run` succeeded at 14:41:36.269853 after 8.08 seconds
[0m14:41:36.270150 [debug] [MainThread]: Sending event: {'category': 'dbt', 'action': 'invocation', 'label': 'end', 'context': [<snowplow_tracker.self_describing_json.SelfDescribingJson object at 0x000001F2B3E02510>, <snowplow_tracker.self_describing_json.SelfDescribingJson object at 0x000001F28E116390>, <snowplow_tracker.self_describing_json.SelfDescribingJson object at 0x000001F2B3FAF5F0>]}
[0m14:41:36.270366 [debug] [MainThread]: Flushing usage events
[0m14:41:37.028281 [debug] [MainThread]: An error was encountered while trying to flush usage events
[0m14:56:45.576161 [debug] [MainThread]: Sending event: {'category': 'dbt', 'action': 'invocation', 'label': 'start', 'context': [<snowplow_tracker.self_describing_json.SelfDescribingJson object at 0x000001EE948DD010>, <snowplow_tracker.self_describing_json.SelfDescribingJson object at 0x000001EE9217CE10>, <snowplow_tracker.self_describing_json.SelfDescribingJson object at 0x000001EE972E39D0>]}


============================== 14:56:45.582966 | 49a1d79e-7c11-4093-adf1-64c776deb055 ==============================
[0m14:56:45.582966 [info ] [MainThread]: Running with dbt=1.12.0
[0m14:56:45.583463 [debug] [MainThread]: running dbt with arguments {'static_parser': 'True', 'no_print': 'None', 'maximum_seed_size_mib': '1', 'target_path': 'None', 'version_check': 'True', 'warn_error_options': 'WarnErrorOptionsV2(error=[], warn=[], silence=[])', 'printer_width': '80', 'write_json': 'True', 'introspect': 'True', 'log_cache_events': 'False', 'empty': 'False', 'cache_selected_only': 'False', 'log_format': 'default', 'debug': 'False', 'fail_fast': 'False', 'partial_parse': 'True', 'send_anonymous_usage_stats': 'True', 'quiet': 'False', 'warn_error': 'None', 'profiles_dir': 'C:\\Users\\user\\Desktop\\Finance-Bank\\real_estate_pipeline\\dbt_project', 'indirect_selection': 'eager', 'hints_enabled': 'True', 'invocation_command': 'dbt run', 'use_experimental_parser': 'False', 'use_colors': 'True', 'log_path': 'C:\\Users\\user\\Desktop\\Finance-Bank\\real_estate_pipeline\\dbt_project\\logs'}
[0m14:56:46.187349 [debug] [MainThread]: Snowflake adapter: Setting snowflake.connector to ERROR (file logging only)
[0m14:56:46.187674 [debug] [MainThread]: Snowflake adapter: Setting botocore to ERROR (file logging only)
[0m14:56:46.187864 [debug] [MainThread]: Snowflake adapter: Setting boto3 to ERROR (file logging only)
[0m14:56:46.345512 [debug] [MainThread]: Sending event: {'category': 'dbt', 'action': 'project_id', 'label': '49a1d79e-7c11-4093-adf1-64c776deb055', 'context': [<snowplow_tracker.self_describing_json.SelfDescribingJson object at 0x000001EEB96CD0F0>]}
[0m14:56:46.391945 [debug] [MainThread]: Sending event: {'category': 'dbt', 'action': 'adapter_info', 'label': '49a1d79e-7c11-4093-adf1-64c776deb055', 'context': [<snowplow_tracker.self_describing_json.SelfDescribingJson object at 0x000001EE920C8380>]}
[0m14:56:46.393252 [info ] [MainThread]: Registered adapter: snowflake=1.12.0
[0m14:56:46.570507 [debug] [MainThread]: checksum: 17b8c0eed372bdc76158915a5b86153b95ebcdfebef695d6713d3c569800f71e, vars: {}, profile: dbt_project, target: dev, version: 1.12.0
[0m14:56:46.662835 [debug] [MainThread]: Partial parsing enabled: 0 files deleted, 1 files added, 0 files changed.
[0m14:56:46.663199 [debug] [MainThread]: Partial parsing: added file: real_estate_pipeline://macros\generate_schema_name.sql
[0m14:56:46.664674 [info ] [MainThread]: Unable to do partial parsing because change detected to override macro. Starting full parse.
[0m14:56:47.469812 [debug] [MainThread]: Sending event: {'category': 'dbt', 'action': 'load_project', 'label': '49a1d79e-7c11-4093-adf1-64c776deb055', 'context': [<snowplow_tracker.self_describing_json.SelfDescribingJson object at 0x000001EEBADF2B50>]}
[0m14:56:47.522068 [debug] [MainThread]: Wrote artifact WritableManifest to C:\Users\user\Desktop\Finance-Bank\real_estate_pipeline\dbt_project\target\manifest.json
[0m14:56:47.524222 [debug] [MainThread]: Wrote artifact SemanticManifest to C:\Users\user\Desktop\Finance-Bank\real_estate_pipeline\dbt_project\target\semantic_manifest.json
[0m14:56:47.540079 [debug] [MainThread]: Wrote artifact OsiDocument to C:\Users\user\Desktop\Finance-Bank\real_estate_pipeline\dbt_project\target\osi_document.json
[0m14:56:47.547501 [debug] [MainThread]: Sending event: {'category': 'dbt', 'action': 'resource_counts', 'label': '49a1d79e-7c11-4093-adf1-64c776deb055', 'context': [<snowplow_tracker.self_describing_json.SelfDescribingJson object at 0x000001EE96F7B5C0>]}
[0m14:56:47.547900 [info ] [MainThread]: Found 9 models, 4 sources, 546 macros
[0m14:56:47.548200 [debug] [MainThread]: Sending event: {'category': 'dbt', 'action': 'runnable_timing', 'label': '49a1d79e-7c11-4093-adf1-64c776deb055', 'context': [<snowplow_tracker.self_describing_json.SelfDescribingJson object at 0x000001EEB9961010>]}
[0m14:56:47.549920 [info ] [MainThread]: 
[0m14:56:47.550307 [info ] [MainThread]: Concurrency: 4 threads (target='dev')
[0m14:56:47.550602 [info ] [MainThread]: 
[0m14:56:47.551011 [debug] [MainThread]: Acquiring new snowflake connection 'master'
[0m14:56:47.554196 [debug] [ThreadPool]: Acquiring new snowflake connection 'list_FINANCE_DW'
[0m14:56:47.561810 [debug] [ThreadPool]: Acquiring new snowflake connection 'list_FINANCE_DW'
[0m14:56:47.563908 [debug] [ThreadPool]: Using snowflake connection "list_FINANCE_DW"
[0m14:56:47.564127 [debug] [ThreadPool]: On list_FINANCE_DW: show terse schemas in database FINANCE_DW
    limit 10000
/* {"app": "dbt", "dbt_version": "1.12.0", "profile_name": "dbt_project", "target_name": "dev", "connection_name": "list_FINANCE_DW"} */
[0m14:56:47.564330 [debug] [ThreadPool]: Opening a new connection, currently in state init
[0m14:56:47.564751 [debug] [ThreadPool]: Using snowflake connection "list_FINANCE_DW"
[0m14:56:47.565009 [debug] [ThreadPool]: On list_FINANCE_DW: show terse schemas in database FINANCE_DW
    limit 10000
/* {"app": "dbt", "dbt_version": "1.12.0", "profile_name": "dbt_project", "target_name": "dev", "connection_name": "list_FINANCE_DW"} */
[0m14:56:47.565193 [debug] [ThreadPool]: Opening a new connection, currently in state init
[0m14:56:48.809233 [debug] [ThreadPool]: SQL status: SUCCESS 7 in 1.245 seconds
[0m14:56:48.811755 [debug] [ThreadPool]: SQL status: SUCCESS 7 in 1.246 seconds
[0m14:56:48.814270 [debug] [ThreadPool]: Acquiring new snowflake connection 'list_FINANCE_DW_gold'
[0m14:56:48.822211 [debug] [ThreadPool]: Using snowflake connection "list_FINANCE_DW_gold"
[0m14:56:48.822496 [debug] [ThreadPool]: On list_FINANCE_DW_gold: show objects in FINANCE_DW.gold
    limit 10000
    

/* {"app": "dbt", "dbt_version": "1.12.0", "profile_name": "dbt_project", "target_name": "dev", "connection_name": "list_FINANCE_DW_gold"} */;
[0m14:56:48.822723 [debug] [ThreadPool]: Opening a new connection, currently in state init
[0m14:56:48.823168 [debug] [ThreadPool]: Acquiring new snowflake connection 'list_FINANCE_DW_silver'
[0m14:56:48.823948 [debug] [ThreadPool]: Using snowflake connection "list_FINANCE_DW_silver"
[0m14:56:48.824168 [debug] [ThreadPool]: On list_FINANCE_DW_silver: show objects in FINANCE_DW.silver
    limit 10000
    

/* {"app": "dbt", "dbt_version": "1.12.0", "profile_name": "dbt_project", "target_name": "dev", "connection_name": "list_FINANCE_DW_silver"} */;
[0m14:56:48.824333 [debug] [ThreadPool]: Opening a new connection, currently in state init
[0m14:56:49.285075 [debug] [ThreadPool]: SQL status: SUCCESS 0 in 0.462 seconds
[0m14:56:49.290030 [debug] [ThreadPool]: Using snowflake connection "list_FINANCE_DW_gold"
[0m14:56:49.290239 [debug] [ThreadPool]: On list_FINANCE_DW_gold: show user functions in FINANCE_DW.gold
/* {"app": "dbt", "dbt_version": "1.12.0", "profile_name": "dbt_project", "target_name": "dev", "connection_name": "list_FINANCE_DW_gold"} */
[0m14:56:49.385184 [debug] [ThreadPool]: SQL status: SUCCESS 0 in 0.095 seconds
[0m14:56:49.906133 [debug] [ThreadPool]: SQL status: SUCCESS 7 in 1.082 seconds
[0m14:56:49.909506 [debug] [ThreadPool]: Using snowflake connection "list_FINANCE_DW_silver"
[0m14:56:49.909706 [debug] [ThreadPool]: On list_FINANCE_DW_silver: show user functions in FINANCE_DW.silver
/* {"app": "dbt", "dbt_version": "1.12.0", "profile_name": "dbt_project", "target_name": "dev", "connection_name": "list_FINANCE_DW_silver"} */
[0m14:56:50.019578 [debug] [ThreadPool]: SQL status: SUCCESS 0 in 0.109 seconds
[0m14:56:50.023020 [debug] [MainThread]: Sending event: {'category': 'dbt', 'action': 'runnable_timing', 'label': '49a1d79e-7c11-4093-adf1-64c776deb055', 'context': [<snowplow_tracker.self_describing_json.SelfDescribingJson object at 0x000001EEBACCBA00>]}
[0m14:56:50.028567 [debug] [Thread-2 (]: Began running node model.real_estate_pipeline.stg_accounts
[0m14:56:50.029344 [debug] [Thread-4 (]: Began running node model.real_estate_pipeline.stg_loans
[0m14:56:50.028993 [info ] [Thread-2 (]: 1 of 9 START sql view model silver.stg_accounts ................................ [RUN]
[0m14:56:50.030064 [debug] [Thread-2 (]: Acquiring new snowflake connection 'model.real_estate_pipeline.stg_accounts'
[0m14:56:50.030349 [debug] [Thread-2 (]: Began compiling node model.real_estate_pipeline.stg_accounts
[0m14:56:50.033978 [debug] [Thread-2 (]: Writing injected SQL for node "model.real_estate_pipeline.stg_accounts"
[0m14:56:50.029671 [info ] [Thread-4 (]: 3 of 9 START sql view model silver.stg_loans ................................... [RUN]
[0m14:56:50.035305 [debug] [Thread-4 (]: Acquiring new snowflake connection 'model.real_estate_pipeline.stg_loans'
[0m14:56:50.035551 [debug] [Thread-4 (]: Began compiling node model.real_estate_pipeline.stg_loans
[0m14:56:50.037241 [debug] [Thread-4 (]: Writing injected SQL for node "model.real_estate_pipeline.stg_loans"
[0m14:56:50.034732 [debug] [Thread-5 (]: Began running node model.real_estate_pipeline.stg_transactions
[0m14:56:50.034303 [debug] [Thread-3 (]: Began running node model.real_estate_pipeline.stg_customers
[0m14:56:50.038105 [debug] [Thread-2 (]: Began executing node model.real_estate_pipeline.stg_accounts
[0m14:56:50.038903 [info ] [Thread-3 (]: 2 of 9 START sql view model silver.stg_customers ............................... [RUN]
[0m14:56:50.037787 [info ] [Thread-5 (]: 4 of 9 START sql view model silver.stg_transactions ............................ [RUN]
[0m14:56:50.059886 [debug] [Thread-5 (]: Acquiring new snowflake connection 'model.real_estate_pipeline.stg_transactions'
[0m14:56:50.038495 [debug] [Thread-4 (]: Began executing node model.real_estate_pipeline.stg_loans
[0m14:56:50.061368 [debug] [Thread-4 (]: Writing runtime sql for node "model.real_estate_pipeline.stg_loans"
[0m14:56:50.060111 [debug] [Thread-5 (]: Began compiling node model.real_estate_pipeline.stg_transactions
[0m14:56:50.059167 [debug] [Thread-2 (]: Writing runtime sql for node "model.real_estate_pipeline.stg_accounts"
[0m14:56:50.059563 [debug] [Thread-3 (]: Acquiring new snowflake connection 'model.real_estate_pipeline.stg_customers'
[0m14:56:50.063878 [debug] [Thread-3 (]: Began compiling node model.real_estate_pipeline.stg_customers
[0m14:56:50.065270 [debug] [Thread-3 (]: Writing injected SQL for node "model.real_estate_pipeline.stg_customers"
[0m14:56:50.063611 [debug] [Thread-4 (]: Using snowflake connection "model.real_estate_pipeline.stg_loans"
[0m14:56:50.062668 [debug] [Thread-5 (]: Writing injected SQL for node "model.real_estate_pipeline.stg_transactions"
[0m14:56:50.066399 [debug] [Thread-2 (]: Using snowflake connection "model.real_estate_pipeline.stg_accounts"
[0m14:56:50.066786 [debug] [Thread-2 (]: On model.real_estate_pipeline.stg_accounts: create or replace   view FINANCE_DW.silver.stg_accounts
  
  
  
  
  as (
    with source as (
    select
        $1::int as account_id,
        $2::int as customer_id,
        $3::int as account_type_id,
        $4::int as account_status_id,
        $5::numeric(15,2) as balance,
        try_to_timestamp($6::varchar) as opening_date,
        row_number() over (
            partition by $1::int 
            order by try_to_timestamp($6::varchar) desc
        ) as rn
    from FINANCE_DW.BRONZE.RAW_ACCOUNTS
)

select
    account_id,
    customer_id,
    account_type_id,
    account_status_id,
    balance,
    opening_date
from source
where rn = 1
  )
/* {"app": "dbt", "dbt_version": "1.12.0", "profile_name": "dbt_project", "target_name": "dev", "node_id": "model.real_estate_pipeline.stg_accounts"} */;
[0m14:56:50.065669 [debug] [Thread-4 (]: On model.real_estate_pipeline.stg_loans: create or replace   view FINANCE_DW.silver.stg_loans
  
  
  
  
  as (
    with source as (
    select
        $1::int as loan_id,
        $2::int as account_id,
        $3::int as loan_status_id,
        $4::numeric(15,2) as principal_amount,
        $5::numeric(5,4) as interest_rate,
        $6::timestamp as start_date,
        $7::timestamp as estimated_end_date,
        row_number() over (
            partition by $1::int 
            order by $6::timestamp desc
        ) as rn
    from FINANCE_DW.BRONZE.RAW_LOANS
)

select
    loan_id,
    account_id,
    loan_status_id,
    principal_amount,
    interest_rate,
    start_date,
    estimated_end_date
from source
where rn = 1
  )
/* {"app": "dbt", "dbt_version": "1.12.0", "profile_name": "dbt_project", "target_name": "dev", "node_id": "model.real_estate_pipeline.stg_loans"} */;
[0m14:56:50.067709 [debug] [Thread-4 (]: Opening a new connection, currently in state init
[0m14:56:50.067453 [debug] [Thread-3 (]: Began executing node model.real_estate_pipeline.stg_customers
[0m14:56:50.069154 [debug] [Thread-3 (]: Writing runtime sql for node "model.real_estate_pipeline.stg_customers"
[0m14:56:50.067104 [debug] [Thread-2 (]: Opening a new connection, currently in state init
[0m14:56:50.067950 [debug] [Thread-5 (]: Began executing node model.real_estate_pipeline.stg_transactions
[0m14:56:50.070803 [debug] [Thread-5 (]: Writing runtime sql for node "model.real_estate_pipeline.stg_transactions"
[0m14:56:50.071920 [debug] [Thread-3 (]: Using snowflake connection "model.real_estate_pipeline.stg_customers"
[0m14:56:50.072480 [debug] [Thread-3 (]: On model.real_estate_pipeline.stg_customers: create or replace   view FINANCE_DW.silver.stg_customers
  
  
  
  
  as (
    with source as (
    select
        $1::int as customer_id,
        trim($2)::varchar as first_name,
        trim($3)::varchar as last_name,
        try_to_timestamp(nullif(trim($4::varchar), 'NaT')) as date_of_birth,
        $5::int as address_id,
        $6::int as customer_type_id,
        row_number() over (
            partition by $1::int 
            order by $1::int
        ) as rn
    from FINANCE_DW.BRONZE.RAW_CUSTOMERS
)

select
    customer_id,
    first_name,
    last_name,
    date_of_birth,
    address_id,
    customer_type_id
from source
where rn = 1
  )
/* {"app": "dbt", "dbt_version": "1.12.0", "profile_name": "dbt_project", "target_name": "dev", "node_id": "model.real_estate_pipeline.stg_customers"} */;
[0m14:56:50.072713 [debug] [Thread-3 (]: Opening a new connection, currently in state init
[0m14:56:50.073758 [debug] [Thread-5 (]: Using snowflake connection "model.real_estate_pipeline.stg_transactions"
[0m14:56:50.074027 [debug] [Thread-5 (]: On model.real_estate_pipeline.stg_transactions: create or replace   view FINANCE_DW.silver.stg_transactions
  
  
  
  
  as (
    with source as (
    select
        $1::int as transaction_id,
        $2::int as account_origin_id,
        $3::int as account_destination_id,
        $4::int as transaction_type_id,
        $5::numeric(15,2) as amount,
        $6::timestamp as transaction_date,
        $7::int as branch_id,
        trim($8)::varchar as description,
        row_number() over (
            partition by $1::int 
            order by $6::timestamp desc
        ) as rn
    from FINANCE_DW.BRONZE.RAW_TRANSACTIONS
)

select
    transaction_id,
    account_origin_id,
    account_destination_id,
    transaction_type_id,
    amount,
    transaction_date,
    branch_id,
    description
from source
where rn = 1
  )
/* {"app": "dbt", "dbt_version": "1.12.0", "profile_name": "dbt_project", "target_name": "dev", "node_id": "model.real_estate_pipeline.stg_transactions"} */;
[0m14:56:50.074467 [debug] [Thread-5 (]: Opening a new connection, currently in state init
[0m14:56:50.620415 [debug] [Thread-3 (]: SQL status: SUCCESS 1 in 0.547 seconds
[0m14:56:50.639030 [debug] [Thread-3 (]: Sending event: {'category': 'dbt', 'action': 'run_model', 'label': '49a1d79e-7c11-4093-adf1-64c776deb055', 'context': [<snowplow_tracker.self_describing_json.SelfDescribingJson object at 0x000001EEBAE1F110>]}
[0m14:56:50.639465 [info ] [Thread-3 (]: 2 of 9 OK created sql view model silver.stg_customers .......................... [[32mSUCCESS 1[0m in 0.58s]
[0m14:56:50.639878 [debug] [Thread-3 (]: Finished running node model.real_estate_pipeline.stg_customers
[0m14:56:50.657669 [debug] [Thread-2 (]: SQL status: SUCCESS 1 in 0.590 seconds
[0m14:56:50.659841 [debug] [Thread-2 (]: Sending event: {'category': 'dbt', 'action': 'run_model', 'label': '49a1d79e-7c11-4093-adf1-64c776deb055', 'context': [<snowplow_tracker.self_describing_json.SelfDescribingJson object at 0x000001EEBB3E75F0>]}
[0m14:56:50.660452 [info ] [Thread-2 (]: 1 of 9 OK created sql view model silver.stg_accounts ........................... [[32mSUCCESS 1[0m in 0.63s]
[0m14:56:50.661406 [debug] [Thread-2 (]: Finished running node model.real_estate_pipeline.stg_accounts
[0m14:56:50.661992 [debug] [Thread-2 (]: Began running node model.real_estate_pipeline.dim_customers
[0m14:56:50.662726 [debug] [Thread-3 (]: Began running node model.real_estate_pipeline.dim_accounts
[0m14:56:50.662386 [info ] [Thread-2 (]: 6 of 9 START sql table model gold.dim_customers ................................ [RUN]
[0m14:56:50.663526 [debug] [Thread-2 (]: Re-using an available connection from the pool (formerly model.real_estate_pipeline.stg_accounts, now model.real_estate_pipeline.dim_customers)
[0m14:56:50.663756 [debug] [Thread-2 (]: Began compiling node model.real_estate_pipeline.dim_customers
[0m14:56:50.665345 [debug] [Thread-2 (]: Writing injected SQL for node "model.real_estate_pipeline.dim_customers"
[0m14:56:50.663130 [info ] [Thread-3 (]: 5 of 9 START sql table model gold.dim_accounts ................................. [RUN]
[0m14:56:50.665989 [debug] [Thread-3 (]: Re-using an available connection from the pool (formerly model.real_estate_pipeline.stg_customers, now model.real_estate_pipeline.dim_accounts)
[0m14:56:50.666326 [debug] [Thread-3 (]: Began compiling node model.real_estate_pipeline.dim_accounts
[0m14:56:50.668296 [debug] [Thread-3 (]: Writing injected SQL for node "model.real_estate_pipeline.dim_accounts"
[0m14:56:50.668772 [debug] [Thread-2 (]: Began executing node model.real_estate_pipeline.dim_customers
[0m14:56:50.677169 [debug] [Thread-5 (]: SQL status: SUCCESS 1 in 0.603 seconds
[0m14:56:50.678628 [debug] [Thread-5 (]: Sending event: {'category': 'dbt', 'action': 'run_model', 'label': '49a1d79e-7c11-4093-adf1-64c776deb055', 'context': [<snowplow_tracker.self_describing_json.SelfDescribingJson object at 0x000001EEBB254FF0>]}
[0m14:56:50.679158 [info ] [Thread-5 (]: 4 of 9 OK created sql view model silver.stg_transactions ....................... [[32mSUCCESS 1[0m in 0.62s]
[0m14:56:50.686449 [debug] [Thread-5 (]: Finished running node model.real_estate_pipeline.stg_transactions
[0m14:56:50.686007 [debug] [Thread-4 (]: SQL status: SUCCESS 1 in 0.618 seconds
[0m14:56:50.693702 [debug] [Thread-4 (]: Sending event: {'category': 'dbt', 'action': 'run_model', 'label': '49a1d79e-7c11-4093-adf1-64c776deb055', 'context': [<snowplow_tracker.self_describing_json.SelfDescribingJson object at 0x000001EEBB445C50>]}
[0m14:56:50.692055 [debug] [Thread-3 (]: Began executing node model.real_estate_pipeline.dim_accounts
[0m14:56:50.692439 [debug] [Thread-5 (]: Began running node model.real_estate_pipeline.fct_transactions
[0m14:56:50.695543 [debug] [Thread-3 (]: Writing runtime sql for node "model.real_estate_pipeline.dim_accounts"
[0m14:56:50.691756 [debug] [Thread-2 (]: Writing runtime sql for node "model.real_estate_pipeline.dim_customers"
[0m14:56:50.694149 [info ] [Thread-4 (]: 3 of 9 OK created sql view model silver.stg_loans .............................. [[32mSUCCESS 1[0m in 0.66s]
[0m14:56:50.696837 [debug] [Thread-4 (]: Finished running node model.real_estate_pipeline.stg_loans
[0m14:56:50.696080 [info ] [Thread-5 (]: 7 of 9 START sql table model gold.fct_transactions ............................. [RUN]
[0m14:56:50.698377 [debug] [Thread-5 (]: Re-using an available connection from the pool (formerly model.real_estate_pipeline.stg_transactions, now model.real_estate_pipeline.fct_transactions)
[0m14:56:50.698688 [debug] [Thread-5 (]: Began compiling node model.real_estate_pipeline.fct_transactions
[0m14:56:50.700815 [debug] [Thread-5 (]: Writing injected SQL for node "model.real_estate_pipeline.fct_transactions"
[0m14:56:50.699370 [debug] [Thread-4 (]: Began running node model.real_estate_pipeline.dim_date
[0m14:56:50.697946 [debug] [Thread-2 (]: Using snowflake connection "model.real_estate_pipeline.dim_customers"
[0m14:56:50.699112 [debug] [Thread-3 (]: Using snowflake connection "model.real_estate_pipeline.dim_accounts"
[0m14:56:50.701889 [debug] [Thread-3 (]: On model.real_estate_pipeline.dim_accounts: create or replace transient table FINANCE_DW.gold.dim_accounts
    
    
    
    
    

    as (select
    account_id,
    customer_id,
    account_type_id,
    account_status_id,
    balance,
    opening_date
from FINANCE_DW.silver.stg_accounts
    )

/* {"app": "dbt", "dbt_version": "1.12.0", "profile_name": "dbt_project", "target_name": "dev", "node_id": "model.real_estate_pipeline.dim_accounts"} */;
[0m14:56:50.701235 [info ] [Thread-4 (]: 8 of 9 START sql table model gold.dim_date ..................................... [RUN]
[0m14:56:50.702667 [debug] [Thread-4 (]: Re-using an available connection from the pool (formerly model.real_estate_pipeline.stg_loans, now model.real_estate_pipeline.dim_date)
[0m14:56:50.701501 [debug] [Thread-2 (]: On model.real_estate_pipeline.dim_customers: create or replace transient table FINANCE_DW.gold.dim_customers
    
    
    
    
    

    as (with customers as (
    select * from FINANCE_DW.silver.stg_customers
),
accounts as (
    select 
        customer_id,
        count(account_id) as total_accounts,
        sum(balance) as total_balance
    from FINANCE_DW.silver.stg_accounts
    group by customer_id
)

select
    c.customer_id,
    c.first_name,
    c.last_name,
    c.date_of_birth,
    c.customer_type_id,
    coalesce(a.total_accounts, 0) as total_accounts,
    coalesce(a.total_balance, 0) as total_balance
from customers c
left join accounts a on c.customer_id = a.customer_id
    )

/* {"app": "dbt", "dbt_version": "1.12.0", "profile_name": "dbt_project", "target_name": "dev", "node_id": "model.real_estate_pipeline.dim_customers"} */;
[0m14:56:50.702178 [debug] [Thread-5 (]: Began executing node model.real_estate_pipeline.fct_transactions
[0m14:56:50.704281 [debug] [Thread-5 (]: Writing runtime sql for node "model.real_estate_pipeline.fct_transactions"
[0m14:56:50.702970 [debug] [Thread-4 (]: Began compiling node model.real_estate_pipeline.dim_date
[0m14:56:50.706581 [debug] [Thread-4 (]: Writing injected SQL for node "model.real_estate_pipeline.dim_date"
[0m14:56:50.707550 [debug] [Thread-5 (]: Using snowflake connection "model.real_estate_pipeline.fct_transactions"
[0m14:56:50.707821 [debug] [Thread-5 (]: On model.real_estate_pipeline.fct_transactions: create or replace transient table FINANCE_DW.gold.fct_transactions
    
    
    
    
    

    as (select
    t.transaction_id,
    t.account_origin_id,
    t.account_destination_id,
    a.customer_id as origin_customer_id,
    t.transaction_type_id,
    t.branch_id,
    to_char(t.transaction_date::date, 'YYYYMMDD')::int as date_id,
    t.transaction_date,
    t.amount
from FINANCE_DW.silver.stg_transactions t
left join FINANCE_DW.silver.stg_accounts a on t.account_origin_id = a.account_id
    )

/* {"app": "dbt", "dbt_version": "1.12.0", "profile_name": "dbt_project", "target_name": "dev", "node_id": "model.real_estate_pipeline.fct_transactions"} */;
[0m14:56:50.708924 [debug] [Thread-4 (]: Began executing node model.real_estate_pipeline.dim_date
[0m14:56:50.710201 [debug] [Thread-4 (]: Writing runtime sql for node "model.real_estate_pipeline.dim_date"
[0m14:56:50.712092 [debug] [Thread-4 (]: Using snowflake connection "model.real_estate_pipeline.dim_date"
[0m14:56:50.712532 [debug] [Thread-4 (]: On model.real_estate_pipeline.dim_date: create or replace transient table FINANCE_DW.gold.dim_date
    
    
    
    
    

    as (with dates as (
    select transaction_date::date as date_day from FINANCE_DW.silver.stg_transactions
    union
    select start_date::date as date_day from FINANCE_DW.silver.stg_loans
    union
    select opening_date::date as date_day from FINANCE_DW.silver.stg_accounts
)

select distinct
    to_char(date_day, 'YYYYMMDD')::int as date_id,
    date_day as full_date,
    year(date_day) as year,
    quarter(date_day) as quarter,
    month(date_day) as month,
    monthname(date_day) as month_name,
    day(date_day) as day,
    dayname(date_day) as day_of_week
from dates
where date_day is not null
    )

/* {"app": "dbt", "dbt_version": "1.12.0", "profile_name": "dbt_project", "target_name": "dev", "node_id": "model.real_estate_pipeline.dim_date"} */;
[0m14:56:51.753026 [debug] [Thread-3 (]: SQL status: SUCCESS 1651 in 1.051 seconds
[0m14:56:51.754424 [debug] [Thread-3 (]: Sending event: {'category': 'dbt', 'action': 'run_model', 'label': '49a1d79e-7c11-4093-adf1-64c776deb055', 'context': [<snowplow_tracker.self_describing_json.SelfDescribingJson object at 0x000001EEB9C0FBD0>]}
[0m14:56:51.754799 [info ] [Thread-3 (]: 5 of 9 OK created sql table model gold.dim_accounts ............................ [[32mSUCCESS 1651[0m in 1.09s]
[0m14:56:51.755263 [debug] [Thread-3 (]: Finished running node model.real_estate_pipeline.dim_accounts
[0m14:56:51.755514 [debug] [Thread-3 (]: Began running node model.real_estate_pipeline.fct_loans
[0m14:56:51.755789 [info ] [Thread-3 (]: 9 of 9 START sql table model gold.fct_loans .................................... [RUN]
[0m14:56:51.756183 [debug] [Thread-3 (]: Re-using an available connection from the pool (formerly model.real_estate_pipeline.dim_accounts, now model.real_estate_pipeline.fct_loans)
[0m14:56:51.756403 [debug] [Thread-3 (]: Began compiling node model.real_estate_pipeline.fct_loans
[0m14:56:51.757813 [debug] [Thread-3 (]: Writing injected SQL for node "model.real_estate_pipeline.fct_loans"
[0m14:56:51.758456 [debug] [Thread-3 (]: Began executing node model.real_estate_pipeline.fct_loans
[0m14:56:51.759592 [debug] [Thread-3 (]: Writing runtime sql for node "model.real_estate_pipeline.fct_loans"
[0m14:56:51.760424 [debug] [Thread-3 (]: Using snowflake connection "model.real_estate_pipeline.fct_loans"
[0m14:56:51.760663 [debug] [Thread-3 (]: On model.real_estate_pipeline.fct_loans: create or replace transient table FINANCE_DW.gold.fct_loans
    
    
    
    
    

    as (select
    l.loan_id,
    l.account_id,
    a.customer_id,
    l.loan_status_id,
    to_char(l.start_date::date, 'YYYYMMDD')::int as date_id,
    l.principal_amount,
    l.interest_rate,
    l.start_date,
    l.estimated_end_date
from FINANCE_DW.silver.stg_loans l
left join FINANCE_DW.silver.stg_accounts a on l.account_id = a.account_id
    )

/* {"app": "dbt", "dbt_version": "1.12.0", "profile_name": "dbt_project", "target_name": "dev", "node_id": "model.real_estate_pipeline.fct_loans"} */;
[0m14:56:51.801803 [debug] [Thread-2 (]: SQL status: SUCCESS 1100 in 1.098 seconds
[0m14:56:51.803484 [debug] [Thread-2 (]: Sending event: {'category': 'dbt', 'action': 'run_model', 'label': '49a1d79e-7c11-4093-adf1-64c776deb055', 'context': [<snowplow_tracker.self_describing_json.SelfDescribingJson object at 0x000001EEBB367170>]}
[0m14:56:51.803973 [info ] [Thread-2 (]: 6 of 9 OK created sql table model gold.dim_customers ........................... [[32mSUCCESS 1100[0m in 1.14s]
[0m14:56:51.804520 [debug] [Thread-2 (]: Finished running node model.real_estate_pipeline.dim_customers
[0m14:56:51.925436 [debug] [Thread-5 (]: SQL status: SUCCESS 49500 in 1.217 seconds
[0m14:56:51.926754 [debug] [Thread-5 (]: Sending event: {'category': 'dbt', 'action': 'run_model', 'label': '49a1d79e-7c11-4093-adf1-64c776deb055', 'context': [<snowplow_tracker.self_describing_json.SelfDescribingJson object at 0x000001EEBB43B950>]}
[0m14:56:51.927291 [debug] [Thread-4 (]: SQL status: SUCCESS 2253 in 1.214 seconds
[0m14:56:51.928921 [debug] [Thread-4 (]: Sending event: {'category': 'dbt', 'action': 'run_model', 'label': '49a1d79e-7c11-4093-adf1-64c776deb055', 'context': [<snowplow_tracker.self_describing_json.SelfDescribingJson object at 0x000001EEBB43B590>]}
[0m14:56:51.927770 [info ] [Thread-5 (]: 7 of 9 OK created sql table model gold.fct_transactions ........................ [[32mSUCCESS 49500[0m in 1.23s]
[0m14:56:51.929684 [debug] [Thread-5 (]: Finished running node model.real_estate_pipeline.fct_transactions
[0m14:56:51.929284 [info ] [Thread-4 (]: 8 of 9 OK created sql table model gold.dim_date ................................ [[32mSUCCESS 2253[0m in 1.23s]
[0m14:56:51.930137 [debug] [Thread-4 (]: Finished running node model.real_estate_pipeline.dim_date
[0m14:56:52.283180 [debug] [Thread-3 (]: SQL status: SUCCESS 330 in 0.522 seconds
[0m14:56:52.285844 [debug] [Thread-3 (]: Sending event: {'category': 'dbt', 'action': 'run_model', 'label': '49a1d79e-7c11-4093-adf1-64c776deb055', 'context': [<snowplow_tracker.self_describing_json.SelfDescribingJson object at 0x000001EEBB2B03B0>]}
[0m14:56:52.286233 [info ] [Thread-3 (]: 9 of 9 OK created sql table model gold.fct_loans ............................... [[32mSUCCESS 330[0m in 0.53s]
[0m14:56:52.286848 [debug] [Thread-3 (]: Finished running node model.real_estate_pipeline.fct_loans
[0m14:56:52.288030 [debug] [MainThread]: Connection 'master' was properly closed.
[0m14:56:52.288240 [debug] [MainThread]: Connection 'list_FINANCE_DW' was left open.
[0m14:56:52.288407 [debug] [MainThread]: On list_FINANCE_DW: Close
[0m14:56:52.427301 [debug] [MainThread]: Connection 'list_FINANCE_DW' was left open.
[0m14:56:52.428140 [debug] [MainThread]: On list_FINANCE_DW: Close
[0m14:56:52.575342 [debug] [MainThread]: Connection 'list_FINANCE_DW_gold' was left open.
[0m14:56:52.576232 [debug] [MainThread]: On list_FINANCE_DW_gold: Close
[0m14:56:53.135395 [debug] [MainThread]: Connection 'list_FINANCE_DW_silver' was left open.
[0m14:56:53.136218 [debug] [MainThread]: On list_FINANCE_DW_silver: Close
[0m14:56:53.289934 [debug] [MainThread]: Connection 'model.real_estate_pipeline.dim_customers' was left open.
[0m14:56:53.290829 [debug] [MainThread]: On model.real_estate_pipeline.dim_customers: Close
[0m14:56:53.435197 [debug] [MainThread]: Connection 'model.real_estate_pipeline.dim_date' was left open.
[0m14:56:53.436059 [debug] [MainThread]: On model.real_estate_pipeline.dim_date: Close
[0m14:56:53.585895 [debug] [MainThread]: Connection 'model.real_estate_pipeline.fct_loans' was left open.
[0m14:56:53.586605 [debug] [MainThread]: On model.real_estate_pipeline.fct_loans: Close
[0m14:56:53.716511 [debug] [MainThread]: Connection 'model.real_estate_pipeline.fct_transactions' was left open.
[0m14:56:53.716794 [debug] [MainThread]: On model.real_estate_pipeline.fct_transactions: Close
[0m14:56:53.867777 [info ] [MainThread]: 
[0m14:56:53.868695 [info ] [MainThread]: Finished running 5 table models, 4 view models in 0 hours 0 minutes and 6.32 seconds (6.32s).
[0m14:56:53.870894 [debug] [MainThread]: Command end result
[0m14:56:53.894480 [debug] [MainThread]: Wrote artifact WritableManifest to C:\Users\user\Desktop\Finance-Bank\real_estate_pipeline\dbt_project\target\manifest.json
[0m14:56:53.897413 [debug] [MainThread]: Wrote artifact SemanticManifest to C:\Users\user\Desktop\Finance-Bank\real_estate_pipeline\dbt_project\target\semantic_manifest.json
[0m14:56:53.899607 [debug] [MainThread]: Wrote artifact OsiDocument to C:\Users\user\Desktop\Finance-Bank\real_estate_pipeline\dbt_project\target\osi_document.json
[0m14:56:53.904072 [debug] [MainThread]: Wrote artifact RunExecutionResult to C:\Users\user\Desktop\Finance-Bank\real_estate_pipeline\dbt_project\target\run_results.json
[0m14:56:53.904289 [info ] [MainThread]: 
[0m14:56:53.904638 [info ] [MainThread]: [32mCompleted successfully[0m
[0m14:56:53.905045 [info ] [MainThread]: 
[0m14:56:53.905350 [info ] [MainThread]: Done. PASS=9 WARN=0 ERROR=0 SKIP=0 NO-OP=0 REUSED=0 TOTAL=9
[0m14:56:53.905843 [debug] [MainThread]: Command `python -m dbt.cli.main run` succeeded at 14:56:53.905773 after 8.43 seconds
[0m14:56:53.906079 [debug] [MainThread]: Sending event: {'category': 'dbt', 'action': 'invocation', 'label': 'end', 'context': [<snowplow_tracker.self_describing_json.SelfDescribingJson object at 0x000001EEBB1EB530>, <snowplow_tracker.self_describing_json.SelfDescribingJson object at 0x000001EE972BE210>, <snowplow_tracker.self_describing_json.SelfDescribingJson object at 0x000001EEBB365250>]}
[0m14:56:53.906294 [debug] [MainThread]: Flushing usage events
[0m14:56:54.638273 [debug] [MainThread]: An error was encountered while trying to flush usage events
[0m15:01:22.437918 [debug] [MainThread]: Sending event: {'category': 'dbt', 'action': 'invocation', 'label': 'start', 'context': [<snowplow_tracker.self_describing_json.SelfDescribingJson object at 0x000001F4C0AF9010>, <snowplow_tracker.self_describing_json.SelfDescribingJson object at 0x000001F4BE3ACE10>, <snowplow_tracker.self_describing_json.SelfDescribingJson object at 0x000001F4C35039D0>]}


============================== 15:01:22.444800 | 4c29308b-1820-40d5-9dba-3e9330ca307a ==============================
[0m15:01:22.444800 [info ] [MainThread]: Running with dbt=1.12.0
[0m15:01:22.445210 [debug] [MainThread]: running dbt with arguments {'version_check': 'True', 'no_print': 'None', 'static_parser': 'True', 'warn_error_options': 'WarnErrorOptionsV2(error=[], warn=[], silence=[])', 'maximum_seed_size_mib': '1', 'target_path': 'None', 'printer_width': '80', 'write_json': 'True', 'introspect': 'True', 'log_cache_events': 'False', 'empty': 'False', 'cache_selected_only': 'False', 'fail_fast': 'False', 'debug': 'False', 'log_format': 'default', 'profiles_dir': 'C:\\Users\\user\\Desktop\\Finance-Bank\\real_estate_pipeline\\dbt_project', 'send_anonymous_usage_stats': 'True', 'quiet': 'False', 'warn_error': 'None', 'partial_parse': 'True', 'use_colors': 'True', 'hints_enabled': 'True', 'invocation_command': 'dbt run', 'use_experimental_parser': 'False', 'indirect_selection': 'eager', 'log_path': 'C:\\Users\\user\\Desktop\\Finance-Bank\\real_estate_pipeline\\dbt_project\\logs'}
[0m15:01:23.033952 [debug] [MainThread]: Snowflake adapter: Setting snowflake.connector to ERROR (file logging only)
[0m15:01:23.034277 [debug] [MainThread]: Snowflake adapter: Setting botocore to ERROR (file logging only)
[0m15:01:23.034475 [debug] [MainThread]: Snowflake adapter: Setting boto3 to ERROR (file logging only)
[0m15:01:23.188896 [debug] [MainThread]: Sending event: {'category': 'dbt', 'action': 'project_id', 'label': '4c29308b-1820-40d5-9dba-3e9330ca307a', 'context': [<snowplow_tracker.self_describing_json.SelfDescribingJson object at 0x000001F4E588D0F0>]}
[0m15:01:23.230934 [debug] [MainThread]: Sending event: {'category': 'dbt', 'action': 'adapter_info', 'label': '4c29308b-1820-40d5-9dba-3e9330ca307a', 'context': [<snowplow_tracker.self_describing_json.SelfDescribingJson object at 0x000001F4BE2FC380>]}
[0m15:01:23.232044 [info ] [MainThread]: Registered adapter: snowflake=1.12.0
[0m15:01:23.411330 [debug] [MainThread]: checksum: 17b8c0eed372bdc76158915a5b86153b95ebcdfebef695d6713d3c569800f71e, vars: {}, profile: dbt_project, target: dev, version: 1.12.0
[0m15:01:23.499376 [debug] [MainThread]: Partial parsing enabled: 0 files deleted, 0 files added, 0 files changed.
[0m15:01:23.499651 [debug] [MainThread]: Nothing changed, skipping partial parsing.
[0m15:01:23.499818 [debug] [MainThread]: Partial parsing enabled, no changes found, skipping parsing
[0m15:01:23.505544 [debug] [MainThread]: Sending event: {'category': 'dbt', 'action': 'load_project', 'label': '4c29308b-1820-40d5-9dba-3e9330ca307a', 'context': [<snowplow_tracker.self_describing_json.SelfDescribingJson object at 0x000001F4E6F99450>]}
[0m15:01:23.576144 [debug] [MainThread]: Wrote artifact WritableManifest to C:\Users\user\Desktop\Finance-Bank\real_estate_pipeline\dbt_project\target\manifest.json
[0m15:01:23.578330 [debug] [MainThread]: Wrote artifact SemanticManifest to C:\Users\user\Desktop\Finance-Bank\real_estate_pipeline\dbt_project\target\semantic_manifest.json
[0m15:01:23.594049 [debug] [MainThread]: Wrote artifact OsiDocument to C:\Users\user\Desktop\Finance-Bank\real_estate_pipeline\dbt_project\target\osi_document.json
[0m15:01:23.601468 [debug] [MainThread]: Sending event: {'category': 'dbt', 'action': 'resource_counts', 'label': '4c29308b-1820-40d5-9dba-3e9330ca307a', 'context': [<snowplow_tracker.self_describing_json.SelfDescribingJson object at 0x000001F4E6ECBE30>]}
[0m15:01:23.601805 [info ] [MainThread]: Found 9 models, 4 sources, 546 macros
[0m15:01:23.602066 [debug] [MainThread]: Sending event: {'category': 'dbt', 'action': 'runnable_timing', 'label': '4c29308b-1820-40d5-9dba-3e9330ca307a', 'context': [<snowplow_tracker.self_describing_json.SelfDescribingJson object at 0x000001F4E7086CF0>]}
[0m15:01:23.603556 [info ] [MainThread]: 
[0m15:01:23.603959 [info ] [MainThread]: Concurrency: 4 threads (target='dev')
[0m15:01:23.604209 [info ] [MainThread]: 
[0m15:01:23.604588 [debug] [MainThread]: Acquiring new snowflake connection 'master'
[0m15:01:23.607752 [debug] [ThreadPool]: Acquiring new snowflake connection 'list_FINANCE_DW'
[0m15:01:23.616169 [debug] [ThreadPool]: Acquiring new snowflake connection 'list_FINANCE_DW'
[0m15:01:23.618082 [debug] [ThreadPool]: Using snowflake connection "list_FINANCE_DW"
[0m15:01:23.618298 [debug] [ThreadPool]: On list_FINANCE_DW: show terse schemas in database FINANCE_DW
    limit 10000
/* {"app": "dbt", "dbt_version": "1.12.0", "profile_name": "dbt_project", "target_name": "dev", "connection_name": "list_FINANCE_DW"} */
[0m15:01:23.618778 [debug] [ThreadPool]: Opening a new connection, currently in state init
[0m15:01:23.618575 [debug] [ThreadPool]: Using snowflake connection "list_FINANCE_DW"
[0m15:01:23.619793 [debug] [ThreadPool]: On list_FINANCE_DW: show terse schemas in database FINANCE_DW
    limit 10000
/* {"app": "dbt", "dbt_version": "1.12.0", "profile_name": "dbt_project", "target_name": "dev", "connection_name": "list_FINANCE_DW"} */
[0m15:01:23.620030 [debug] [ThreadPool]: Opening a new connection, currently in state init
[0m15:01:24.934215 [debug] [ThreadPool]: SQL status: SUCCESS 3 in 1.315 seconds
[0m15:01:24.944700 [debug] [ThreadPool]: SQL status: SUCCESS 3 in 1.325 seconds
[0m15:01:24.947622 [debug] [ThreadPool]: Re-using an available connection from the pool (formerly list_FINANCE_DW, now create_FINANCE_DW_silver)
[0m15:01:24.948313 [debug] [ThreadPool]: Creating schema "database: "FINANCE_DW"
schema: "silver"
"
[0m15:01:24.951627 [debug] [ThreadPool]: Using snowflake connection "create_FINANCE_DW_silver"
[0m15:01:24.951876 [debug] [ThreadPool]: On create_FINANCE_DW_silver: create schema if not exists FINANCE_DW.silver
/* {"app": "dbt", "dbt_version": "1.12.0", "profile_name": "dbt_project", "target_name": "dev", "connection_name": "create_FINANCE_DW_silver"} */
[0m15:01:24.952313 [debug] [ThreadPool]: Re-using an available connection from the pool (formerly list_FINANCE_DW, now create_FINANCE_DW_gold)
[0m15:01:24.952604 [debug] [ThreadPool]: Creating schema "database: "FINANCE_DW"
schema: "gold"
"
[0m15:01:24.953192 [debug] [ThreadPool]: Using snowflake connection "create_FINANCE_DW_gold"
[0m15:01:24.953387 [debug] [ThreadPool]: On create_FINANCE_DW_gold: create schema if not exists FINANCE_DW.gold
/* {"app": "dbt", "dbt_version": "1.12.0", "profile_name": "dbt_project", "target_name": "dev", "connection_name": "create_FINANCE_DW_gold"} */
[0m15:01:25.093878 [debug] [ThreadPool]: SQL status: SUCCESS 1 in 0.140 seconds
[0m15:01:25.104470 [debug] [ThreadPool]: SQL status: SUCCESS 1 in 0.152 seconds
[0m15:01:25.108990 [debug] [ThreadPool]: Acquiring new snowflake connection 'list_FINANCE_DW_gold'
[0m15:01:25.117506 [debug] [ThreadPool]: Using snowflake connection "list_FINANCE_DW_gold"
[0m15:01:25.117728 [debug] [ThreadPool]: On list_FINANCE_DW_gold: show objects in FINANCE_DW.gold
    limit 10000
    

/* {"app": "dbt", "dbt_version": "1.12.0", "profile_name": "dbt_project", "target_name": "dev", "connection_name": "list_FINANCE_DW_gold"} */;
[0m15:01:25.118426 [debug] [ThreadPool]: Opening a new connection, currently in state init
[0m15:01:25.118065 [debug] [ThreadPool]: Acquiring new snowflake connection 'list_FINANCE_DW_silver'
[0m15:01:25.119329 [debug] [ThreadPool]: Using snowflake connection "list_FINANCE_DW_silver"
[0m15:01:25.119549 [debug] [ThreadPool]: On list_FINANCE_DW_silver: show objects in FINANCE_DW.silver
    limit 10000
    

/* {"app": "dbt", "dbt_version": "1.12.0", "profile_name": "dbt_project", "target_name": "dev", "connection_name": "list_FINANCE_DW_silver"} */;
[0m15:01:25.119720 [debug] [ThreadPool]: Opening a new connection, currently in state init
[0m15:01:25.616608 [debug] [ThreadPool]: SQL status: SUCCESS 0 in 0.497 seconds
[0m15:01:25.624967 [debug] [ThreadPool]: Using snowflake connection "list_FINANCE_DW_silver"
[0m15:01:25.625305 [debug] [ThreadPool]: On list_FINANCE_DW_silver: show user functions in FINANCE_DW.silver
/* {"app": "dbt", "dbt_version": "1.12.0", "profile_name": "dbt_project", "target_name": "dev", "connection_name": "list_FINANCE_DW_silver"} */
[0m15:01:25.742573 [debug] [ThreadPool]: SQL status: SUCCESS 0 in 0.117 seconds
[0m15:01:26.345742 [debug] [ThreadPool]: SQL status: SUCCESS 0 in 1.227 seconds
[0m15:01:26.349558 [debug] [ThreadPool]: Using snowflake connection "list_FINANCE_DW_gold"
[0m15:01:26.349779 [debug] [ThreadPool]: On list_FINANCE_DW_gold: show user functions in FINANCE_DW.gold
/* {"app": "dbt", "dbt_version": "1.12.0", "profile_name": "dbt_project", "target_name": "dev", "connection_name": "list_FINANCE_DW_gold"} */
[0m15:01:26.473400 [debug] [ThreadPool]: SQL status: SUCCESS 0 in 0.123 seconds
[0m15:01:26.477879 [debug] [MainThread]: Sending event: {'category': 'dbt', 'action': 'runnable_timing', 'label': '4c29308b-1820-40d5-9dba-3e9330ca307a', 'context': [<snowplow_tracker.self_describing_json.SelfDescribingJson object at 0x000001F4E705B790>]}
[0m15:01:26.482930 [debug] [Thread-2 (]: Began running node model.real_estate_pipeline.stg_accounts
[0m15:01:26.484735 [debug] [Thread-4 (]: Began running node model.real_estate_pipeline.stg_loans
[0m15:01:26.483878 [debug] [Thread-3 (]: Began running node model.real_estate_pipeline.stg_customers
[0m15:01:26.483441 [debug] [Thread-5 (]: Began running node model.real_estate_pipeline.stg_transactions
[0m15:01:26.484367 [info ] [Thread-2 (]: 1 of 9 START sql view model silver.stg_accounts ................................ [RUN]
[0m15:01:26.487054 [debug] [Thread-2 (]: Acquiring new snowflake connection 'model.real_estate_pipeline.stg_accounts'
[0m15:01:26.487408 [debug] [Thread-2 (]: Began compiling node model.real_estate_pipeline.stg_accounts
[0m15:01:26.485395 [info ] [Thread-4 (]: 3 of 9 START sql view model silver.stg_loans ................................... [RUN]
[0m15:01:26.489693 [debug] [Thread-4 (]: Acquiring new snowflake connection 'model.real_estate_pipeline.stg_loans'
[0m15:01:26.486536 [info ] [Thread-5 (]: 4 of 9 START sql view model silver.stg_transactions ............................ [RUN]
[0m15:01:26.492856 [debug] [Thread-5 (]: Acquiring new snowflake connection 'model.real_estate_pipeline.stg_transactions'
[0m15:01:26.493326 [debug] [Thread-5 (]: Began compiling node model.real_estate_pipeline.stg_transactions
[0m15:01:26.492278 [debug] [Thread-2 (]: Writing injected SQL for node "model.real_estate_pipeline.stg_accounts"
[0m15:01:26.485965 [info ] [Thread-3 (]: 2 of 9 START sql view model silver.stg_customers ............................... [RUN]
[0m15:01:26.492519 [debug] [Thread-4 (]: Began compiling node model.real_estate_pipeline.stg_loans
[0m15:01:26.494483 [debug] [Thread-5 (]: Writing injected SQL for node "model.real_estate_pipeline.stg_transactions"
[0m15:01:26.495248 [debug] [Thread-3 (]: Acquiring new snowflake connection 'model.real_estate_pipeline.stg_customers'
[0m15:01:26.495515 [debug] [Thread-2 (]: Began executing node model.real_estate_pipeline.stg_accounts
[0m15:01:26.496667 [debug] [Thread-4 (]: Writing injected SQL for node "model.real_estate_pipeline.stg_loans"
[0m15:01:26.497070 [debug] [Thread-3 (]: Began compiling node model.real_estate_pipeline.stg_customers
[0m15:01:26.516849 [debug] [Thread-3 (]: Writing injected SQL for node "model.real_estate_pipeline.stg_customers"
[0m15:01:26.518256 [debug] [Thread-2 (]: Writing runtime sql for node "model.real_estate_pipeline.stg_accounts"
[0m15:01:26.518882 [debug] [Thread-5 (]: Began executing node model.real_estate_pipeline.stg_transactions
[0m15:01:26.520452 [debug] [Thread-5 (]: Writing runtime sql for node "model.real_estate_pipeline.stg_transactions"
[0m15:01:26.519184 [debug] [Thread-4 (]: Began executing node model.real_estate_pipeline.stg_loans
[0m15:01:26.521681 [debug] [Thread-4 (]: Writing runtime sql for node "model.real_estate_pipeline.stg_loans"
[0m15:01:26.522280 [debug] [Thread-2 (]: Using snowflake connection "model.real_estate_pipeline.stg_accounts"
[0m15:01:26.522758 [debug] [Thread-2 (]: On model.real_estate_pipeline.stg_accounts: create or replace   view FINANCE_DW.silver.stg_accounts
  
  
  
  
  as (
    with source as (
    select
        $1::int as account_id,
        $2::int as customer_id,
        $3::int as account_type_id,
        $4::int as account_status_id,
        $5::numeric(15,2) as balance,
        try_to_timestamp($6::varchar) as opening_date,
        row_number() over (
            partition by $1::int 
            order by try_to_timestamp($6::varchar) desc
        ) as rn
    from FINANCE_DW.BRONZE.RAW_ACCOUNTS
)

select
    account_id,
    customer_id,
    account_type_id,
    account_status_id,
    balance,
    opening_date
from source
where rn = 1
  )
/* {"app": "dbt", "dbt_version": "1.12.0", "profile_name": "dbt_project", "target_name": "dev", "node_id": "model.real_estate_pipeline.stg_accounts"} */;
[0m15:01:26.523763 [debug] [Thread-2 (]: Opening a new connection, currently in state init
[0m15:01:26.524112 [debug] [Thread-3 (]: Began executing node model.real_estate_pipeline.stg_customers
[0m15:01:26.525538 [debug] [Thread-3 (]: Writing runtime sql for node "model.real_estate_pipeline.stg_customers"
[0m15:01:26.523412 [debug] [Thread-5 (]: Using snowflake connection "model.real_estate_pipeline.stg_transactions"
[0m15:01:26.525876 [debug] [Thread-5 (]: On model.real_estate_pipeline.stg_transactions: create or replace   view FINANCE_DW.silver.stg_transactions
  
  
  
  
  as (
    with source as (
    select
        $1::int as transaction_id,
        $2::int as account_origin_id,
        $3::int as account_destination_id,
        $4::int as transaction_type_id,
        $5::numeric(15,2) as amount,
        $6::timestamp as transaction_date,
        $7::int as branch_id,
        trim($8)::varchar as description,
        row_number() over (
            partition by $1::int 
            order by $6::timestamp desc
        ) as rn
    from FINANCE_DW.BRONZE.RAW_TRANSACTIONS
)

select
    transaction_id,
    account_origin_id,
    account_destination_id,
    transaction_type_id,
    amount,
    transaction_date,
    branch_id,
    description
from source
where rn = 1
  )
/* {"app": "dbt", "dbt_version": "1.12.0", "profile_name": "dbt_project", "target_name": "dev", "node_id": "model.real_estate_pipeline.stg_transactions"} */;
[0m15:01:26.526871 [debug] [Thread-5 (]: Opening a new connection, currently in state init
[0m15:01:26.526584 [debug] [Thread-4 (]: Using snowflake connection "model.real_estate_pipeline.stg_loans"
[0m15:01:26.527221 [debug] [Thread-4 (]: On model.real_estate_pipeline.stg_loans: create or replace   view FINANCE_DW.silver.stg_loans
  
  
  
  
  as (
    with source as (
    select
        $1::int as loan_id,
        $2::int as account_id,
        $3::int as loan_status_id,
        $4::numeric(15,2) as principal_amount,
        $5::numeric(5,4) as interest_rate,
        $6::timestamp as start_date,
        $7::timestamp as estimated_end_date,
        row_number() over (
            partition by $1::int 
            order by $6::timestamp desc
        ) as rn
    from FINANCE_DW.BRONZE.RAW_LOANS
)

select
    loan_id,
    account_id,
    loan_status_id,
    principal_amount,
    interest_rate,
    start_date,
    estimated_end_date
from source
where rn = 1
  )
/* {"app": "dbt", "dbt_version": "1.12.0", "profile_name": "dbt_project", "target_name": "dev", "node_id": "model.real_estate_pipeline.stg_loans"} */;
[0m15:01:26.527482 [debug] [Thread-4 (]: Opening a new connection, currently in state init
[0m15:01:26.528961 [debug] [Thread-3 (]: Using snowflake connection "model.real_estate_pipeline.stg_customers"
[0m15:01:26.529304 [debug] [Thread-3 (]: On model.real_estate_pipeline.stg_customers: create or replace   view FINANCE_DW.silver.stg_customers
  
  
  
  
  as (
    with source as (
    select
        $1::int as customer_id,
        trim($2)::varchar as first_name,
        trim($3)::varchar as last_name,
        try_to_timestamp(nullif(trim($4::varchar), 'NaT')) as date_of_birth,
        $5::int as address_id,
        $6::int as customer_type_id,
        row_number() over (
            partition by $1::int 
            order by $1::int
        ) as rn
    from FINANCE_DW.BRONZE.RAW_CUSTOMERS
)

select
    customer_id,
    first_name,
    last_name,
    date_of_birth,
    address_id,
    customer_type_id
from source
where rn = 1
  )
/* {"app": "dbt", "dbt_version": "1.12.0", "profile_name": "dbt_project", "target_name": "dev", "node_id": "model.real_estate_pipeline.stg_customers"} */;
[0m15:01:26.529966 [debug] [Thread-3 (]: Opening a new connection, currently in state init
[0m15:01:27.092404 [debug] [Thread-3 (]: SQL status: SUCCESS 1 in 0.562 seconds
[0m15:01:27.110517 [debug] [Thread-3 (]: Sending event: {'category': 'dbt', 'action': 'run_model', 'label': '4c29308b-1820-40d5-9dba-3e9330ca307a', 'context': [<snowplow_tracker.self_describing_json.SelfDescribingJson object at 0x000001F4E734AF90>]}
[0m15:01:27.110915 [info ] [Thread-3 (]: 2 of 9 OK created sql view model silver.stg_customers .......................... [[32mSUCCESS 1[0m in 0.61s]
[0m15:01:27.111416 [debug] [Thread-3 (]: Finished running node model.real_estate_pipeline.stg_customers
[0m15:01:27.127499 [debug] [Thread-5 (]: SQL status: SUCCESS 1 in 0.601 seconds
[0m15:01:27.128981 [debug] [Thread-5 (]: Sending event: {'category': 'dbt', 'action': 'run_model', 'label': '4c29308b-1820-40d5-9dba-3e9330ca307a', 'context': [<snowplow_tracker.self_describing_json.SelfDescribingJson object at 0x000001F4E73E5020>]}
[0m15:01:27.129403 [info ] [Thread-5 (]: 4 of 9 OK created sql view model silver.stg_transactions ....................... [[32mSUCCESS 1[0m in 0.64s]
[0m15:01:27.129824 [debug] [Thread-5 (]: Finished running node model.real_estate_pipeline.stg_transactions
[0m15:01:27.137502 [debug] [Thread-2 (]: SQL status: SUCCESS 1 in 0.614 seconds
[0m15:01:27.138975 [debug] [Thread-2 (]: Sending event: {'category': 'dbt', 'action': 'run_model', 'label': '4c29308b-1820-40d5-9dba-3e9330ca307a', 'context': [<snowplow_tracker.self_describing_json.SelfDescribingJson object at 0x000001F4E71C1B30>]}
[0m15:01:27.139379 [info ] [Thread-2 (]: 1 of 9 OK created sql view model silver.stg_accounts ........................... [[32mSUCCESS 1[0m in 0.65s]
[0m15:01:27.139781 [debug] [Thread-2 (]: Finished running node model.real_estate_pipeline.stg_accounts
[0m15:01:27.140304 [debug] [Thread-3 (]: Began running node model.real_estate_pipeline.dim_accounts
[0m15:01:27.140876 [debug] [Thread-2 (]: Began running node model.real_estate_pipeline.fct_transactions
[0m15:01:27.140647 [info ] [Thread-3 (]: 5 of 9 START sql table model gold.dim_accounts ................................. [RUN]
[0m15:01:27.141754 [debug] [Thread-3 (]: Re-using an available connection from the pool (formerly model.real_estate_pipeline.stg_customers, now model.real_estate_pipeline.dim_accounts)
[0m15:01:27.142069 [debug] [Thread-3 (]: Began compiling node model.real_estate_pipeline.dim_accounts
[0m15:01:27.143772 [debug] [Thread-3 (]: Writing injected SQL for node "model.real_estate_pipeline.dim_accounts"
[0m15:01:27.144167 [debug] [Thread-5 (]: Began running node model.real_estate_pipeline.dim_customers
[0m15:01:27.144492 [info ] [Thread-5 (]: 6 of 9 START sql table model gold.dim_customers ................................ [RUN]
[0m15:01:27.145015 [debug] [Thread-5 (]: Re-using an available connection from the pool (formerly model.real_estate_pipeline.stg_transactions, now model.real_estate_pipeline.dim_customers)
[0m15:01:27.145269 [debug] [Thread-5 (]: Began compiling node model.real_estate_pipeline.dim_customers
[0m15:01:27.147033 [debug] [Thread-5 (]: Writing injected SQL for node "model.real_estate_pipeline.dim_customers"
[0m15:01:27.147488 [debug] [Thread-3 (]: Began executing node model.real_estate_pipeline.dim_accounts
[0m15:01:27.141290 [info ] [Thread-2 (]: 7 of 9 START sql table model gold.fct_transactions ............................. [RUN]
[0m15:01:27.165614 [debug] [Thread-2 (]: Re-using an available connection from the pool (formerly model.real_estate_pipeline.stg_accounts, now model.real_estate_pipeline.fct_transactions)
[0m15:01:27.166054 [debug] [Thread-2 (]: Began compiling node model.real_estate_pipeline.fct_transactions
[0m15:01:27.167606 [debug] [Thread-2 (]: Writing injected SQL for node "model.real_estate_pipeline.fct_transactions"
[0m15:01:27.165189 [debug] [Thread-3 (]: Writing runtime sql for node "model.real_estate_pipeline.dim_accounts"
[0m15:01:27.168463 [debug] [Thread-5 (]: Began executing node model.real_estate_pipeline.dim_customers
[0m15:01:27.169805 [debug] [Thread-5 (]: Writing runtime sql for node "model.real_estate_pipeline.dim_customers"
[0m15:01:27.170356 [debug] [Thread-2 (]: Began executing node model.real_estate_pipeline.fct_transactions
[0m15:01:27.171766 [debug] [Thread-2 (]: Writing runtime sql for node "model.real_estate_pipeline.fct_transactions"
[0m15:01:27.172532 [debug] [Thread-3 (]: Using snowflake connection "model.real_estate_pipeline.dim_accounts"
[0m15:01:27.172781 [debug] [Thread-3 (]: On model.real_estate_pipeline.dim_accounts: create or replace transient table FINANCE_DW.gold.dim_accounts
    
    
    
    
    

    as (select
    account_id,
    customer_id,
    account_type_id,
    account_status_id,
    balance,
    opening_date
from FINANCE_DW.silver.stg_accounts
    )

/* {"app": "dbt", "dbt_version": "1.12.0", "profile_name": "dbt_project", "target_name": "dev", "node_id": "model.real_estate_pipeline.dim_accounts"} */;
[0m15:01:27.173403 [debug] [Thread-5 (]: Using snowflake connection "model.real_estate_pipeline.dim_customers"
[0m15:01:27.173897 [debug] [Thread-5 (]: On model.real_estate_pipeline.dim_customers: create or replace transient table FINANCE_DW.gold.dim_customers
    
    
    
    
    

    as (with customers as (
    select * from FINANCE_DW.silver.stg_customers
),
accounts as (
    select 
        customer_id,
        count(account_id) as total_accounts,
        sum(balance) as total_balance
    from FINANCE_DW.silver.stg_accounts
    group by customer_id
)

select
    c.customer_id,
    c.first_name,
    c.last_name,
    c.date_of_birth,
    c.customer_type_id,
    coalesce(a.total_accounts, 0) as total_accounts,
    coalesce(a.total_balance, 0) as total_balance
from customers c
left join accounts a on c.customer_id = a.customer_id
    )

/* {"app": "dbt", "dbt_version": "1.12.0", "profile_name": "dbt_project", "target_name": "dev", "node_id": "model.real_estate_pipeline.dim_customers"} */;
[0m15:01:27.175280 [debug] [Thread-2 (]: Using snowflake connection "model.real_estate_pipeline.fct_transactions"
[0m15:01:27.175669 [debug] [Thread-2 (]: On model.real_estate_pipeline.fct_transactions: create or replace transient table FINANCE_DW.gold.fct_transactions
    
    
    
    
    

    as (select
    t.transaction_id,
    t.account_origin_id,
    t.account_destination_id,
    a.customer_id as origin_customer_id,
    t.transaction_type_id,
    t.branch_id,
    to_char(t.transaction_date::date, 'YYYYMMDD')::int as date_id,
    t.transaction_date,
    t.amount
from FINANCE_DW.silver.stg_transactions t
left join FINANCE_DW.silver.stg_accounts a on t.account_origin_id = a.account_id
    )

/* {"app": "dbt", "dbt_version": "1.12.0", "profile_name": "dbt_project", "target_name": "dev", "node_id": "model.real_estate_pipeline.fct_transactions"} */;
[0m15:01:27.895200 [debug] [Thread-4 (]: SQL status: SUCCESS 1 in 1.368 seconds
[0m15:01:27.896704 [debug] [Thread-4 (]: Sending event: {'category': 'dbt', 'action': 'run_model', 'label': '4c29308b-1820-40d5-9dba-3e9330ca307a', 'context': [<snowplow_tracker.self_describing_json.SelfDescribingJson object at 0x000001F4E73EF950>]}
[0m15:01:27.897145 [info ] [Thread-4 (]: 3 of 9 OK created sql view model silver.stg_loans .............................. [[32mSUCCESS 1[0m in 1.41s]
[0m15:01:27.897712 [debug] [Thread-4 (]: Finished running node model.real_estate_pipeline.stg_loans
[0m15:01:27.898214 [debug] [Thread-4 (]: Began running node model.real_estate_pipeline.dim_date
[0m15:01:27.898515 [info ] [Thread-4 (]: 8 of 9 START sql table model gold.dim_date ..................................... [RUN]
[0m15:01:27.898878 [debug] [Thread-4 (]: Re-using an available connection from the pool (formerly model.real_estate_pipeline.stg_loans, now model.real_estate_pipeline.dim_date)
[0m15:01:27.899092 [debug] [Thread-4 (]: Began compiling node model.real_estate_pipeline.dim_date
[0m15:01:27.901030 [debug] [Thread-4 (]: Writing injected SQL for node "model.real_estate_pipeline.dim_date"
[0m15:01:27.902250 [debug] [Thread-4 (]: Began executing node model.real_estate_pipeline.dim_date
[0m15:01:27.903657 [debug] [Thread-4 (]: Writing runtime sql for node "model.real_estate_pipeline.dim_date"
[0m15:01:27.904775 [debug] [Thread-4 (]: Using snowflake connection "model.real_estate_pipeline.dim_date"
[0m15:01:27.905089 [debug] [Thread-4 (]: On model.real_estate_pipeline.dim_date: create or replace transient table FINANCE_DW.gold.dim_date
    
    
    
    
    

    as (with dates as (
    select transaction_date::date as date_day from FINANCE_DW.silver.stg_transactions
    union
    select start_date::date as date_day from FINANCE_DW.silver.stg_loans
    union
    select opening_date::date as date_day from FINANCE_DW.silver.stg_accounts
)

select distinct
    to_char(date_day, 'YYYYMMDD')::int as date_id,
    date_day as full_date,
    year(date_day) as year,
    quarter(date_day) as quarter,
    month(date_day) as month,
    monthname(date_day) as month_name,
    day(date_day) as day,
    dayname(date_day) as day_of_week
from dates
where date_day is not null
    )

/* {"app": "dbt", "dbt_version": "1.12.0", "profile_name": "dbt_project", "target_name": "dev", "node_id": "model.real_estate_pipeline.dim_date"} */;
[0m15:01:27.925260 [debug] [Thread-3 (]: SQL status: SUCCESS 1651 in 0.751 seconds
[0m15:01:27.929345 [debug] [Thread-3 (]: Sending event: {'category': 'dbt', 'action': 'run_model', 'label': '4c29308b-1820-40d5-9dba-3e9330ca307a', 'context': [<snowplow_tracker.self_describing_json.SelfDescribingJson object at 0x000001F4E709A4A0>]}
[0m15:01:27.929889 [info ] [Thread-3 (]: 5 of 9 OK created sql table model gold.dim_accounts ............................ [[32mSUCCESS 1651[0m in 0.79s]
[0m15:01:27.930433 [debug] [Thread-3 (]: Finished running node model.real_estate_pipeline.dim_accounts
[0m15:01:27.930709 [debug] [Thread-3 (]: Began running node model.real_estate_pipeline.fct_loans
[0m15:01:27.931040 [info ] [Thread-3 (]: 9 of 9 START sql table model gold.fct_loans .................................... [RUN]
[0m15:01:27.931433 [debug] [Thread-3 (]: Re-using an available connection from the pool (formerly model.real_estate_pipeline.dim_accounts, now model.real_estate_pipeline.fct_loans)
[0m15:01:27.931693 [debug] [Thread-3 (]: Began compiling node model.real_estate_pipeline.fct_loans
[0m15:01:27.933135 [debug] [Thread-3 (]: Writing injected SQL for node "model.real_estate_pipeline.fct_loans"
[0m15:01:27.933818 [debug] [Thread-3 (]: Began executing node model.real_estate_pipeline.fct_loans
[0m15:01:27.935870 [debug] [Thread-3 (]: Writing runtime sql for node "model.real_estate_pipeline.fct_loans"
[0m15:01:27.936904 [debug] [Thread-3 (]: Using snowflake connection "model.real_estate_pipeline.fct_loans"
[0m15:01:27.937211 [debug] [Thread-3 (]: On model.real_estate_pipeline.fct_loans: create or replace transient table FINANCE_DW.gold.fct_loans
    
    
    
    
    

    as (select
    l.loan_id,
    l.account_id,
    a.customer_id,
    l.loan_status_id,
    to_char(l.start_date::date, 'YYYYMMDD')::int as date_id,
    l.principal_amount,
    l.interest_rate,
    l.start_date,
    l.estimated_end_date
from FINANCE_DW.silver.stg_loans l
left join FINANCE_DW.silver.stg_accounts a on l.account_id = a.account_id
    )

/* {"app": "dbt", "dbt_version": "1.12.0", "profile_name": "dbt_project", "target_name": "dev", "node_id": "model.real_estate_pipeline.fct_loans"} */;
[0m15:01:28.006633 [debug] [Thread-5 (]: SQL status: SUCCESS 1100 in 0.832 seconds
[0m15:01:28.008000 [debug] [Thread-5 (]: Sending event: {'category': 'dbt', 'action': 'run_model', 'label': '4c29308b-1820-40d5-9dba-3e9330ca307a', 'context': [<snowplow_tracker.self_describing_json.SelfDescribingJson object at 0x000001F4E743A690>]}
[0m15:01:28.008424 [info ] [Thread-5 (]: 6 of 9 OK created sql table model gold.dim_customers ........................... [[32mSUCCESS 1100[0m in 0.86s]
[0m15:01:28.008967 [debug] [Thread-5 (]: Finished running node model.real_estate_pipeline.dim_customers
[0m15:01:28.078250 [debug] [Thread-2 (]: SQL status: SUCCESS 49500 in 0.902 seconds
[0m15:01:28.080749 [debug] [Thread-2 (]: Sending event: {'category': 'dbt', 'action': 'run_model', 'label': '4c29308b-1820-40d5-9dba-3e9330ca307a', 'context': [<snowplow_tracker.self_describing_json.SelfDescribingJson object at 0x000001F4E73FA270>]}
[0m15:01:28.081150 [info ] [Thread-2 (]: 7 of 9 OK created sql table model gold.fct_transactions ........................ [[32mSUCCESS 49500[0m in 0.92s]
[0m15:01:28.081696 [debug] [Thread-2 (]: Finished running node model.real_estate_pipeline.fct_transactions
[0m15:01:28.568582 [debug] [Thread-3 (]: SQL status: SUCCESS 330 in 0.631 seconds
[0m15:01:28.572131 [debug] [Thread-3 (]: Sending event: {'category': 'dbt', 'action': 'run_model', 'label': '4c29308b-1820-40d5-9dba-3e9330ca307a', 'context': [<snowplow_tracker.self_describing_json.SelfDescribingJson object at 0x000001F4E73F80B0>]}
[0m15:01:28.573153 [info ] [Thread-3 (]: 9 of 9 OK created sql table model gold.fct_loans ............................... [[32mSUCCESS 330[0m in 0.64s]
[0m15:01:28.574093 [debug] [Thread-3 (]: Finished running node model.real_estate_pipeline.fct_loans
[0m15:01:28.604338 [debug] [Thread-4 (]: SQL status: SUCCESS 2253 in 0.699 seconds
[0m15:01:28.607254 [debug] [Thread-4 (]: Sending event: {'category': 'dbt', 'action': 'run_model', 'label': '4c29308b-1820-40d5-9dba-3e9330ca307a', 'context': [<snowplow_tracker.self_describing_json.SelfDescribingJson object at 0x000001F4E73FBA10>]}
[0m15:01:28.607895 [info ] [Thread-4 (]: 8 of 9 OK created sql table model gold.dim_date ................................ [[32mSUCCESS 2253[0m in 0.71s]
[0m15:01:28.608666 [debug] [Thread-4 (]: Finished running node model.real_estate_pipeline.dim_date
[0m15:01:28.610096 [debug] [MainThread]: Connection 'master' was properly closed.
[0m15:01:28.610345 [debug] [MainThread]: Connection 'create_FINANCE_DW_gold' was left open.
[0m15:01:28.610547 [debug] [MainThread]: On create_FINANCE_DW_gold: Close
[0m15:01:28.771407 [debug] [MainThread]: Connection 'create_FINANCE_DW_silver' was left open.
[0m15:01:28.772183 [debug] [MainThread]: On create_FINANCE_DW_silver: Close
[0m15:01:28.921304 [debug] [MainThread]: Connection 'list_FINANCE_DW_gold' was left open.
[0m15:01:28.922140 [debug] [MainThread]: On list_FINANCE_DW_gold: Close
[0m15:01:29.098748 [debug] [MainThread]: Connection 'list_FINANCE_DW_silver' was left open.
[0m15:01:29.099608 [debug] [MainThread]: On list_FINANCE_DW_silver: Close
[0m15:01:29.279904 [debug] [MainThread]: Connection 'model.real_estate_pipeline.fct_transactions' was left open.
[0m15:01:29.280673 [debug] [MainThread]: On model.real_estate_pipeline.fct_transactions: Close
[0m15:01:29.435866 [debug] [MainThread]: Connection 'model.real_estate_pipeline.dim_date' was left open.
[0m15:01:29.436168 [debug] [MainThread]: On model.real_estate_pipeline.dim_date: Close
[0m15:01:29.622317 [debug] [MainThread]: Connection 'model.real_estate_pipeline.dim_customers' was left open.
[0m15:01:29.622661 [debug] [MainThread]: On model.real_estate_pipeline.dim_customers: Close
[0m15:01:29.785088 [debug] [MainThread]: Connection 'model.real_estate_pipeline.fct_loans' was left open.
[0m15:01:29.785927 [debug] [MainThread]: On model.real_estate_pipeline.fct_loans: Close
[0m15:01:29.938840 [info ] [MainThread]: 
[0m15:01:29.940012 [info ] [MainThread]: Finished running 5 table models, 4 view models in 0 hours 0 minutes and 6.33 seconds (6.33s).
[0m15:01:29.941793 [debug] [MainThread]: Command end result
[0m15:01:29.976721 [debug] [MainThread]: Wrote artifact WritableManifest to C:\Users\user\Desktop\Finance-Bank\real_estate_pipeline\dbt_project\target\manifest.json
[0m15:01:29.980938 [debug] [MainThread]: Wrote artifact SemanticManifest to C:\Users\user\Desktop\Finance-Bank\real_estate_pipeline\dbt_project\target\semantic_manifest.json
[0m15:01:29.985130 [debug] [MainThread]: Wrote artifact OsiDocument to C:\Users\user\Desktop\Finance-Bank\real_estate_pipeline\dbt_project\target\osi_document.json
[0m15:01:29.993429 [debug] [MainThread]: Wrote artifact RunExecutionResult to C:\Users\user\Desktop\Finance-Bank\real_estate_pipeline\dbt_project\target\run_results.json
[0m15:01:29.993937 [info ] [MainThread]: 
[0m15:01:29.994774 [info ] [MainThread]: [32mCompleted successfully[0m
[0m15:01:29.995243 [info ] [MainThread]: 
[0m15:01:29.995681 [info ] [MainThread]: Done. PASS=9 WARN=0 ERROR=0 SKIP=0 NO-OP=0 REUSED=0 TOTAL=9
[0m15:01:29.996352 [debug] [MainThread]: Command `python -m dbt.cli.main run` succeeded at 15:01:29.996260 after 7.67 seconds
[0m15:01:29.996600 [debug] [MainThread]: Sending event: {'category': 'dbt', 'action': 'invocation', 'label': 'end', 'context': [<snowplow_tracker.self_describing_json.SelfDescribingJson object at 0x000001F4E7332ED0>, <snowplow_tracker.self_describing_json.SelfDescribingJson object at 0x000001F4C171ED50>, <snowplow_tracker.self_describing_json.SelfDescribingJson object at 0x000001F4E740ABD0>]}
[0m15:01:29.996841 [debug] [MainThread]: Flushing usage events
[0m15:01:30.691202 [debug] [MainThread]: An error was encountered while trying to flush usage events
[0m15:10:23.580948 [debug] [MainThread]: Sending event: {'category': 'dbt', 'action': 'invocation', 'label': 'start', 'context': [<snowplow_tracker.self_describing_json.SelfDescribingJson object at 0x000001B1252FD010>, <snowplow_tracker.self_describing_json.SelfDescribingJson object at 0x000001B122BACE10>, <snowplow_tracker.self_describing_json.SelfDescribingJson object at 0x000001B127D039D0>]}


============================== 15:10:23.587623 | f83be256-790d-4ba3-baa3-410ad3b529e7 ==============================
[0m15:10:23.587623 [info ] [MainThread]: Running with dbt=1.12.0
[0m15:10:23.588123 [debug] [MainThread]: running dbt with arguments {'maximum_seed_size_mib': '1', 'no_print': 'None', 'static_parser': 'True', 'warn_error_options': 'WarnErrorOptionsV2(error=[], warn=[], silence=[])', 'target_path': 'None', 'version_check': 'True', 'printer_width': '80', 'write_json': 'True', 'introspect': 'True', 'log_cache_events': 'False', 'empty': 'None', 'cache_selected_only': 'False', 'fail_fast': 'False', 'debug': 'False', 'log_format': 'default', 'profiles_dir': 'C:\\Users\\user\\Desktop\\Finance-Bank\\real_estate_pipeline\\dbt_project', 'send_anonymous_usage_stats': 'True', 'quiet': 'False', 'warn_error': 'None', 'partial_parse': 'True', 'invocation_command': 'dbt test', 'hints_enabled': 'True', 'use_colors': 'True', 'use_experimental_parser': 'False', 'indirect_selection': 'eager', 'log_path': 'C:\\Users\\user\\Desktop\\Finance-Bank\\real_estate_pipeline\\dbt_project\\logs'}
[0m15:10:24.189253 [debug] [MainThread]: Snowflake adapter: Setting snowflake.connector to ERROR (file logging only)
[0m15:10:24.189575 [debug] [MainThread]: Snowflake adapter: Setting botocore to ERROR (file logging only)
[0m15:10:24.189775 [debug] [MainThread]: Snowflake adapter: Setting boto3 to ERROR (file logging only)
[0m15:10:24.344336 [debug] [MainThread]: Sending event: {'category': 'dbt', 'action': 'project_id', 'label': 'f83be256-790d-4ba3-baa3-410ad3b529e7', 'context': [<snowplow_tracker.self_describing_json.SelfDescribingJson object at 0x000001B14A0AD0F0>]}
[0m15:10:24.388325 [debug] [MainThread]: Sending event: {'category': 'dbt', 'action': 'adapter_info', 'label': 'f83be256-790d-4ba3-baa3-410ad3b529e7', 'context': [<snowplow_tracker.self_describing_json.SelfDescribingJson object at 0x000001B122AFC380>]}
[0m15:10:24.389964 [info ] [MainThread]: Registered adapter: snowflake=1.12.0
[0m15:10:24.561266 [debug] [MainThread]: checksum: 17b8c0eed372bdc76158915a5b86153b95ebcdfebef695d6713d3c569800f71e, vars: {}, profile: dbt_project, target: dev, version: 1.12.0
[0m15:10:24.648559 [debug] [MainThread]: Partial parsing enabled: 0 files deleted, 0 files added, 2 files changed.
[0m15:10:24.648973 [debug] [MainThread]: Partial parsing: updated file: real_estate_pipeline://models\silver\silver.yml
[0m15:10:24.649238 [debug] [MainThread]: Partial parsing: updated file: real_estate_pipeline://models\gold\gold.yml
[0m15:10:24.870568 [warn ] [MainThread]: [[33mWARNING[0m][MissingArgumentsPropertyInGenericTestDeprecation]: Deprecated
functionality
Found top-level arguments to test `relationships` defined on 'fct_transactions'
in package 'real_estate_pipeline' (models\gold\gold.yml). Arguments to generic
tests should be nested under the `arguments` property.
[0m15:10:24.871115 [debug] [MainThread]: Sending event: {'category': 'dbt', 'action': 'deprecation', 'label': 'f83be256-790d-4ba3-baa3-410ad3b529e7', 'property_': 'warn', 'context': [<snowplow_tracker.self_describing_json.SelfDescribingJson object at 0x000001B14B7CD450>]}
[0m15:10:24.944265 [debug] [MainThread]: Sending event: {'category': 'dbt', 'action': 'load_project', 'label': 'f83be256-790d-4ba3-baa3-410ad3b529e7', 'context': [<snowplow_tracker.self_describing_json.SelfDescribingJson object at 0x000001B14BA3B6B0>]}
[0m15:10:25.016610 [debug] [MainThread]: Wrote artifact WritableManifest to C:\Users\user\Desktop\Finance-Bank\real_estate_pipeline\dbt_project\target\manifest.json
[0m15:10:25.019161 [debug] [MainThread]: Wrote artifact SemanticManifest to C:\Users\user\Desktop\Finance-Bank\real_estate_pipeline\dbt_project\target\semantic_manifest.json
[0m15:10:25.036937 [debug] [MainThread]: Wrote artifact OsiDocument to C:\Users\user\Desktop\Finance-Bank\real_estate_pipeline\dbt_project\target\osi_document.json
[0m15:10:25.052726 [debug] [MainThread]: Sending event: {'category': 'dbt', 'action': 'resource_counts', 'label': 'f83be256-790d-4ba3-baa3-410ad3b529e7', 'context': [<snowplow_tracker.self_describing_json.SelfDescribingJson object at 0x000001B14BC0BAF0>]}
[0m15:10:25.053319 [info ] [MainThread]: Found 9 models, 21 data tests, 4 sources, 546 macros
[0m15:10:25.053699 [debug] [MainThread]: Sending event: {'category': 'dbt', 'action': 'runnable_timing', 'label': 'f83be256-790d-4ba3-baa3-410ad3b529e7', 'context': [<snowplow_tracker.self_describing_json.SelfDescribingJson object at 0x000001B14BC7AEA0>]}
[0m15:10:25.055593 [info ] [MainThread]: 
[0m15:10:25.055887 [info ] [MainThread]: Concurrency: 4 threads (target='dev')
[0m15:10:25.056179 [info ] [MainThread]: 
[0m15:10:25.056610 [debug] [MainThread]: Acquiring new snowflake connection 'master'
[0m15:10:25.059768 [debug] [ThreadPool]: Acquiring new snowflake connection 'list_FINANCE_DW_gold'
[0m15:10:25.069624 [debug] [ThreadPool]: Acquiring new snowflake connection 'list_FINANCE_DW_silver'
[0m15:10:25.073236 [debug] [ThreadPool]: Using snowflake connection "list_FINANCE_DW_gold"
[0m15:10:25.073458 [debug] [ThreadPool]: On list_FINANCE_DW_gold: show objects in FINANCE_DW.gold
    limit 10000
    

/* {"app": "dbt", "dbt_version": "1.12.0", "profile_name": "dbt_project", "target_name": "dev", "connection_name": "list_FINANCE_DW_gold"} */;
[0m15:10:25.073660 [debug] [ThreadPool]: Opening a new connection, currently in state init
[0m15:10:25.074068 [debug] [ThreadPool]: Using snowflake connection "list_FINANCE_DW_silver"
[0m15:10:25.074290 [debug] [ThreadPool]: On list_FINANCE_DW_silver: show objects in FINANCE_DW.silver
    limit 10000
    

/* {"app": "dbt", "dbt_version": "1.12.0", "profile_name": "dbt_project", "target_name": "dev", "connection_name": "list_FINANCE_DW_silver"} */;
[0m15:10:25.074464 [debug] [ThreadPool]: Opening a new connection, currently in state init
[0m15:10:26.756232 [debug] [ThreadPool]: SQL status: SUCCESS 5 in 1.682 seconds
[0m15:10:26.764452 [debug] [ThreadPool]: Using snowflake connection "list_FINANCE_DW_gold"
[0m15:10:26.764723 [debug] [ThreadPool]: On list_FINANCE_DW_gold: show user functions in FINANCE_DW.gold
/* {"app": "dbt", "dbt_version": "1.12.0", "profile_name": "dbt_project", "target_name": "dev", "connection_name": "list_FINANCE_DW_gold"} */
[0m15:10:26.840778 [debug] [ThreadPool]: SQL status: SUCCESS 4 in 1.766 seconds
[0m15:10:26.845215 [debug] [ThreadPool]: Using snowflake connection "list_FINANCE_DW_silver"
[0m15:10:26.845684 [debug] [ThreadPool]: On list_FINANCE_DW_silver: show user functions in FINANCE_DW.silver
/* {"app": "dbt", "dbt_version": "1.12.0", "profile_name": "dbt_project", "target_name": "dev", "connection_name": "list_FINANCE_DW_silver"} */
[0m15:10:26.912762 [debug] [ThreadPool]: SQL status: SUCCESS 0 in 0.148 seconds
[0m15:10:26.979860 [debug] [ThreadPool]: SQL status: SUCCESS 0 in 0.134 seconds
[0m15:10:26.984341 [debug] [MainThread]: Sending event: {'category': 'dbt', 'action': 'runnable_timing', 'label': 'f83be256-790d-4ba3-baa3-410ad3b529e7', 'context': [<snowplow_tracker.self_describing_json.SelfDescribingJson object at 0x000001B14BBD7950>]}
[0m15:10:26.988135 [debug] [Thread-4 (]: Began running node test.real_estate_pipeline.not_null_dim_date_date_id.3077875806
[0m15:10:26.988603 [debug] [Thread-2 (]: Began running node test.real_estate_pipeline.not_null_dim_accounts_account_id.cc26245841
[0m15:10:26.988399 [info ] [Thread-4 (]: 3 of 21 START test not_null_dim_date_date_id ................................... [RUN]
[0m15:10:26.989511 [debug] [Thread-4 (]: Acquiring new snowflake connection 'test.real_estate_pipeline.not_null_dim_date_date_id.3077875806'
[0m15:10:26.990093 [debug] [Thread-4 (]: Began compiling node test.real_estate_pipeline.not_null_dim_date_date_id.3077875806
[0m15:10:27.002357 [debug] [Thread-4 (]: Writing injected SQL for node "test.real_estate_pipeline.not_null_dim_date_date_id.3077875806"
[0m15:10:26.989889 [debug] [Thread-5 (]: Began running node test.real_estate_pipeline.not_null_fct_loans_loan_id.1067693330
[0m15:10:26.988831 [info ] [Thread-2 (]: 1 of 21 START test not_null_dim_accounts_account_id ............................ [RUN]
[0m15:10:26.989107 [debug] [Thread-3 (]: Began running node test.real_estate_pipeline.not_null_dim_customers_customer_id.dd91cd1c8d
[0m15:10:27.002861 [info ] [Thread-5 (]: 4 of 21 START test not_null_fct_loans_loan_id .................................. [RUN]
[0m15:10:27.004321 [debug] [Thread-5 (]: Acquiring new snowflake connection 'test.real_estate_pipeline.not_null_fct_loans_loan_id.1067693330'
[0m15:10:27.004605 [debug] [Thread-5 (]: Began compiling node test.real_estate_pipeline.not_null_fct_loans_loan_id.1067693330
[0m15:10:27.003739 [info ] [Thread-3 (]: 2 of 21 START test not_null_dim_customers_customer_id .......................... [RUN]
[0m15:10:27.006967 [debug] [Thread-3 (]: Acquiring new snowflake connection 'test.real_estate_pipeline.not_null_dim_customers_customer_id.dd91cd1c8d'
[0m15:10:27.007194 [debug] [Thread-3 (]: Began compiling node test.real_estate_pipeline.not_null_dim_customers_customer_id.dd91cd1c8d
[0m15:10:27.011272 [debug] [Thread-3 (]: Writing injected SQL for node "test.real_estate_pipeline.not_null_dim_customers_customer_id.dd91cd1c8d"
[0m15:10:27.015955 [debug] [Thread-5 (]: Writing injected SQL for node "test.real_estate_pipeline.not_null_fct_loans_loan_id.1067693330"
[0m15:10:27.003333 [debug] [Thread-2 (]: Acquiring new snowflake connection 'test.real_estate_pipeline.not_null_dim_accounts_account_id.cc26245841'
[0m15:10:27.017552 [debug] [Thread-2 (]: Began compiling node test.real_estate_pipeline.not_null_dim_accounts_account_id.cc26245841
[0m15:10:27.024314 [debug] [Thread-2 (]: Writing injected SQL for node "test.real_estate_pipeline.not_null_dim_accounts_account_id.cc26245841"
[0m15:10:27.018436 [debug] [Thread-4 (]: Began executing node test.real_estate_pipeline.not_null_dim_date_date_id.3077875806
[0m15:10:27.043062 [debug] [Thread-3 (]: Began executing node test.real_estate_pipeline.not_null_dim_customers_customer_id.dd91cd1c8d
[0m15:10:27.043619 [debug] [Thread-5 (]: Began executing node test.real_estate_pipeline.not_null_fct_loans_loan_id.1067693330
[0m15:10:27.049511 [debug] [Thread-4 (]: Writing runtime sql for node "test.real_estate_pipeline.not_null_dim_date_date_id.3077875806"
[0m15:10:27.050746 [debug] [Thread-3 (]: Writing runtime sql for node "test.real_estate_pipeline.not_null_dim_customers_customer_id.dd91cd1c8d"
[0m15:10:27.054372 [debug] [Thread-5 (]: Writing runtime sql for node "test.real_estate_pipeline.not_null_fct_loans_loan_id.1067693330"
[0m15:10:27.054619 [debug] [Thread-2 (]: Began executing node test.real_estate_pipeline.not_null_dim_accounts_account_id.cc26245841
[0m15:10:27.056062 [debug] [Thread-2 (]: Writing runtime sql for node "test.real_estate_pipeline.not_null_dim_accounts_account_id.cc26245841"
[0m15:10:27.057196 [debug] [Thread-3 (]: Using snowflake connection "test.real_estate_pipeline.not_null_dim_customers_customer_id.dd91cd1c8d"
[0m15:10:27.057972 [debug] [Thread-3 (]: On test.real_estate_pipeline.not_null_dim_customers_customer_id.dd91cd1c8d: select
      count(*) as failures,
      count(*) != 0 as should_warn,
      count(*) != 0 as should_error
    from (
      
    
  
    
    



select customer_id
from FINANCE_DW.gold.dim_customers
where customer_id is null



  
  
      
    ) dbt_internal_test
/* {"app": "dbt", "dbt_version": "1.12.0", "profile_name": "dbt_project", "target_name": "dev", "node_id": "test.real_estate_pipeline.not_null_dim_customers_customer_id.dd91cd1c8d"} */
[0m15:10:27.058256 [debug] [Thread-3 (]: Opening a new connection, currently in state init
[0m15:10:27.057688 [debug] [Thread-4 (]: Using snowflake connection "test.real_estate_pipeline.not_null_dim_date_date_id.3077875806"
[0m15:10:27.058636 [debug] [Thread-4 (]: On test.real_estate_pipeline.not_null_dim_date_date_id.3077875806: select
      count(*) as failures,
      count(*) != 0 as should_warn,
      count(*) != 0 as should_error
    from (
      
    
  
    
    



select date_id
from FINANCE_DW.gold.dim_date
where date_id is null



  
  
      
    ) dbt_internal_test
/* {"app": "dbt", "dbt_version": "1.12.0", "profile_name": "dbt_project", "target_name": "dev", "node_id": "test.real_estate_pipeline.not_null_dim_date_date_id.3077875806"} */
[0m15:10:27.058944 [debug] [Thread-4 (]: Opening a new connection, currently in state init
[0m15:10:27.059491 [debug] [Thread-2 (]: Using snowflake connection "test.real_estate_pipeline.not_null_dim_accounts_account_id.cc26245841"
[0m15:10:27.060295 [debug] [Thread-2 (]: On test.real_estate_pipeline.not_null_dim_accounts_account_id.cc26245841: select
      count(*) as failures,
      count(*) != 0 as should_warn,
      count(*) != 0 as should_error
    from (
      
    
  
    
    



select account_id
from FINANCE_DW.gold.dim_accounts
where account_id is null



  
  
      
    ) dbt_internal_test
/* {"app": "dbt", "dbt_version": "1.12.0", "profile_name": "dbt_project", "target_name": "dev", "node_id": "test.real_estate_pipeline.not_null_dim_accounts_account_id.cc26245841"} */
[0m15:10:27.061284 [debug] [Thread-2 (]: Opening a new connection, currently in state init
[0m15:10:27.061055 [debug] [Thread-5 (]: Using snowflake connection "test.real_estate_pipeline.not_null_fct_loans_loan_id.1067693330"
[0m15:10:27.062144 [debug] [Thread-5 (]: On test.real_estate_pipeline.not_null_fct_loans_loan_id.1067693330: select
      count(*) as failures,
      count(*) != 0 as should_warn,
      count(*) != 0 as should_error
    from (
      
    
  
    
    



select loan_id
from FINANCE_DW.gold.fct_loans
where loan_id is null



  
  
      
    ) dbt_internal_test
/* {"app": "dbt", "dbt_version": "1.12.0", "profile_name": "dbt_project", "target_name": "dev", "node_id": "test.real_estate_pipeline.not_null_fct_loans_loan_id.1067693330"} */
[0m15:10:27.062930 [debug] [Thread-5 (]: Opening a new connection, currently in state init
[0m15:10:28.196594 [debug] [Thread-4 (]: SQL status: SUCCESS 1 in 1.137 seconds
[0m15:10:28.204277 [info ] [Thread-4 (]: 3 of 21 PASS not_null_dim_date_date_id ......................................... [[32mPASS[0m in 1.21s]
[0m15:10:28.204788 [debug] [Thread-4 (]: Finished running node test.real_estate_pipeline.not_null_dim_date_date_id.3077875806
[0m15:10:28.205056 [debug] [Thread-4 (]: Began running node test.real_estate_pipeline.not_null_fct_transactions_transaction_id.2c6b5372aa
[0m15:10:28.205273 [info ] [Thread-4 (]: 5 of 21 START test not_null_fct_transactions_transaction_id .................... [RUN]
[0m15:10:28.206829 [debug] [Thread-5 (]: SQL status: SUCCESS 1 in 1.144 seconds
[0m15:10:28.206335 [debug] [Thread-4 (]: Re-using an available connection from the pool (formerly test.real_estate_pipeline.not_null_dim_date_date_id.3077875806, now test.real_estate_pipeline.not_null_fct_transactions_transaction_id.2c6b5372aa)
[0m15:10:28.208703 [debug] [Thread-4 (]: Began compiling node test.real_estate_pipeline.not_null_fct_transactions_transaction_id.2c6b5372aa
[0m15:10:28.208453 [debug] [Thread-2 (]: SQL status: SUCCESS 1 in 1.147 seconds
[0m15:10:28.207883 [info ] [Thread-5 (]: 4 of 21 PASS not_null_fct_loans_loan_id ........................................ [[32mPASS[0m in 1.20s]
[0m15:10:28.287591 [debug] [Thread-4 (]: Writing injected SQL for node "test.real_estate_pipeline.not_null_fct_transactions_transaction_id.2c6b5372aa"
[0m15:10:28.288747 [info ] [Thread-2 (]: 1 of 21 PASS not_null_dim_accounts_account_id .................................. [[32mPASS[0m in 1.29s]
[0m15:10:28.289784 [debug] [Thread-2 (]: Finished running node test.real_estate_pipeline.not_null_dim_accounts_account_id.cc26245841
[0m15:10:28.290030 [debug] [Thread-2 (]: Began running node test.real_estate_pipeline.not_null_stg_accounts_account_id.182dfbc108
[0m15:10:28.289149 [debug] [Thread-5 (]: Finished running node test.real_estate_pipeline.not_null_fct_loans_loan_id.1067693330
[0m15:10:28.290650 [debug] [Thread-5 (]: Began running node test.real_estate_pipeline.not_null_stg_accounts_customer_id.0b54f014a3
[0m15:10:28.290250 [info ] [Thread-2 (]: 6 of 21 START test not_null_stg_accounts_account_id ............................ [RUN]
[0m15:10:28.291425 [debug] [Thread-2 (]: Re-using an available connection from the pool (formerly test.real_estate_pipeline.not_null_dim_accounts_account_id.cc26245841, now test.real_estate_pipeline.not_null_stg_accounts_account_id.182dfbc108)
[0m15:10:28.291699 [debug] [Thread-2 (]: Began compiling node test.real_estate_pipeline.not_null_stg_accounts_account_id.182dfbc108
[0m15:10:28.295205 [debug] [Thread-2 (]: Writing injected SQL for node "test.real_estate_pipeline.not_null_stg_accounts_account_id.182dfbc108"
[0m15:10:28.295662 [debug] [Thread-4 (]: Began executing node test.real_estate_pipeline.not_null_fct_transactions_transaction_id.2c6b5372aa
[0m15:10:28.296647 [debug] [Thread-4 (]: Writing runtime sql for node "test.real_estate_pipeline.not_null_fct_transactions_transaction_id.2c6b5372aa"
[0m15:10:28.290948 [info ] [Thread-5 (]: 7 of 21 START test not_null_stg_accounts_customer_id ........................... [RUN]
[0m15:10:28.297046 [debug] [Thread-5 (]: Re-using an available connection from the pool (formerly test.real_estate_pipeline.not_null_fct_loans_loan_id.1067693330, now test.real_estate_pipeline.not_null_stg_accounts_customer_id.0b54f014a3)
[0m15:10:28.297319 [debug] [Thread-5 (]: Began compiling node test.real_estate_pipeline.not_null_stg_accounts_customer_id.0b54f014a3
[0m15:10:28.301466 [debug] [Thread-5 (]: Writing injected SQL for node "test.real_estate_pipeline.not_null_stg_accounts_customer_id.0b54f014a3"
[0m15:10:28.302591 [debug] [Thread-4 (]: Using snowflake connection "test.real_estate_pipeline.not_null_fct_transactions_transaction_id.2c6b5372aa"
[0m15:10:28.303280 [debug] [Thread-4 (]: On test.real_estate_pipeline.not_null_fct_transactions_transaction_id.2c6b5372aa: select
      count(*) as failures,
      count(*) != 0 as should_warn,
      count(*) != 0 as should_error
    from (
      
    
  
    
    



select transaction_id
from FINANCE_DW.gold.fct_transactions
where transaction_id is null



  
  
      
    ) dbt_internal_test
/* {"app": "dbt", "dbt_version": "1.12.0", "profile_name": "dbt_project", "target_name": "dev", "node_id": "test.real_estate_pipeline.not_null_fct_transactions_transaction_id.2c6b5372aa"} */
[0m15:10:28.302913 [debug] [Thread-2 (]: Began executing node test.real_estate_pipeline.not_null_stg_accounts_account_id.182dfbc108
[0m15:10:28.304683 [debug] [Thread-2 (]: Writing runtime sql for node "test.real_estate_pipeline.not_null_stg_accounts_account_id.182dfbc108"
[0m15:10:28.305230 [debug] [Thread-5 (]: Began executing node test.real_estate_pipeline.not_null_stg_accounts_customer_id.0b54f014a3
[0m15:10:28.306460 [debug] [Thread-5 (]: Writing runtime sql for node "test.real_estate_pipeline.not_null_stg_accounts_customer_id.0b54f014a3"
[0m15:10:28.307947 [debug] [Thread-2 (]: Using snowflake connection "test.real_estate_pipeline.not_null_stg_accounts_account_id.182dfbc108"
[0m15:10:28.308388 [debug] [Thread-2 (]: On test.real_estate_pipeline.not_null_stg_accounts_account_id.182dfbc108: select
      count(*) as failures,
      count(*) != 0 as should_warn,
      count(*) != 0 as should_error
    from (
      
    
  
    
    



select account_id
from FINANCE_DW.silver.stg_accounts
where account_id is null



  
  
      
    ) dbt_internal_test
/* {"app": "dbt", "dbt_version": "1.12.0", "profile_name": "dbt_project", "target_name": "dev", "node_id": "test.real_estate_pipeline.not_null_stg_accounts_account_id.182dfbc108"} */
[0m15:10:28.309205 [debug] [Thread-5 (]: Using snowflake connection "test.real_estate_pipeline.not_null_stg_accounts_customer_id.0b54f014a3"
[0m15:10:28.309458 [debug] [Thread-5 (]: On test.real_estate_pipeline.not_null_stg_accounts_customer_id.0b54f014a3: select
      count(*) as failures,
      count(*) != 0 as should_warn,
      count(*) != 0 as should_error
    from (
      
    
  
    
    



select customer_id
from FINANCE_DW.silver.stg_accounts
where customer_id is null



  
  
      
    ) dbt_internal_test
/* {"app": "dbt", "dbt_version": "1.12.0", "profile_name": "dbt_project", "target_name": "dev", "node_id": "test.real_estate_pipeline.not_null_stg_accounts_customer_id.0b54f014a3"} */
[0m15:10:28.360620 [debug] [Thread-3 (]: SQL status: SUCCESS 1 in 1.302 seconds
[0m15:10:28.364484 [info ] [Thread-3 (]: 2 of 21 PASS not_null_dim_customers_customer_id ................................ [[32mPASS[0m in 1.36s]
[0m15:10:28.365736 [debug] [Thread-3 (]: Finished running node test.real_estate_pipeline.not_null_dim_customers_customer_id.dd91cd1c8d
[0m15:10:28.366322 [debug] [Thread-3 (]: Began running node test.real_estate_pipeline.not_null_stg_customers_customer_id.e2cfb1f9aa
[0m15:10:28.366746 [info ] [Thread-3 (]: 8 of 21 START test not_null_stg_customers_customer_id .......................... [RUN]
[0m15:10:28.367635 [debug] [Thread-3 (]: Re-using an available connection from the pool (formerly test.real_estate_pipeline.not_null_dim_customers_customer_id.dd91cd1c8d, now test.real_estate_pipeline.not_null_stg_customers_customer_id.e2cfb1f9aa)
[0m15:10:28.368169 [debug] [Thread-3 (]: Began compiling node test.real_estate_pipeline.not_null_stg_customers_customer_id.e2cfb1f9aa
[0m15:10:28.375430 [debug] [Thread-3 (]: Writing injected SQL for node "test.real_estate_pipeline.not_null_stg_customers_customer_id.e2cfb1f9aa"
[0m15:10:28.378620 [debug] [Thread-3 (]: Began executing node test.real_estate_pipeline.not_null_stg_customers_customer_id.e2cfb1f9aa
[0m15:10:28.380006 [debug] [Thread-3 (]: Writing runtime sql for node "test.real_estate_pipeline.not_null_stg_customers_customer_id.e2cfb1f9aa"
[0m15:10:28.381487 [debug] [Thread-3 (]: Using snowflake connection "test.real_estate_pipeline.not_null_stg_customers_customer_id.e2cfb1f9aa"
[0m15:10:28.381744 [debug] [Thread-3 (]: On test.real_estate_pipeline.not_null_stg_customers_customer_id.e2cfb1f9aa: select
      count(*) as failures,
      count(*) != 0 as should_warn,
      count(*) != 0 as should_error
    from (
      
    
  
    
    



select customer_id
from FINANCE_DW.silver.stg_customers
where customer_id is null



  
  
      
    ) dbt_internal_test
/* {"app": "dbt", "dbt_version": "1.12.0", "profile_name": "dbt_project", "target_name": "dev", "node_id": "test.real_estate_pipeline.not_null_stg_customers_customer_id.e2cfb1f9aa"} */
[0m15:10:28.523463 [debug] [Thread-2 (]: SQL status: SUCCESS 1 in 0.214 seconds
[0m15:10:28.526765 [info ] [Thread-2 (]: 6 of 21 PASS not_null_stg_accounts_account_id .................................. [[32mPASS[0m in 0.24s]
[0m15:10:28.527512 [debug] [Thread-2 (]: Finished running node test.real_estate_pipeline.not_null_stg_accounts_account_id.182dfbc108
[0m15:10:28.527773 [debug] [Thread-2 (]: Began running node test.real_estate_pipeline.not_null_stg_loans_loan_id.b77c69982c
[0m15:10:28.528545 [debug] [Thread-4 (]: SQL status: SUCCESS 1 in 0.225 seconds
[0m15:10:28.528031 [info ] [Thread-2 (]: 9 of 21 START test not_null_stg_loans_loan_id .................................. [RUN]
[0m15:10:28.531029 [debug] [Thread-2 (]: Re-using an available connection from the pool (formerly test.real_estate_pipeline.not_null_stg_accounts_account_id.182dfbc108, now test.real_estate_pipeline.not_null_stg_loans_loan_id.b77c69982c)
[0m15:10:28.531408 [debug] [Thread-2 (]: Began compiling node test.real_estate_pipeline.not_null_stg_loans_loan_id.b77c69982c
[0m15:10:28.535711 [debug] [Thread-2 (]: Writing injected SQL for node "test.real_estate_pipeline.not_null_stg_loans_loan_id.b77c69982c"
[0m15:10:28.530452 [info ] [Thread-4 (]: 5 of 21 PASS not_null_fct_transactions_transaction_id .......................... [[32mPASS[0m in 0.32s]
[0m15:10:28.536485 [debug] [Thread-4 (]: Finished running node test.real_estate_pipeline.not_null_fct_transactions_transaction_id.2c6b5372aa
[0m15:10:28.536787 [debug] [Thread-4 (]: Began running node test.real_estate_pipeline.not_null_stg_transactions_transaction_id.1d00a8e2e4
[0m15:10:28.537024 [info ] [Thread-4 (]: 10 of 21 START test not_null_stg_transactions_transaction_id ................... [RUN]
[0m15:10:28.537506 [debug] [Thread-2 (]: Began executing node test.real_estate_pipeline.not_null_stg_loans_loan_id.b77c69982c
[0m15:10:28.539117 [debug] [Thread-2 (]: Writing runtime sql for node "test.real_estate_pipeline.not_null_stg_loans_loan_id.b77c69982c"
[0m15:10:28.537885 [debug] [Thread-4 (]: Re-using an available connection from the pool (formerly test.real_estate_pipeline.not_null_fct_transactions_transaction_id.2c6b5372aa, now test.real_estate_pipeline.not_null_stg_transactions_transaction_id.1d00a8e2e4)
[0m15:10:28.539927 [debug] [Thread-4 (]: Began compiling node test.real_estate_pipeline.not_null_stg_transactions_transaction_id.1d00a8e2e4
[0m15:10:28.544637 [debug] [Thread-4 (]: Writing injected SQL for node "test.real_estate_pipeline.not_null_stg_transactions_transaction_id.1d00a8e2e4"
[0m15:10:28.545764 [debug] [Thread-2 (]: Using snowflake connection "test.real_estate_pipeline.not_null_stg_loans_loan_id.b77c69982c"
[0m15:10:28.546138 [debug] [Thread-2 (]: On test.real_estate_pipeline.not_null_stg_loans_loan_id.b77c69982c: select
      count(*) as failures,
      count(*) != 0 as should_warn,
      count(*) != 0 as should_error
    from (
      
    
  
    
    



select loan_id
from FINANCE_DW.silver.stg_loans
where loan_id is null



  
  
      
    ) dbt_internal_test
/* {"app": "dbt", "dbt_version": "1.12.0", "profile_name": "dbt_project", "target_name": "dev", "node_id": "test.real_estate_pipeline.not_null_stg_loans_loan_id.b77c69982c"} */
[0m15:10:28.547026 [debug] [Thread-5 (]: SQL status: SUCCESS 1 in 0.237 seconds
[0m15:10:28.549072 [info ] [Thread-5 (]: 7 of 21 PASS not_null_stg_accounts_customer_id ................................. [[32mPASS[0m in 0.25s]
[0m15:10:28.550968 [debug] [Thread-5 (]: Finished running node test.real_estate_pipeline.not_null_stg_accounts_customer_id.0b54f014a3
[0m15:10:28.551325 [debug] [Thread-5 (]: Began running node test.real_estate_pipeline.relationships_fct_loans_customer_id__customer_id__ref_dim_customers_.7f8ad0794a
[0m15:10:28.552079 [debug] [Thread-4 (]: Began executing node test.real_estate_pipeline.not_null_stg_transactions_transaction_id.1d00a8e2e4
[0m15:10:28.553223 [debug] [Thread-4 (]: Writing runtime sql for node "test.real_estate_pipeline.not_null_stg_transactions_transaction_id.1d00a8e2e4"
[0m15:10:28.551749 [info ] [Thread-5 (]: 11 of 21 START test relationships_fct_loans_customer_id__customer_id__ref_dim_customers_  [RUN]
[0m15:10:28.553731 [debug] [Thread-5 (]: Re-using an available connection from the pool (formerly test.real_estate_pipeline.not_null_stg_accounts_customer_id.0b54f014a3, now test.real_estate_pipeline.relationships_fct_loans_customer_id__customer_id__ref_dim_customers_.7f8ad0794a)
[0m15:10:28.553986 [debug] [Thread-5 (]: Began compiling node test.real_estate_pipeline.relationships_fct_loans_customer_id__customer_id__ref_dim_customers_.7f8ad0794a
[0m15:10:28.561564 [debug] [Thread-5 (]: Writing injected SQL for node "test.real_estate_pipeline.relationships_fct_loans_customer_id__customer_id__ref_dim_customers_.7f8ad0794a"
[0m15:10:28.562427 [debug] [Thread-4 (]: Using snowflake connection "test.real_estate_pipeline.not_null_stg_transactions_transaction_id.1d00a8e2e4"
[0m15:10:28.562793 [debug] [Thread-4 (]: On test.real_estate_pipeline.not_null_stg_transactions_transaction_id.1d00a8e2e4: select
      count(*) as failures,
      count(*) != 0 as should_warn,
      count(*) != 0 as should_error
    from (
      
    
  
    
    



select transaction_id
from FINANCE_DW.silver.stg_transactions
where transaction_id is null



  
  
      
    ) dbt_internal_test
/* {"app": "dbt", "dbt_version": "1.12.0", "profile_name": "dbt_project", "target_name": "dev", "node_id": "test.real_estate_pipeline.not_null_stg_transactions_transaction_id.1d00a8e2e4"} */
[0m15:10:28.564082 [debug] [Thread-5 (]: Began executing node test.real_estate_pipeline.relationships_fct_loans_customer_id__customer_id__ref_dim_customers_.7f8ad0794a
[0m15:10:28.565229 [debug] [Thread-5 (]: Writing runtime sql for node "test.real_estate_pipeline.relationships_fct_loans_customer_id__customer_id__ref_dim_customers_.7f8ad0794a"
[0m15:10:28.566552 [debug] [Thread-5 (]: Using snowflake connection "test.real_estate_pipeline.relationships_fct_loans_customer_id__customer_id__ref_dim_customers_.7f8ad0794a"
[0m15:10:28.566904 [debug] [Thread-5 (]: On test.real_estate_pipeline.relationships_fct_loans_customer_id__customer_id__ref_dim_customers_.7f8ad0794a: select
      count(*) as failures,
      count(*) != 0 as should_warn,
      count(*) != 0 as should_error
    from (
      
    
  
    
    

with child as (
    select customer_id as from_field
    from FINANCE_DW.gold.fct_loans
    where customer_id is not null
),

parent as (
    select customer_id as to_field
    from FINANCE_DW.gold.dim_customers
)

select
    from_field

from child
left join parent
    on child.from_field = parent.to_field

where parent.to_field is null



  
  
      
    ) dbt_internal_test
/* {"app": "dbt", "dbt_version": "1.12.0", "profile_name": "dbt_project", "target_name": "dev", "node_id": "test.real_estate_pipeline.relationships_fct_loans_customer_id__customer_id__ref_dim_customers_.7f8ad0794a"} */
[0m15:10:28.684922 [debug] [Thread-3 (]: SQL status: SUCCESS 1 in 0.303 seconds
[0m15:10:28.688123 [info ] [Thread-3 (]: 8 of 21 PASS not_null_stg_customers_customer_id ................................ [[32mPASS[0m in 0.32s]
[0m15:10:28.688793 [debug] [Thread-3 (]: Finished running node test.real_estate_pipeline.not_null_stg_customers_customer_id.e2cfb1f9aa
[0m15:10:28.689025 [debug] [Thread-3 (]: Began running node test.real_estate_pipeline.relationships_fct_transactions_origin_customer_id__customer_id__ref_dim_customers_.16c642f691
[0m15:10:28.689230 [info ] [Thread-3 (]: 12 of 21 START test relationships_fct_transactions_origin_customer_id__customer_id__ref_dim_customers_  [RUN]
[0m15:10:28.689541 [debug] [Thread-3 (]: Re-using an available connection from the pool (formerly test.real_estate_pipeline.not_null_stg_customers_customer_id.e2cfb1f9aa, now test.real_estate_pipeline.relationships_fct_transactions_origin_customer_id__customer_id__ref_dim_customers_.16c642f691)
[0m15:10:28.689741 [debug] [Thread-3 (]: Began compiling node test.real_estate_pipeline.relationships_fct_transactions_origin_customer_id__customer_id__ref_dim_customers_.16c642f691
[0m15:10:28.698882 [debug] [Thread-3 (]: Writing injected SQL for node "test.real_estate_pipeline.relationships_fct_transactions_origin_customer_id__customer_id__ref_dim_customers_.16c642f691"
[0m15:10:28.699594 [debug] [Thread-3 (]: Began executing node test.real_estate_pipeline.relationships_fct_transactions_origin_customer_id__customer_id__ref_dim_customers_.16c642f691
[0m15:10:28.700553 [debug] [Thread-3 (]: Writing runtime sql for node "test.real_estate_pipeline.relationships_fct_transactions_origin_customer_id__customer_id__ref_dim_customers_.16c642f691"
[0m15:10:28.701462 [debug] [Thread-3 (]: Using snowflake connection "test.real_estate_pipeline.relationships_fct_transactions_origin_customer_id__customer_id__ref_dim_customers_.16c642f691"
[0m15:10:28.701704 [debug] [Thread-3 (]: On test.real_estate_pipeline.relationships_fct_transactions_origin_customer_id__customer_id__ref_dim_customers_.16c642f691: select
      count(*) as failures,
      count(*) != 0 as should_warn,
      count(*) != 0 as should_error
    from (
      
    
  
    
    

with child as (
    select origin_customer_id as from_field
    from FINANCE_DW.gold.fct_transactions
    where origin_customer_id is not null
),

parent as (
    select customer_id as to_field
    from FINANCE_DW.gold.dim_customers
)

select
    from_field

from child
left join parent
    on child.from_field = parent.to_field

where parent.to_field is null



  
  
      
    ) dbt_internal_test
/* {"app": "dbt", "dbt_version": "1.12.0", "profile_name": "dbt_project", "target_name": "dev", "node_id": "test.real_estate_pipeline.relationships_fct_transactions_origin_customer_id__customer_id__ref_dim_customers_.16c642f691"} */
[0m15:10:28.736992 [debug] [Thread-2 (]: SQL status: SUCCESS 1 in 0.190 seconds
[0m15:10:28.739357 [info ] [Thread-2 (]: 9 of 21 PASS not_null_stg_loans_loan_id ........................................ [[32mPASS[0m in 0.21s]
[0m15:10:28.740091 [debug] [Thread-2 (]: Finished running node test.real_estate_pipeline.not_null_stg_loans_loan_id.b77c69982c
[0m15:10:28.740456 [debug] [Thread-2 (]: Began running node test.real_estate_pipeline.unique_dim_accounts_account_id.bfd6344edc
[0m15:10:28.740888 [info ] [Thread-2 (]: 13 of 21 START test unique_dim_accounts_account_id ............................. [RUN]
[0m15:10:28.741417 [debug] [Thread-2 (]: Re-using an available connection from the pool (formerly test.real_estate_pipeline.not_null_stg_loans_loan_id.b77c69982c, now test.real_estate_pipeline.unique_dim_accounts_account_id.bfd6344edc)
[0m15:10:28.741714 [debug] [Thread-2 (]: Began compiling node test.real_estate_pipeline.unique_dim_accounts_account_id.bfd6344edc
[0m15:10:28.748489 [debug] [Thread-2 (]: Writing injected SQL for node "test.real_estate_pipeline.unique_dim_accounts_account_id.bfd6344edc"
[0m15:10:28.749351 [debug] [Thread-2 (]: Began executing node test.real_estate_pipeline.unique_dim_accounts_account_id.bfd6344edc
[0m15:10:28.750385 [debug] [Thread-2 (]: Writing runtime sql for node "test.real_estate_pipeline.unique_dim_accounts_account_id.bfd6344edc"
[0m15:10:28.751195 [debug] [Thread-2 (]: Using snowflake connection "test.real_estate_pipeline.unique_dim_accounts_account_id.bfd6344edc"
[0m15:10:28.751426 [debug] [Thread-2 (]: On test.real_estate_pipeline.unique_dim_accounts_account_id.bfd6344edc: select
      count(*) as failures,
      count(*) != 0 as should_warn,
      count(*) != 0 as should_error
    from (
      
    
  
    
    

select
    account_id as unique_field,
    count(*) as n_records

from FINANCE_DW.gold.dim_accounts
where account_id is not null
group by account_id
having count(*) > 1



  
  
      
    ) dbt_internal_test
/* {"app": "dbt", "dbt_version": "1.12.0", "profile_name": "dbt_project", "target_name": "dev", "node_id": "test.real_estate_pipeline.unique_dim_accounts_account_id.bfd6344edc"} */
[0m15:10:28.761122 [debug] [Thread-4 (]: SQL status: SUCCESS 1 in 0.198 seconds
[0m15:10:28.762568 [info ] [Thread-4 (]: 10 of 21 PASS not_null_stg_transactions_transaction_id ......................... [[32mPASS[0m in 0.22s]
[0m15:10:28.763200 [debug] [Thread-4 (]: Finished running node test.real_estate_pipeline.not_null_stg_transactions_transaction_id.1d00a8e2e4
[0m15:10:28.763601 [debug] [Thread-4 (]: Began running node test.real_estate_pipeline.unique_dim_customers_customer_id.15c9f1e2fd
[0m15:10:28.763860 [info ] [Thread-4 (]: 14 of 21 START test unique_dim_customers_customer_id ........................... [RUN]
[0m15:10:28.764283 [debug] [Thread-4 (]: Re-using an available connection from the pool (formerly test.real_estate_pipeline.not_null_stg_transactions_transaction_id.1d00a8e2e4, now test.real_estate_pipeline.unique_dim_customers_customer_id.15c9f1e2fd)
[0m15:10:28.764512 [debug] [Thread-4 (]: Began compiling node test.real_estate_pipeline.unique_dim_customers_customer_id.15c9f1e2fd
[0m15:10:28.770210 [debug] [Thread-4 (]: Writing injected SQL for node "test.real_estate_pipeline.unique_dim_customers_customer_id.15c9f1e2fd"
[0m15:10:28.771120 [debug] [Thread-4 (]: Began executing node test.real_estate_pipeline.unique_dim_customers_customer_id.15c9f1e2fd
[0m15:10:28.772217 [debug] [Thread-4 (]: Writing runtime sql for node "test.real_estate_pipeline.unique_dim_customers_customer_id.15c9f1e2fd"
[0m15:10:28.773116 [debug] [Thread-4 (]: Using snowflake connection "test.real_estate_pipeline.unique_dim_customers_customer_id.15c9f1e2fd"
[0m15:10:28.773362 [debug] [Thread-4 (]: On test.real_estate_pipeline.unique_dim_customers_customer_id.15c9f1e2fd: select
      count(*) as failures,
      count(*) != 0 as should_warn,
      count(*) != 0 as should_error
    from (
      
    
  
    
    

select
    customer_id as unique_field,
    count(*) as n_records

from FINANCE_DW.gold.dim_customers
where customer_id is not null
group by customer_id
having count(*) > 1



  
  
      
    ) dbt_internal_test
/* {"app": "dbt", "dbt_version": "1.12.0", "profile_name": "dbt_project", "target_name": "dev", "node_id": "test.real_estate_pipeline.unique_dim_customers_customer_id.15c9f1e2fd"} */
[0m15:10:28.969661 [debug] [Thread-4 (]: SQL status: SUCCESS 1 in 0.196 seconds
[0m15:10:28.971297 [info ] [Thread-4 (]: 14 of 21 PASS unique_dim_customers_customer_id ................................. [[32mPASS[0m in 0.21s]
[0m15:10:28.971830 [debug] [Thread-4 (]: Finished running node test.real_estate_pipeline.unique_dim_customers_customer_id.15c9f1e2fd
[0m15:10:28.972093 [debug] [Thread-4 (]: Began running node test.real_estate_pipeline.unique_dim_date_date_id.7286dcb90d
[0m15:10:28.972308 [info ] [Thread-4 (]: 15 of 21 START test unique_dim_date_date_id .................................... [RUN]
[0m15:10:28.972738 [debug] [Thread-4 (]: Re-using an available connection from the pool (formerly test.real_estate_pipeline.unique_dim_customers_customer_id.15c9f1e2fd, now test.real_estate_pipeline.unique_dim_date_date_id.7286dcb90d)
[0m15:10:28.973793 [debug] [Thread-4 (]: Began compiling node test.real_estate_pipeline.unique_dim_date_date_id.7286dcb90d
[0m15:10:28.977551 [debug] [Thread-4 (]: Writing injected SQL for node "test.real_estate_pipeline.unique_dim_date_date_id.7286dcb90d"
[0m15:10:28.973559 [debug] [Thread-2 (]: SQL status: SUCCESS 1 in 0.222 seconds
[0m15:10:28.978909 [info ] [Thread-2 (]: 13 of 21 PASS unique_dim_accounts_account_id ................................... [[32mPASS[0m in 0.24s]
[0m15:10:28.980294 [debug] [Thread-2 (]: Finished running node test.real_estate_pipeline.unique_dim_accounts_account_id.bfd6344edc
[0m15:10:28.980567 [debug] [Thread-2 (]: Began running node test.real_estate_pipeline.unique_fct_loans_loan_id.b0f955a329
[0m15:10:28.979721 [debug] [Thread-4 (]: Began executing node test.real_estate_pipeline.unique_dim_date_date_id.7286dcb90d
[0m15:10:28.981838 [debug] [Thread-4 (]: Writing runtime sql for node "test.real_estate_pipeline.unique_dim_date_date_id.7286dcb90d"
[0m15:10:28.980825 [info ] [Thread-2 (]: 16 of 21 START test unique_fct_loans_loan_id ................................... [RUN]
[0m15:10:28.982389 [debug] [Thread-2 (]: Re-using an available connection from the pool (formerly test.real_estate_pipeline.unique_dim_accounts_account_id.bfd6344edc, now test.real_estate_pipeline.unique_fct_loans_loan_id.b0f955a329)
[0m15:10:28.982689 [debug] [Thread-2 (]: Began compiling node test.real_estate_pipeline.unique_fct_loans_loan_id.b0f955a329
[0m15:10:28.987326 [debug] [Thread-2 (]: Writing injected SQL for node "test.real_estate_pipeline.unique_fct_loans_loan_id.b0f955a329"
[0m15:10:28.988348 [debug] [Thread-5 (]: SQL status: SUCCESS 1 in 0.421 seconds
[0m15:10:28.990003 [info ] [Thread-5 (]: 11 of 21 PASS relationships_fct_loans_customer_id__customer_id__ref_dim_customers_  [[32mPASS[0m in 0.44s]
[0m15:10:28.990764 [debug] [Thread-5 (]: Finished running node test.real_estate_pipeline.relationships_fct_loans_customer_id__customer_id__ref_dim_customers_.7f8ad0794a
[0m15:10:28.991141 [debug] [Thread-5 (]: Began running node test.real_estate_pipeline.unique_fct_transactions_transaction_id.c963611c53
[0m15:10:28.991457 [info ] [Thread-5 (]: 17 of 21 START test unique_fct_transactions_transaction_id ..................... [RUN]
[0m15:10:28.992030 [debug] [Thread-5 (]: Re-using an available connection from the pool (formerly test.real_estate_pipeline.relationships_fct_loans_customer_id__customer_id__ref_dim_customers_.7f8ad0794a, now test.real_estate_pipeline.unique_fct_transactions_transaction_id.c963611c53)
[0m15:10:28.993124 [debug] [Thread-5 (]: Began compiling node test.real_estate_pipeline.unique_fct_transactions_transaction_id.c963611c53
[0m15:10:28.997704 [debug] [Thread-5 (]: Writing injected SQL for node "test.real_estate_pipeline.unique_fct_transactions_transaction_id.c963611c53"
[0m15:10:28.992353 [debug] [Thread-2 (]: Began executing node test.real_estate_pipeline.unique_fct_loans_loan_id.b0f955a329
[0m15:10:28.992902 [debug] [Thread-4 (]: Using snowflake connection "test.real_estate_pipeline.unique_dim_date_date_id.7286dcb90d"
[0m15:10:28.999676 [debug] [Thread-4 (]: On test.real_estate_pipeline.unique_dim_date_date_id.7286dcb90d: select
      count(*) as failures,
      count(*) != 0 as should_warn,
      count(*) != 0 as should_error
    from (
      
    
  
    
    

select
    date_id as unique_field,
    count(*) as n_records

from FINANCE_DW.gold.dim_date
where date_id is not null
group by date_id
having count(*) > 1



  
  
      
    ) dbt_internal_test
/* {"app": "dbt", "dbt_version": "1.12.0", "profile_name": "dbt_project", "target_name": "dev", "node_id": "test.real_estate_pipeline.unique_dim_date_date_id.7286dcb90d"} */
[0m15:10:28.999259 [debug] [Thread-2 (]: Writing runtime sql for node "test.real_estate_pipeline.unique_fct_loans_loan_id.b0f955a329"
[0m15:10:29.001141 [debug] [Thread-5 (]: Began executing node test.real_estate_pipeline.unique_fct_transactions_transaction_id.c963611c53
[0m15:10:29.002549 [debug] [Thread-5 (]: Writing runtime sql for node "test.real_estate_pipeline.unique_fct_transactions_transaction_id.c963611c53"
[0m15:10:29.004327 [debug] [Thread-2 (]: Using snowflake connection "test.real_estate_pipeline.unique_fct_loans_loan_id.b0f955a329"
[0m15:10:29.004604 [debug] [Thread-2 (]: On test.real_estate_pipeline.unique_fct_loans_loan_id.b0f955a329: select
      count(*) as failures,
      count(*) != 0 as should_warn,
      count(*) != 0 as should_error
    from (
      
    
  
    
    

select
    loan_id as unique_field,
    count(*) as n_records

from FINANCE_DW.gold.fct_loans
where loan_id is not null
group by loan_id
having count(*) > 1



  
  
      
    ) dbt_internal_test
/* {"app": "dbt", "dbt_version": "1.12.0", "profile_name": "dbt_project", "target_name": "dev", "node_id": "test.real_estate_pipeline.unique_fct_loans_loan_id.b0f955a329"} */
[0m15:10:29.005290 [debug] [Thread-5 (]: Using snowflake connection "test.real_estate_pipeline.unique_fct_transactions_transaction_id.c963611c53"
[0m15:10:29.005591 [debug] [Thread-5 (]: On test.real_estate_pipeline.unique_fct_transactions_transaction_id.c963611c53: select
      count(*) as failures,
      count(*) != 0 as should_warn,
      count(*) != 0 as should_error
    from (
      
    
  
    
    

select
    transaction_id as unique_field,
    count(*) as n_records

from FINANCE_DW.gold.fct_transactions
where transaction_id is not null
group by transaction_id
having count(*) > 1



  
  
      
    ) dbt_internal_test
/* {"app": "dbt", "dbt_version": "1.12.0", "profile_name": "dbt_project", "target_name": "dev", "node_id": "test.real_estate_pipeline.unique_fct_transactions_transaction_id.c963611c53"} */
[0m15:10:29.128470 [debug] [Thread-3 (]: SQL status: SUCCESS 1 in 0.426 seconds
[0m15:10:29.131606 [info ] [Thread-3 (]: 12 of 21 PASS relationships_fct_transactions_origin_customer_id__customer_id__ref_dim_customers_  [[32mPASS[0m in 0.44s]
[0m15:10:29.132294 [debug] [Thread-3 (]: Finished running node test.real_estate_pipeline.relationships_fct_transactions_origin_customer_id__customer_id__ref_dim_customers_.16c642f691
[0m15:10:29.132543 [debug] [Thread-3 (]: Began running node test.real_estate_pipeline.unique_stg_accounts_account_id.cdf6252c79
[0m15:10:29.132750 [info ] [Thread-3 (]: 18 of 21 START test unique_stg_accounts_account_id ............................. [RUN]
[0m15:10:29.133092 [debug] [Thread-3 (]: Re-using an available connection from the pool (formerly test.real_estate_pipeline.relationships_fct_transactions_origin_customer_id__customer_id__ref_dim_customers_.16c642f691, now test.real_estate_pipeline.unique_stg_accounts_account_id.cdf6252c79)
[0m15:10:29.133375 [debug] [Thread-3 (]: Began compiling node test.real_estate_pipeline.unique_stg_accounts_account_id.cdf6252c79
[0m15:10:29.140879 [debug] [Thread-3 (]: Writing injected SQL for node "test.real_estate_pipeline.unique_stg_accounts_account_id.cdf6252c79"
[0m15:10:29.141823 [debug] [Thread-3 (]: Began executing node test.real_estate_pipeline.unique_stg_accounts_account_id.cdf6252c79
[0m15:10:29.144052 [debug] [Thread-3 (]: Writing runtime sql for node "test.real_estate_pipeline.unique_stg_accounts_account_id.cdf6252c79"
[0m15:10:29.145390 [debug] [Thread-3 (]: Using snowflake connection "test.real_estate_pipeline.unique_stg_accounts_account_id.cdf6252c79"
[0m15:10:29.145649 [debug] [Thread-3 (]: On test.real_estate_pipeline.unique_stg_accounts_account_id.cdf6252c79: select
      count(*) as failures,
      count(*) != 0 as should_warn,
      count(*) != 0 as should_error
    from (
      
    
  
    
    

select
    account_id as unique_field,
    count(*) as n_records

from FINANCE_DW.silver.stg_accounts
where account_id is not null
group by account_id
having count(*) > 1



  
  
      
    ) dbt_internal_test
/* {"app": "dbt", "dbt_version": "1.12.0", "profile_name": "dbt_project", "target_name": "dev", "node_id": "test.real_estate_pipeline.unique_stg_accounts_account_id.cdf6252c79"} */
[0m15:10:29.156837 [debug] [Thread-2 (]: SQL status: SUCCESS 1 in 0.152 seconds
[0m15:10:29.158461 [info ] [Thread-2 (]: 16 of 21 PASS unique_fct_loans_loan_id ......................................... [[32mPASS[0m in 0.18s]
[0m15:10:29.159135 [debug] [Thread-2 (]: Finished running node test.real_estate_pipeline.unique_fct_loans_loan_id.b0f955a329
[0m15:10:29.159394 [debug] [Thread-2 (]: Began running node test.real_estate_pipeline.unique_stg_customers_customer_id.c7614daada
[0m15:10:29.159657 [info ] [Thread-2 (]: 19 of 21 START test unique_stg_customers_customer_id ........................... [RUN]
[0m15:10:29.160002 [debug] [Thread-2 (]: Re-using an available connection from the pool (formerly test.real_estate_pipeline.unique_fct_loans_loan_id.b0f955a329, now test.real_estate_pipeline.unique_stg_customers_customer_id.c7614daada)
[0m15:10:29.160230 [debug] [Thread-2 (]: Began compiling node test.real_estate_pipeline.unique_stg_customers_customer_id.c7614daada
[0m15:10:29.163960 [debug] [Thread-2 (]: Writing injected SQL for node "test.real_estate_pipeline.unique_stg_customers_customer_id.c7614daada"
[0m15:10:29.164786 [debug] [Thread-2 (]: Began executing node test.real_estate_pipeline.unique_stg_customers_customer_id.c7614daada
[0m15:10:29.165946 [debug] [Thread-2 (]: Writing runtime sql for node "test.real_estate_pipeline.unique_stg_customers_customer_id.c7614daada"
[0m15:10:29.166966 [debug] [Thread-2 (]: Using snowflake connection "test.real_estate_pipeline.unique_stg_customers_customer_id.c7614daada"
[0m15:10:29.167216 [debug] [Thread-2 (]: On test.real_estate_pipeline.unique_stg_customers_customer_id.c7614daada: select
      count(*) as failures,
      count(*) != 0 as should_warn,
      count(*) != 0 as should_error
    from (
      
    
  
    
    

select
    customer_id as unique_field,
    count(*) as n_records

from FINANCE_DW.silver.stg_customers
where customer_id is not null
group by customer_id
having count(*) > 1



  
  
      
    ) dbt_internal_test
/* {"app": "dbt", "dbt_version": "1.12.0", "profile_name": "dbt_project", "target_name": "dev", "node_id": "test.real_estate_pipeline.unique_stg_customers_customer_id.c7614daada"} */
[0m15:10:29.177529 [debug] [Thread-4 (]: SQL status: SUCCESS 1 in 0.177 seconds
[0m15:10:29.179117 [info ] [Thread-4 (]: 15 of 21 PASS unique_dim_date_date_id .......................................... [[32mPASS[0m in 0.21s]
[0m15:10:29.179614 [debug] [Thread-4 (]: Finished running node test.real_estate_pipeline.unique_dim_date_date_id.7286dcb90d
[0m15:10:29.179868 [debug] [Thread-4 (]: Began running node test.real_estate_pipeline.unique_stg_loans_loan_id.be67636b63
[0m15:10:29.180134 [info ] [Thread-4 (]: 20 of 21 START test unique_stg_loans_loan_id ................................... [RUN]
[0m15:10:29.180479 [debug] [Thread-4 (]: Re-using an available connection from the pool (formerly test.real_estate_pipeline.unique_dim_date_date_id.7286dcb90d, now test.real_estate_pipeline.unique_stg_loans_loan_id.be67636b63)
[0m15:10:29.180695 [debug] [Thread-4 (]: Began compiling node test.real_estate_pipeline.unique_stg_loans_loan_id.be67636b63
[0m15:10:29.184782 [debug] [Thread-4 (]: Writing injected SQL for node "test.real_estate_pipeline.unique_stg_loans_loan_id.be67636b63"
[0m15:10:29.185615 [debug] [Thread-4 (]: Began executing node test.real_estate_pipeline.unique_stg_loans_loan_id.be67636b63
[0m15:10:29.186700 [debug] [Thread-4 (]: Writing runtime sql for node "test.real_estate_pipeline.unique_stg_loans_loan_id.be67636b63"
[0m15:10:29.187624 [debug] [Thread-4 (]: Using snowflake connection "test.real_estate_pipeline.unique_stg_loans_loan_id.be67636b63"
[0m15:10:29.187875 [debug] [Thread-4 (]: On test.real_estate_pipeline.unique_stg_loans_loan_id.be67636b63: select
      count(*) as failures,
      count(*) != 0 as should_warn,
      count(*) != 0 as should_error
    from (
      
    
  
    
    

select
    loan_id as unique_field,
    count(*) as n_records

from FINANCE_DW.silver.stg_loans
where loan_id is not null
group by loan_id
having count(*) > 1



  
  
      
    ) dbt_internal_test
/* {"app": "dbt", "dbt_version": "1.12.0", "profile_name": "dbt_project", "target_name": "dev", "node_id": "test.real_estate_pipeline.unique_stg_loans_loan_id.be67636b63"} */
[0m15:10:29.197625 [debug] [Thread-5 (]: SQL status: SUCCESS 1 in 0.192 seconds
[0m15:10:29.199214 [info ] [Thread-5 (]: 17 of 21 PASS unique_fct_transactions_transaction_id ........................... [[32mPASS[0m in 0.21s]
[0m15:10:29.199843 [debug] [Thread-5 (]: Finished running node test.real_estate_pipeline.unique_fct_transactions_transaction_id.c963611c53
[0m15:10:29.200113 [debug] [Thread-5 (]: Began running node test.real_estate_pipeline.unique_stg_transactions_transaction_id.ee9a78a396
[0m15:10:29.200384 [info ] [Thread-5 (]: 21 of 21 START test unique_stg_transactions_transaction_id ..................... [RUN]
[0m15:10:29.200747 [debug] [Thread-5 (]: Re-using an available connection from the pool (formerly test.real_estate_pipeline.unique_fct_transactions_transaction_id.c963611c53, now test.real_estate_pipeline.unique_stg_transactions_transaction_id.ee9a78a396)
[0m15:10:29.200963 [debug] [Thread-5 (]: Began compiling node test.real_estate_pipeline.unique_stg_transactions_transaction_id.ee9a78a396
[0m15:10:29.204637 [debug] [Thread-5 (]: Writing injected SQL for node "test.real_estate_pipeline.unique_stg_transactions_transaction_id.ee9a78a396"
[0m15:10:29.205446 [debug] [Thread-5 (]: Began executing node test.real_estate_pipeline.unique_stg_transactions_transaction_id.ee9a78a396
[0m15:10:29.206859 [debug] [Thread-5 (]: Writing runtime sql for node "test.real_estate_pipeline.unique_stg_transactions_transaction_id.ee9a78a396"
[0m15:10:29.208191 [debug] [Thread-5 (]: Using snowflake connection "test.real_estate_pipeline.unique_stg_transactions_transaction_id.ee9a78a396"
[0m15:10:29.208483 [debug] [Thread-5 (]: On test.real_estate_pipeline.unique_stg_transactions_transaction_id.ee9a78a396: select
      count(*) as failures,
      count(*) != 0 as should_warn,
      count(*) != 0 as should_error
    from (
      
    
  
    
    

select
    transaction_id as unique_field,
    count(*) as n_records

from FINANCE_DW.silver.stg_transactions
where transaction_id is not null
group by transaction_id
having count(*) > 1



  
  
      
    ) dbt_internal_test
/* {"app": "dbt", "dbt_version": "1.12.0", "profile_name": "dbt_project", "target_name": "dev", "node_id": "test.real_estate_pipeline.unique_stg_transactions_transaction_id.ee9a78a396"} */
[0m15:10:29.357542 [debug] [Thread-3 (]: SQL status: SUCCESS 1 in 0.211 seconds
[0m15:10:29.359016 [info ] [Thread-3 (]: 18 of 21 PASS unique_stg_accounts_account_id ................................... [[32mPASS[0m in 0.23s]
[0m15:10:29.359575 [debug] [Thread-3 (]: Finished running node test.real_estate_pipeline.unique_stg_accounts_account_id.cdf6252c79
[0m15:10:29.403016 [debug] [Thread-2 (]: SQL status: SUCCESS 1 in 0.235 seconds
[0m15:10:29.404513 [info ] [Thread-2 (]: 19 of 21 PASS unique_stg_customers_customer_id ................................. [[32mPASS[0m in 0.24s]
[0m15:10:29.405086 [debug] [Thread-2 (]: Finished running node test.real_estate_pipeline.unique_stg_customers_customer_id.c7614daada
[0m15:10:29.446277 [debug] [Thread-4 (]: SQL status: SUCCESS 1 in 0.258 seconds
[0m15:10:29.447961 [info ] [Thread-4 (]: 20 of 21 PASS unique_stg_loans_loan_id ......................................... [[32mPASS[0m in 0.27s]
[0m15:10:29.448447 [debug] [Thread-4 (]: Finished running node test.real_estate_pipeline.unique_stg_loans_loan_id.be67636b63
[0m15:10:29.558576 [debug] [Thread-5 (]: SQL status: SUCCESS 1 in 0.350 seconds
[0m15:10:29.560006 [info ] [Thread-5 (]: 21 of 21 PASS unique_stg_transactions_transaction_id ........................... [[32mPASS[0m in 0.36s]
[0m15:10:29.560641 [debug] [Thread-5 (]: Finished running node test.real_estate_pipeline.unique_stg_transactions_transaction_id.ee9a78a396
[0m15:10:29.561851 [debug] [MainThread]: Connection 'master' was properly closed.
[0m15:10:29.562047 [debug] [MainThread]: Connection 'list_FINANCE_DW_gold' was left open.
[0m15:10:29.562216 [debug] [MainThread]: On list_FINANCE_DW_gold: Close
[0m15:10:29.747907 [debug] [MainThread]: Connection 'list_FINANCE_DW_silver' was left open.
[0m15:10:29.748713 [debug] [MainThread]: On list_FINANCE_DW_silver: Close
[0m15:10:29.962137 [debug] [MainThread]: Connection 'test.real_estate_pipeline.unique_stg_loans_loan_id.be67636b63' was left open.
[0m15:10:29.962932 [debug] [MainThread]: On test.real_estate_pipeline.unique_stg_loans_loan_id.be67636b63: Close
[0m15:10:30.122636 [debug] [MainThread]: Connection 'test.real_estate_pipeline.unique_stg_customers_customer_id.c7614daada' was left open.
[0m15:10:30.123466 [debug] [MainThread]: On test.real_estate_pipeline.unique_stg_customers_customer_id.c7614daada: Close
[0m15:10:30.293814 [debug] [MainThread]: Connection 'test.real_estate_pipeline.unique_stg_transactions_transaction_id.ee9a78a396' was left open.
[0m15:10:30.294568 [debug] [MainThread]: On test.real_estate_pipeline.unique_stg_transactions_transaction_id.ee9a78a396: Close
[0m15:10:30.462271 [debug] [MainThread]: Connection 'test.real_estate_pipeline.unique_stg_accounts_account_id.cdf6252c79' was left open.
[0m15:10:30.463024 [debug] [MainThread]: On test.real_estate_pipeline.unique_stg_accounts_account_id.cdf6252c79: Close
[0m15:10:30.622462 [info ] [MainThread]: 
[0m15:10:30.623080 [info ] [MainThread]: Finished running 21 data tests in 0 hours 0 minutes and 5.57 seconds (5.57s).
[0m15:10:30.625302 [debug] [MainThread]: Command end result
[0m15:10:30.650980 [debug] [MainThread]: Wrote artifact WritableManifest to C:\Users\user\Desktop\Finance-Bank\real_estate_pipeline\dbt_project\target\manifest.json
[0m15:10:30.653205 [debug] [MainThread]: Wrote artifact SemanticManifest to C:\Users\user\Desktop\Finance-Bank\real_estate_pipeline\dbt_project\target\semantic_manifest.json
[0m15:10:30.655262 [debug] [MainThread]: Wrote artifact OsiDocument to C:\Users\user\Desktop\Finance-Bank\real_estate_pipeline\dbt_project\target\osi_document.json
[0m15:10:30.660689 [debug] [MainThread]: Wrote artifact RunExecutionResult to C:\Users\user\Desktop\Finance-Bank\real_estate_pipeline\dbt_project\target\run_results.json
[0m15:10:30.660924 [info ] [MainThread]: 
[0m15:10:30.661264 [info ] [MainThread]: [32mCompleted successfully[0m
[0m15:10:30.661525 [info ] [MainThread]: 
[0m15:10:30.661844 [info ] [MainThread]: Done. PASS=21 WARN=0 ERROR=0 SKIP=0 NO-OP=0 REUSED=0 TOTAL=21
[0m15:10:30.662350 [warn ] [MainThread]: [[33mWARNING[0m][DeprecationsSummary]: Deprecated functionality
Summary of encountered deprecations:
- MissingArgumentsPropertyInGenericTestDeprecation: 2 occurrences
To see all deprecation instances instead of just the first occurrence of each,
run command again with the `--show-all-deprecations` flag. You may also need to
run with `--no-partial-parse` as some deprecations are only encountered during
parsing.
[0m15:10:30.662907 [debug] [MainThread]: Command `python -m dbt.cli.main test` succeeded at 15:10:30.662838 after 7.25 seconds
[0m15:10:30.663143 [debug] [MainThread]: Sending event: {'category': 'dbt', 'action': 'invocation', 'label': 'end', 'context': [<snowplow_tracker.self_describing_json.SelfDescribingJson object at 0x000001B14A3D4310>, <snowplow_tracker.self_describing_json.SelfDescribingJson object at 0x000001B149DBE2B0>, <snowplow_tracker.self_describing_json.SelfDescribingJson object at 0x000001B14BD27ED0>]}
[0m15:10:30.663363 [debug] [MainThread]: Flushing usage events
[0m15:10:31.309158 [debug] [MainThread]: An error was encountered while trying to flush usage events
[0m15:12:18.917714 [debug] [MainThread]: Sending event: {'category': 'dbt', 'action': 'invocation', 'label': 'start', 'context': [<snowplow_tracker.self_describing_json.SelfDescribingJson object at 0x000001EC8C2B9010>, <snowplow_tracker.self_describing_json.SelfDescribingJson object at 0x000001EC89B6CE10>, <snowplow_tracker.self_describing_json.SelfDescribingJson object at 0x000001EC8ECC39D0>]}


============================== 15:12:18.924375 | 9068fdf5-883d-4122-9e13-1619c3a3c5f1 ==============================
[0m15:12:18.924375 [info ] [MainThread]: Running with dbt=1.12.0
[0m15:12:18.924863 [debug] [MainThread]: running dbt with arguments {'static_parser': 'True', 'no_print': 'None', 'maximum_seed_size_mib': '1', 'warn_error_options': 'WarnErrorOptionsV2(error=[], warn=[], silence=[])', 'target_path': 'None', 'version_check': 'True', 'printer_width': '80', 'write_json': 'True', 'empty': 'None', 'log_cache_events': 'False', 'introspect': 'True', 'cache_selected_only': 'False', 'fail_fast': 'False', 'debug': 'False', 'log_format': 'default', 'profiles_dir': 'C:\\Users\\user\\Desktop\\Finance-Bank\\real_estate_pipeline\\dbt_project', 'send_anonymous_usage_stats': 'True', 'quiet': 'False', 'warn_error': 'None', 'partial_parse': 'True', 'indirect_selection': 'eager', 'hints_enabled': 'True', 'invocation_command': 'dbt test', 'use_experimental_parser': 'False', 'use_colors': 'True', 'log_path': 'C:\\Users\\user\\Desktop\\Finance-Bank\\real_estate_pipeline\\dbt_project\\logs'}
[0m15:12:19.507499 [debug] [MainThread]: Snowflake adapter: Setting snowflake.connector to ERROR (file logging only)
[0m15:12:19.507827 [debug] [MainThread]: Snowflake adapter: Setting botocore to ERROR (file logging only)
[0m15:12:19.508033 [debug] [MainThread]: Snowflake adapter: Setting boto3 to ERROR (file logging only)
[0m15:12:19.662205 [debug] [MainThread]: Sending event: {'category': 'dbt', 'action': 'project_id', 'label': '9068fdf5-883d-4122-9e13-1619c3a3c5f1', 'context': [<snowplow_tracker.self_describing_json.SelfDescribingJson object at 0x000001ECB10AD0F0>]}
[0m15:12:19.704795 [debug] [MainThread]: Sending event: {'category': 'dbt', 'action': 'adapter_info', 'label': '9068fdf5-883d-4122-9e13-1619c3a3c5f1', 'context': [<snowplow_tracker.self_describing_json.SelfDescribingJson object at 0x000001EC89AB8380>]}
[0m15:12:19.705923 [info ] [MainThread]: Registered adapter: snowflake=1.12.0
[0m15:12:19.886736 [debug] [MainThread]: checksum: 17b8c0eed372bdc76158915a5b86153b95ebcdfebef695d6713d3c569800f71e, vars: {}, profile: dbt_project, target: dev, version: 1.12.0
[0m15:12:19.990650 [debug] [MainThread]: Partial parsing enabled: 0 files deleted, 0 files added, 1 files changed.
[0m15:12:19.991249 [debug] [MainThread]: Partial parsing: updated file: real_estate_pipeline://models\gold\gold.yml
[0m15:12:20.387226 [debug] [MainThread]: Sending event: {'category': 'dbt', 'action': 'load_project', 'label': '9068fdf5-883d-4122-9e13-1619c3a3c5f1', 'context': [<snowplow_tracker.self_describing_json.SelfDescribingJson object at 0x000001ECB10DD150>]}
[0m15:12:20.454875 [debug] [MainThread]: Wrote artifact WritableManifest to C:\Users\user\Desktop\Finance-Bank\real_estate_pipeline\dbt_project\target\manifest.json
[0m15:12:20.457079 [debug] [MainThread]: Wrote artifact SemanticManifest to C:\Users\user\Desktop\Finance-Bank\real_estate_pipeline\dbt_project\target\semantic_manifest.json
[0m15:12:20.474256 [debug] [MainThread]: Wrote artifact OsiDocument to C:\Users\user\Desktop\Finance-Bank\real_estate_pipeline\dbt_project\target\osi_document.json
[0m15:12:20.489380 [debug] [MainThread]: Sending event: {'category': 'dbt', 'action': 'resource_counts', 'label': '9068fdf5-883d-4122-9e13-1619c3a3c5f1', 'context': [<snowplow_tracker.self_describing_json.SelfDescribingJson object at 0x000001ECB2D44230>]}
[0m15:12:20.489735 [info ] [MainThread]: Found 9 models, 21 data tests, 4 sources, 546 macros
[0m15:12:20.490036 [debug] [MainThread]: Sending event: {'category': 'dbt', 'action': 'runnable_timing', 'label': '9068fdf5-883d-4122-9e13-1619c3a3c5f1', 'context': [<snowplow_tracker.self_describing_json.SelfDescribingJson object at 0x000001ECB2D8B850>]}
[0m15:12:20.491857 [info ] [MainThread]: 
[0m15:12:20.492146 [info ] [MainThread]: Concurrency: 4 threads (target='dev')
[0m15:12:20.492408 [info ] [MainThread]: 
[0m15:12:20.492813 [debug] [MainThread]: Acquiring new snowflake connection 'master'
[0m15:12:20.495890 [debug] [ThreadPool]: Acquiring new snowflake connection 'list_FINANCE_DW_gold'
[0m15:12:20.502159 [debug] [ThreadPool]: Acquiring new snowflake connection 'list_FINANCE_DW_silver'
[0m15:12:20.511259 [debug] [ThreadPool]: Using snowflake connection "list_FINANCE_DW_gold"
[0m15:12:20.512110 [debug] [ThreadPool]: On list_FINANCE_DW_gold: show objects in FINANCE_DW.gold
    limit 10000
    

/* {"app": "dbt", "dbt_version": "1.12.0", "profile_name": "dbt_project", "target_name": "dev", "connection_name": "list_FINANCE_DW_gold"} */;
[0m15:12:20.512332 [debug] [ThreadPool]: Opening a new connection, currently in state init
[0m15:12:20.511798 [debug] [ThreadPool]: Using snowflake connection "list_FINANCE_DW_silver"
[0m15:12:20.512628 [debug] [ThreadPool]: On list_FINANCE_DW_silver: show objects in FINANCE_DW.silver
    limit 10000
    

/* {"app": "dbt", "dbt_version": "1.12.0", "profile_name": "dbt_project", "target_name": "dev", "connection_name": "list_FINANCE_DW_silver"} */;
[0m15:12:20.512831 [debug] [ThreadPool]: Opening a new connection, currently in state init
[0m15:12:22.333100 [debug] [ThreadPool]: SQL status: SUCCESS 5 in 1.821 seconds
[0m15:12:22.340548 [debug] [ThreadPool]: Using snowflake connection "list_FINANCE_DW_gold"
[0m15:12:22.340762 [debug] [ThreadPool]: On list_FINANCE_DW_gold: show user functions in FINANCE_DW.gold
/* {"app": "dbt", "dbt_version": "1.12.0", "profile_name": "dbt_project", "target_name": "dev", "connection_name": "list_FINANCE_DW_gold"} */
[0m15:12:22.341639 [debug] [ThreadPool]: SQL status: SUCCESS 4 in 1.829 seconds
[0m15:12:22.343272 [debug] [ThreadPool]: Using snowflake connection "list_FINANCE_DW_silver"
[0m15:12:22.343556 [debug] [ThreadPool]: On list_FINANCE_DW_silver: show user functions in FINANCE_DW.silver
/* {"app": "dbt", "dbt_version": "1.12.0", "profile_name": "dbt_project", "target_name": "dev", "connection_name": "list_FINANCE_DW_silver"} */
[0m15:12:22.468035 [debug] [ThreadPool]: SQL status: SUCCESS 0 in 0.124 seconds
[0m15:12:22.471760 [debug] [ThreadPool]: SQL status: SUCCESS 0 in 0.131 seconds
[0m15:12:22.475153 [debug] [MainThread]: Sending event: {'category': 'dbt', 'action': 'runnable_timing', 'label': '9068fdf5-883d-4122-9e13-1619c3a3c5f1', 'context': [<snowplow_tracker.self_describing_json.SelfDescribingJson object at 0x000001ECB2D8EB60>]}
[0m15:12:22.478857 [debug] [Thread-4 (]: Began running node test.real_estate_pipeline.not_null_dim_date_date_id.3077875806
[0m15:12:22.479351 [debug] [Thread-5 (]: Began running node test.real_estate_pipeline.not_null_fct_loans_loan_id.1067693330
[0m15:12:22.479127 [info ] [Thread-4 (]: 3 of 21 START test not_null_dim_date_date_id ................................... [RUN]
[0m15:12:22.480311 [debug] [Thread-4 (]: Acquiring new snowflake connection 'test.real_estate_pipeline.not_null_dim_date_date_id.3077875806'
[0m15:12:22.480557 [debug] [Thread-4 (]: Began compiling node test.real_estate_pipeline.not_null_dim_date_date_id.3077875806
[0m15:12:22.489889 [debug] [Thread-4 (]: Writing injected SQL for node "test.real_estate_pipeline.not_null_dim_date_date_id.3077875806"
[0m15:12:22.480827 [debug] [Thread-3 (]: Began running node test.real_estate_pipeline.not_null_dim_customers_customer_id.dd91cd1c8d
[0m15:12:22.479881 [debug] [Thread-2 (]: Began running node test.real_estate_pipeline.not_null_dim_accounts_account_id.cc26245841
[0m15:12:22.490477 [info ] [Thread-3 (]: 2 of 21 START test not_null_dim_customers_customer_id .......................... [RUN]
[0m15:12:22.491304 [debug] [Thread-3 (]: Acquiring new snowflake connection 'test.real_estate_pipeline.not_null_dim_customers_customer_id.dd91cd1c8d'
[0m15:12:22.491891 [debug] [Thread-3 (]: Began compiling node test.real_estate_pipeline.not_null_dim_customers_customer_id.dd91cd1c8d
[0m15:12:22.479602 [info ] [Thread-5 (]: 4 of 21 START test not_null_fct_loans_loan_id .................................. [RUN]
[0m15:12:22.491584 [debug] [Thread-4 (]: Began executing node test.real_estate_pipeline.not_null_dim_date_date_id.3077875806
[0m15:12:22.496280 [debug] [Thread-3 (]: Writing injected SQL for node "test.real_estate_pipeline.not_null_dim_customers_customer_id.dd91cd1c8d"
[0m15:12:22.490762 [info ] [Thread-2 (]: 1 of 21 START test not_null_dim_accounts_account_id ............................ [RUN]
[0m15:12:22.496932 [debug] [Thread-5 (]: Acquiring new snowflake connection 'test.real_estate_pipeline.not_null_fct_loans_loan_id.1067693330'
[0m15:12:22.513980 [debug] [Thread-5 (]: Began compiling node test.real_estate_pipeline.not_null_fct_loans_loan_id.1067693330
[0m15:12:22.518598 [debug] [Thread-5 (]: Writing injected SQL for node "test.real_estate_pipeline.not_null_fct_loans_loan_id.1067693330"
[0m15:12:22.513076 [debug] [Thread-4 (]: Writing runtime sql for node "test.real_estate_pipeline.not_null_dim_date_date_id.3077875806"
[0m15:12:22.519064 [debug] [Thread-3 (]: Began executing node test.real_estate_pipeline.not_null_dim_customers_customer_id.dd91cd1c8d
[0m15:12:22.513674 [debug] [Thread-2 (]: Acquiring new snowflake connection 'test.real_estate_pipeline.not_null_dim_accounts_account_id.cc26245841'
[0m15:12:22.521017 [debug] [Thread-2 (]: Began compiling node test.real_estate_pipeline.not_null_dim_accounts_account_id.cc26245841
[0m15:12:22.524584 [debug] [Thread-2 (]: Writing injected SQL for node "test.real_estate_pipeline.not_null_dim_accounts_account_id.cc26245841"
[0m15:12:22.520309 [debug] [Thread-3 (]: Writing runtime sql for node "test.real_estate_pipeline.not_null_dim_customers_customer_id.dd91cd1c8d"
[0m15:12:22.520696 [debug] [Thread-5 (]: Began executing node test.real_estate_pipeline.not_null_fct_loans_loan_id.1067693330
[0m15:12:22.526023 [debug] [Thread-5 (]: Writing runtime sql for node "test.real_estate_pipeline.not_null_fct_loans_loan_id.1067693330"
[0m15:12:22.526602 [debug] [Thread-4 (]: Using snowflake connection "test.real_estate_pipeline.not_null_dim_date_date_id.3077875806"
[0m15:12:22.526915 [debug] [Thread-4 (]: On test.real_estate_pipeline.not_null_dim_date_date_id.3077875806: select
      count(*) as failures,
      count(*) != 0 as should_warn,
      count(*) != 0 as should_error
    from (
      
    
  
    
    



select date_id
from FINANCE_DW.gold.dim_date
where date_id is null



  
  
      
    ) dbt_internal_test
/* {"app": "dbt", "dbt_version": "1.12.0", "profile_name": "dbt_project", "target_name": "dev", "node_id": "test.real_estate_pipeline.not_null_dim_date_date_id.3077875806"} */
[0m15:12:22.527196 [debug] [Thread-4 (]: Opening a new connection, currently in state init
[0m15:12:22.528138 [debug] [Thread-2 (]: Began executing node test.real_estate_pipeline.not_null_dim_accounts_account_id.cc26245841
[0m15:12:22.529188 [debug] [Thread-2 (]: Writing runtime sql for node "test.real_estate_pipeline.not_null_dim_accounts_account_id.cc26245841"
[0m15:12:22.527586 [debug] [Thread-3 (]: Using snowflake connection "test.real_estate_pipeline.not_null_dim_customers_customer_id.dd91cd1c8d"
[0m15:12:22.529547 [debug] [Thread-3 (]: On test.real_estate_pipeline.not_null_dim_customers_customer_id.dd91cd1c8d: select
      count(*) as failures,
      count(*) != 0 as should_warn,
      count(*) != 0 as should_error
    from (
      
    
  
    
    



select customer_id
from FINANCE_DW.gold.dim_customers
where customer_id is null



  
  
      
    ) dbt_internal_test
/* {"app": "dbt", "dbt_version": "1.12.0", "profile_name": "dbt_project", "target_name": "dev", "node_id": "test.real_estate_pipeline.not_null_dim_customers_customer_id.dd91cd1c8d"} */
[0m15:12:22.530238 [debug] [Thread-3 (]: Opening a new connection, currently in state init
[0m15:12:22.529966 [debug] [Thread-5 (]: Using snowflake connection "test.real_estate_pipeline.not_null_fct_loans_loan_id.1067693330"
[0m15:12:22.530961 [debug] [Thread-5 (]: On test.real_estate_pipeline.not_null_fct_loans_loan_id.1067693330: select
      count(*) as failures,
      count(*) != 0 as should_warn,
      count(*) != 0 as should_error
    from (
      
    
  
    
    



select loan_id
from FINANCE_DW.gold.fct_loans
where loan_id is null



  
  
      
    ) dbt_internal_test
/* {"app": "dbt", "dbt_version": "1.12.0", "profile_name": "dbt_project", "target_name": "dev", "node_id": "test.real_estate_pipeline.not_null_fct_loans_loan_id.1067693330"} */
[0m15:12:22.531199 [debug] [Thread-5 (]: Opening a new connection, currently in state init
[0m15:12:22.532042 [debug] [Thread-2 (]: Using snowflake connection "test.real_estate_pipeline.not_null_dim_accounts_account_id.cc26245841"
[0m15:12:22.532549 [debug] [Thread-2 (]: On test.real_estate_pipeline.not_null_dim_accounts_account_id.cc26245841: select
      count(*) as failures,
      count(*) != 0 as should_warn,
      count(*) != 0 as should_error
    from (
      
    
  
    
    



select account_id
from FINANCE_DW.gold.dim_accounts
where account_id is null



  
  
      
    ) dbt_internal_test
/* {"app": "dbt", "dbt_version": "1.12.0", "profile_name": "dbt_project", "target_name": "dev", "node_id": "test.real_estate_pipeline.not_null_dim_accounts_account_id.cc26245841"} */
[0m15:12:22.532925 [debug] [Thread-2 (]: Opening a new connection, currently in state init
[0m15:12:23.036827 [debug] [Thread-5 (]: SQL status: SUCCESS 1 in 0.505 seconds
[0m15:12:23.048467 [info ] [Thread-5 (]: 4 of 21 PASS not_null_fct_loans_loan_id ........................................ [[32mPASS[0m in 0.55s]
[0m15:12:23.048940 [debug] [Thread-5 (]: Finished running node test.real_estate_pipeline.not_null_fct_loans_loan_id.1067693330
[0m15:12:23.049180 [debug] [Thread-5 (]: Began running node test.real_estate_pipeline.not_null_fct_transactions_transaction_id.2c6b5372aa
[0m15:12:23.049380 [info ] [Thread-5 (]: 5 of 21 START test not_null_fct_transactions_transaction_id .................... [RUN]
[0m15:12:23.049897 [debug] [Thread-5 (]: Re-using an available connection from the pool (formerly test.real_estate_pipeline.not_null_fct_loans_loan_id.1067693330, now test.real_estate_pipeline.not_null_fct_transactions_transaction_id.2c6b5372aa)
[0m15:12:23.050133 [debug] [Thread-5 (]: Began compiling node test.real_estate_pipeline.not_null_fct_transactions_transaction_id.2c6b5372aa
[0m15:12:23.054128 [debug] [Thread-5 (]: Writing injected SQL for node "test.real_estate_pipeline.not_null_fct_transactions_transaction_id.2c6b5372aa"
[0m15:12:23.054768 [debug] [Thread-5 (]: Began executing node test.real_estate_pipeline.not_null_fct_transactions_transaction_id.2c6b5372aa
[0m15:12:23.055714 [debug] [Thread-5 (]: Writing runtime sql for node "test.real_estate_pipeline.not_null_fct_transactions_transaction_id.2c6b5372aa"
[0m15:12:23.056554 [debug] [Thread-5 (]: Using snowflake connection "test.real_estate_pipeline.not_null_fct_transactions_transaction_id.2c6b5372aa"
[0m15:12:23.056793 [debug] [Thread-5 (]: On test.real_estate_pipeline.not_null_fct_transactions_transaction_id.2c6b5372aa: select
      count(*) as failures,
      count(*) != 0 as should_warn,
      count(*) != 0 as should_error
    from (
      
    
  
    
    



select transaction_id
from FINANCE_DW.gold.fct_transactions
where transaction_id is null



  
  
      
    ) dbt_internal_test
/* {"app": "dbt", "dbt_version": "1.12.0", "profile_name": "dbt_project", "target_name": "dev", "node_id": "test.real_estate_pipeline.not_null_fct_transactions_transaction_id.2c6b5372aa"} */
[0m15:12:23.065339 [debug] [Thread-3 (]: SQL status: SUCCESS 1 in 0.535 seconds
[0m15:12:23.067613 [info ] [Thread-3 (]: 2 of 21 PASS not_null_dim_customers_customer_id ................................ [[32mPASS[0m in 0.58s]
[0m15:12:23.068450 [debug] [Thread-3 (]: Finished running node test.real_estate_pipeline.not_null_dim_customers_customer_id.dd91cd1c8d
[0m15:12:23.068709 [debug] [Thread-3 (]: Began running node test.real_estate_pipeline.not_null_stg_accounts_account_id.182dfbc108
[0m15:12:23.068943 [info ] [Thread-3 (]: 6 of 21 START test not_null_stg_accounts_account_id ............................ [RUN]
[0m15:12:23.069395 [debug] [Thread-3 (]: Re-using an available connection from the pool (formerly test.real_estate_pipeline.not_null_dim_customers_customer_id.dd91cd1c8d, now test.real_estate_pipeline.not_null_stg_accounts_account_id.182dfbc108)
[0m15:12:23.069618 [debug] [Thread-3 (]: Began compiling node test.real_estate_pipeline.not_null_stg_accounts_account_id.182dfbc108
[0m15:12:23.073401 [debug] [Thread-3 (]: Writing injected SQL for node "test.real_estate_pipeline.not_null_stg_accounts_account_id.182dfbc108"
[0m15:12:23.074043 [debug] [Thread-3 (]: Began executing node test.real_estate_pipeline.not_null_stg_accounts_account_id.182dfbc108
[0m15:12:23.075053 [debug] [Thread-3 (]: Writing runtime sql for node "test.real_estate_pipeline.not_null_stg_accounts_account_id.182dfbc108"
[0m15:12:23.075998 [debug] [Thread-3 (]: Using snowflake connection "test.real_estate_pipeline.not_null_stg_accounts_account_id.182dfbc108"
[0m15:12:23.076322 [debug] [Thread-3 (]: On test.real_estate_pipeline.not_null_stg_accounts_account_id.182dfbc108: select
      count(*) as failures,
      count(*) != 0 as should_warn,
      count(*) != 0 as should_error
    from (
      
    
  
    
    



select account_id
from FINANCE_DW.silver.stg_accounts
where account_id is null



  
  
      
    ) dbt_internal_test
/* {"app": "dbt", "dbt_version": "1.12.0", "profile_name": "dbt_project", "target_name": "dev", "node_id": "test.real_estate_pipeline.not_null_stg_accounts_account_id.182dfbc108"} */
[0m15:12:23.126557 [debug] [Thread-2 (]: SQL status: SUCCESS 1 in 0.593 seconds
[0m15:12:23.129531 [info ] [Thread-2 (]: 1 of 21 PASS not_null_dim_accounts_account_id .................................. [[32mPASS[0m in 0.62s]
[0m15:12:23.130903 [debug] [Thread-2 (]: Finished running node test.real_estate_pipeline.not_null_dim_accounts_account_id.cc26245841
[0m15:12:23.131354 [debug] [Thread-2 (]: Began running node test.real_estate_pipeline.not_null_stg_accounts_customer_id.0b54f014a3
[0m15:12:23.131860 [info ] [Thread-2 (]: 7 of 21 START test not_null_stg_accounts_customer_id ........................... [RUN]
[0m15:12:23.134108 [debug] [Thread-2 (]: Re-using an available connection from the pool (formerly test.real_estate_pipeline.not_null_dim_accounts_account_id.cc26245841, now test.real_estate_pipeline.not_null_stg_accounts_customer_id.0b54f014a3)
[0m15:12:23.134506 [debug] [Thread-2 (]: Began compiling node test.real_estate_pipeline.not_null_stg_accounts_customer_id.0b54f014a3
[0m15:12:23.141070 [debug] [Thread-2 (]: Writing injected SQL for node "test.real_estate_pipeline.not_null_stg_accounts_customer_id.0b54f014a3"
[0m15:12:23.133612 [debug] [Thread-4 (]: SQL status: SUCCESS 1 in 0.606 seconds
[0m15:12:23.142386 [info ] [Thread-4 (]: 3 of 21 PASS not_null_dim_date_date_id ......................................... [[32mPASS[0m in 0.66s]
[0m15:12:23.142793 [debug] [Thread-4 (]: Finished running node test.real_estate_pipeline.not_null_dim_date_date_id.3077875806
[0m15:12:23.143032 [debug] [Thread-4 (]: Began running node test.real_estate_pipeline.not_null_stg_customers_customer_id.e2cfb1f9aa
[0m15:12:23.143282 [info ] [Thread-4 (]: 8 of 21 START test not_null_stg_customers_customer_id .......................... [RUN]
[0m15:12:23.143750 [debug] [Thread-4 (]: Re-using an available connection from the pool (formerly test.real_estate_pipeline.not_null_dim_date_date_id.3077875806, now test.real_estate_pipeline.not_null_stg_customers_customer_id.e2cfb1f9aa)
[0m15:12:23.143999 [debug] [Thread-4 (]: Began compiling node test.real_estate_pipeline.not_null_stg_customers_customer_id.e2cfb1f9aa
[0m15:12:23.148611 [debug] [Thread-4 (]: Writing injected SQL for node "test.real_estate_pipeline.not_null_stg_customers_customer_id.e2cfb1f9aa"
[0m15:12:23.148965 [debug] [Thread-2 (]: Began executing node test.real_estate_pipeline.not_null_stg_accounts_customer_id.0b54f014a3
[0m15:12:23.150164 [debug] [Thread-2 (]: Writing runtime sql for node "test.real_estate_pipeline.not_null_stg_accounts_customer_id.0b54f014a3"
[0m15:12:23.150959 [debug] [Thread-2 (]: Using snowflake connection "test.real_estate_pipeline.not_null_stg_accounts_customer_id.0b54f014a3"
[0m15:12:23.151252 [debug] [Thread-2 (]: On test.real_estate_pipeline.not_null_stg_accounts_customer_id.0b54f014a3: select
      count(*) as failures,
      count(*) != 0 as should_warn,
      count(*) != 0 as should_error
    from (
      
    
  
    
    



select customer_id
from FINANCE_DW.silver.stg_accounts
where customer_id is null



  
  
      
    ) dbt_internal_test
/* {"app": "dbt", "dbt_version": "1.12.0", "profile_name": "dbt_project", "target_name": "dev", "node_id": "test.real_estate_pipeline.not_null_stg_accounts_customer_id.0b54f014a3"} */
[0m15:12:23.151784 [debug] [Thread-4 (]: Began executing node test.real_estate_pipeline.not_null_stg_customers_customer_id.e2cfb1f9aa
[0m15:12:23.152880 [debug] [Thread-4 (]: Writing runtime sql for node "test.real_estate_pipeline.not_null_stg_customers_customer_id.e2cfb1f9aa"
[0m15:12:23.154314 [debug] [Thread-4 (]: Using snowflake connection "test.real_estate_pipeline.not_null_stg_customers_customer_id.e2cfb1f9aa"
[0m15:12:23.154582 [debug] [Thread-4 (]: On test.real_estate_pipeline.not_null_stg_customers_customer_id.e2cfb1f9aa: select
      count(*) as failures,
      count(*) != 0 as should_warn,
      count(*) != 0 as should_error
    from (
      
    
  
    
    



select customer_id
from FINANCE_DW.silver.stg_customers
where customer_id is null



  
  
      
    ) dbt_internal_test
/* {"app": "dbt", "dbt_version": "1.12.0", "profile_name": "dbt_project", "target_name": "dev", "node_id": "test.real_estate_pipeline.not_null_stg_customers_customer_id.e2cfb1f9aa"} */
[0m15:12:23.189296 [debug] [Thread-5 (]: SQL status: SUCCESS 1 in 0.132 seconds
[0m15:12:23.191685 [info ] [Thread-5 (]: 5 of 21 PASS not_null_fct_transactions_transaction_id .......................... [[32mPASS[0m in 0.14s]
[0m15:12:23.192633 [debug] [Thread-5 (]: Finished running node test.real_estate_pipeline.not_null_fct_transactions_transaction_id.2c6b5372aa
[0m15:12:23.193043 [debug] [Thread-5 (]: Began running node test.real_estate_pipeline.not_null_stg_loans_loan_id.b77c69982c
[0m15:12:23.193492 [info ] [Thread-5 (]: 9 of 21 START test not_null_stg_loans_loan_id .................................. [RUN]
[0m15:12:23.194097 [debug] [Thread-5 (]: Re-using an available connection from the pool (formerly test.real_estate_pipeline.not_null_fct_transactions_transaction_id.2c6b5372aa, now test.real_estate_pipeline.not_null_stg_loans_loan_id.b77c69982c)
[0m15:12:23.194468 [debug] [Thread-5 (]: Began compiling node test.real_estate_pipeline.not_null_stg_loans_loan_id.b77c69982c
[0m15:12:23.199466 [debug] [Thread-5 (]: Writing injected SQL for node "test.real_estate_pipeline.not_null_stg_loans_loan_id.b77c69982c"
[0m15:12:23.200088 [debug] [Thread-5 (]: Began executing node test.real_estate_pipeline.not_null_stg_loans_loan_id.b77c69982c
[0m15:12:23.201064 [debug] [Thread-5 (]: Writing runtime sql for node "test.real_estate_pipeline.not_null_stg_loans_loan_id.b77c69982c"
[0m15:12:23.201858 [debug] [Thread-5 (]: Using snowflake connection "test.real_estate_pipeline.not_null_stg_loans_loan_id.b77c69982c"
[0m15:12:23.202107 [debug] [Thread-5 (]: On test.real_estate_pipeline.not_null_stg_loans_loan_id.b77c69982c: select
      count(*) as failures,
      count(*) != 0 as should_warn,
      count(*) != 0 as should_error
    from (
      
    
  
    
    



select loan_id
from FINANCE_DW.silver.stg_loans
where loan_id is null



  
  
      
    ) dbt_internal_test
/* {"app": "dbt", "dbt_version": "1.12.0", "profile_name": "dbt_project", "target_name": "dev", "node_id": "test.real_estate_pipeline.not_null_stg_loans_loan_id.b77c69982c"} */
[0m15:12:23.252283 [debug] [Thread-3 (]: SQL status: SUCCESS 1 in 0.175 seconds
[0m15:12:23.255098 [info ] [Thread-3 (]: 6 of 21 PASS not_null_stg_accounts_account_id .................................. [[32mPASS[0m in 0.19s]
[0m15:12:23.256169 [debug] [Thread-3 (]: Finished running node test.real_estate_pipeline.not_null_stg_accounts_account_id.182dfbc108
[0m15:12:23.256603 [debug] [Thread-3 (]: Began running node test.real_estate_pipeline.not_null_stg_transactions_transaction_id.1d00a8e2e4
[0m15:12:23.256961 [info ] [Thread-3 (]: 10 of 21 START test not_null_stg_transactions_transaction_id ................... [RUN]
[0m15:12:23.257545 [debug] [Thread-3 (]: Re-using an available connection from the pool (formerly test.real_estate_pipeline.not_null_stg_accounts_account_id.182dfbc108, now test.real_estate_pipeline.not_null_stg_transactions_transaction_id.1d00a8e2e4)
[0m15:12:23.257930 [debug] [Thread-3 (]: Began compiling node test.real_estate_pipeline.not_null_stg_transactions_transaction_id.1d00a8e2e4
[0m15:12:23.264254 [debug] [Thread-3 (]: Writing injected SQL for node "test.real_estate_pipeline.not_null_stg_transactions_transaction_id.1d00a8e2e4"
[0m15:12:23.265007 [debug] [Thread-3 (]: Began executing node test.real_estate_pipeline.not_null_stg_transactions_transaction_id.1d00a8e2e4
[0m15:12:23.266563 [debug] [Thread-3 (]: Writing runtime sql for node "test.real_estate_pipeline.not_null_stg_transactions_transaction_id.1d00a8e2e4"
[0m15:12:23.267376 [debug] [Thread-3 (]: Using snowflake connection "test.real_estate_pipeline.not_null_stg_transactions_transaction_id.1d00a8e2e4"
[0m15:12:23.267638 [debug] [Thread-3 (]: On test.real_estate_pipeline.not_null_stg_transactions_transaction_id.1d00a8e2e4: select
      count(*) as failures,
      count(*) != 0 as should_warn,
      count(*) != 0 as should_error
    from (
      
    
  
    
    



select transaction_id
from FINANCE_DW.silver.stg_transactions
where transaction_id is null



  
  
      
    ) dbt_internal_test
/* {"app": "dbt", "dbt_version": "1.12.0", "profile_name": "dbt_project", "target_name": "dev", "node_id": "test.real_estate_pipeline.not_null_stg_transactions_transaction_id.1d00a8e2e4"} */
[0m15:12:23.292183 [debug] [Thread-2 (]: SQL status: SUCCESS 1 in 0.141 seconds
[0m15:12:23.294521 [info ] [Thread-2 (]: 7 of 21 PASS not_null_stg_accounts_customer_id ................................. [[32mPASS[0m in 0.16s]
[0m15:12:23.295338 [debug] [Thread-2 (]: Finished running node test.real_estate_pipeline.not_null_stg_accounts_customer_id.0b54f014a3
[0m15:12:23.295912 [debug] [Thread-2 (]: Began running node test.real_estate_pipeline.relationships_fct_loans_customer_id__customer_id__ref_dim_customers_.7f8ad0794a
[0m15:12:23.296320 [info ] [Thread-2 (]: 11 of 21 START test relationships_fct_loans_customer_id__customer_id__ref_dim_customers_  [RUN]
[0m15:12:23.296886 [debug] [Thread-2 (]: Re-using an available connection from the pool (formerly test.real_estate_pipeline.not_null_stg_accounts_customer_id.0b54f014a3, now test.real_estate_pipeline.relationships_fct_loans_customer_id__customer_id__ref_dim_customers_.7f8ad0794a)
[0m15:12:23.297204 [debug] [Thread-2 (]: Began compiling node test.real_estate_pipeline.relationships_fct_loans_customer_id__customer_id__ref_dim_customers_.7f8ad0794a
[0m15:12:23.305053 [debug] [Thread-2 (]: Writing injected SQL for node "test.real_estate_pipeline.relationships_fct_loans_customer_id__customer_id__ref_dim_customers_.7f8ad0794a"
[0m15:12:23.306311 [debug] [Thread-4 (]: SQL status: SUCCESS 1 in 0.151 seconds
[0m15:12:23.308087 [info ] [Thread-4 (]: 8 of 21 PASS not_null_stg_customers_customer_id ................................ [[32mPASS[0m in 0.16s]
[0m15:12:23.309161 [debug] [Thread-4 (]: Finished running node test.real_estate_pipeline.not_null_stg_customers_customer_id.e2cfb1f9aa
[0m15:12:23.309436 [debug] [Thread-4 (]: Began running node test.real_estate_pipeline.relationships_fct_transactions_origin_customer_id__customer_id__ref_dim_customers_.16c642f691
[0m15:12:23.308744 [debug] [Thread-2 (]: Began executing node test.real_estate_pipeline.relationships_fct_loans_customer_id__customer_id__ref_dim_customers_.7f8ad0794a
[0m15:12:23.310865 [debug] [Thread-2 (]: Writing runtime sql for node "test.real_estate_pipeline.relationships_fct_loans_customer_id__customer_id__ref_dim_customers_.7f8ad0794a"
[0m15:12:23.309666 [info ] [Thread-4 (]: 12 of 21 START test relationships_fct_transactions_origin_customer_id__customer_id__ref_dim_customers_  [RUN]
[0m15:12:23.311348 [debug] [Thread-4 (]: Re-using an available connection from the pool (formerly test.real_estate_pipeline.not_null_stg_customers_customer_id.e2cfb1f9aa, now test.real_estate_pipeline.relationships_fct_transactions_origin_customer_id__customer_id__ref_dim_customers_.16c642f691)
[0m15:12:23.311601 [debug] [Thread-4 (]: Began compiling node test.real_estate_pipeline.relationships_fct_transactions_origin_customer_id__customer_id__ref_dim_customers_.16c642f691
[0m15:12:23.319062 [debug] [Thread-4 (]: Writing injected SQL for node "test.real_estate_pipeline.relationships_fct_transactions_origin_customer_id__customer_id__ref_dim_customers_.16c642f691"
[0m15:12:23.319925 [debug] [Thread-2 (]: Using snowflake connection "test.real_estate_pipeline.relationships_fct_loans_customer_id__customer_id__ref_dim_customers_.7f8ad0794a"
[0m15:12:23.320240 [debug] [Thread-2 (]: On test.real_estate_pipeline.relationships_fct_loans_customer_id__customer_id__ref_dim_customers_.7f8ad0794a: select
      count(*) as failures,
      count(*) != 0 as should_warn,
      count(*) != 0 as should_error
    from (
      
    
  
    
    

with child as (
    select customer_id as from_field
    from FINANCE_DW.gold.fct_loans
    where customer_id is not null
),

parent as (
    select customer_id as to_field
    from FINANCE_DW.gold.dim_customers
)

select
    from_field

from child
left join parent
    on child.from_field = parent.to_field

where parent.to_field is null



  
  
      
    ) dbt_internal_test
/* {"app": "dbt", "dbt_version": "1.12.0", "profile_name": "dbt_project", "target_name": "dev", "node_id": "test.real_estate_pipeline.relationships_fct_loans_customer_id__customer_id__ref_dim_customers_.7f8ad0794a"} */
[0m15:12:23.320776 [debug] [Thread-4 (]: Began executing node test.real_estate_pipeline.relationships_fct_transactions_origin_customer_id__customer_id__ref_dim_customers_.16c642f691
[0m15:12:23.322076 [debug] [Thread-4 (]: Writing runtime sql for node "test.real_estate_pipeline.relationships_fct_transactions_origin_customer_id__customer_id__ref_dim_customers_.16c642f691"
[0m15:12:23.323372 [debug] [Thread-4 (]: Using snowflake connection "test.real_estate_pipeline.relationships_fct_transactions_origin_customer_id__customer_id__ref_dim_customers_.16c642f691"
[0m15:12:23.323640 [debug] [Thread-4 (]: On test.real_estate_pipeline.relationships_fct_transactions_origin_customer_id__customer_id__ref_dim_customers_.16c642f691: select
      count(*) as failures,
      count(*) != 0 as should_warn,
      count(*) != 0 as should_error
    from (
      
    
  
    
    

with child as (
    select origin_customer_id as from_field
    from FINANCE_DW.gold.fct_transactions
    where origin_customer_id is not null
),

parent as (
    select customer_id as to_field
    from FINANCE_DW.gold.dim_customers
)

select
    from_field

from child
left join parent
    on child.from_field = parent.to_field

where parent.to_field is null



  
  
      
    ) dbt_internal_test
/* {"app": "dbt", "dbt_version": "1.12.0", "profile_name": "dbt_project", "target_name": "dev", "node_id": "test.real_estate_pipeline.relationships_fct_transactions_origin_customer_id__customer_id__ref_dim_customers_.16c642f691"} */
[0m15:12:23.381731 [debug] [Thread-5 (]: SQL status: SUCCESS 1 in 0.179 seconds
[0m15:12:23.386202 [info ] [Thread-5 (]: 9 of 21 PASS not_null_stg_loans_loan_id ........................................ [[32mPASS[0m in 0.19s]
[0m15:12:23.387752 [debug] [Thread-5 (]: Finished running node test.real_estate_pipeline.not_null_stg_loans_loan_id.b77c69982c
[0m15:12:23.388366 [debug] [Thread-5 (]: Began running node test.real_estate_pipeline.unique_dim_accounts_account_id.bfd6344edc
[0m15:12:23.388861 [info ] [Thread-5 (]: 13 of 21 START test unique_dim_accounts_account_id ............................. [RUN]
[0m15:12:23.389601 [debug] [Thread-5 (]: Re-using an available connection from the pool (formerly test.real_estate_pipeline.not_null_stg_loans_loan_id.b77c69982c, now test.real_estate_pipeline.unique_dim_accounts_account_id.bfd6344edc)
[0m15:12:23.390049 [debug] [Thread-5 (]: Began compiling node test.real_estate_pipeline.unique_dim_accounts_account_id.bfd6344edc
[0m15:12:23.398838 [debug] [Thread-5 (]: Writing injected SQL for node "test.real_estate_pipeline.unique_dim_accounts_account_id.bfd6344edc"
[0m15:12:23.399591 [debug] [Thread-5 (]: Began executing node test.real_estate_pipeline.unique_dim_accounts_account_id.bfd6344edc
[0m15:12:23.400728 [debug] [Thread-5 (]: Writing runtime sql for node "test.real_estate_pipeline.unique_dim_accounts_account_id.bfd6344edc"
[0m15:12:23.401806 [debug] [Thread-5 (]: Using snowflake connection "test.real_estate_pipeline.unique_dim_accounts_account_id.bfd6344edc"
[0m15:12:23.402110 [debug] [Thread-5 (]: On test.real_estate_pipeline.unique_dim_accounts_account_id.bfd6344edc: select
      count(*) as failures,
      count(*) != 0 as should_warn,
      count(*) != 0 as should_error
    from (
      
    
  
    
    

select
    account_id as unique_field,
    count(*) as n_records

from FINANCE_DW.gold.dim_accounts
where account_id is not null
group by account_id
having count(*) > 1



  
  
      
    ) dbt_internal_test
/* {"app": "dbt", "dbt_version": "1.12.0", "profile_name": "dbt_project", "target_name": "dev", "node_id": "test.real_estate_pipeline.unique_dim_accounts_account_id.bfd6344edc"} */
[0m15:12:23.487970 [debug] [Thread-2 (]: SQL status: SUCCESS 1 in 0.167 seconds
[0m15:12:23.491833 [info ] [Thread-2 (]: 11 of 21 PASS relationships_fct_loans_customer_id__customer_id__ref_dim_customers_  [[32mPASS[0m in 0.19s]
[0m15:12:23.492979 [debug] [Thread-2 (]: Finished running node test.real_estate_pipeline.relationships_fct_loans_customer_id__customer_id__ref_dim_customers_.7f8ad0794a
[0m15:12:23.493497 [debug] [Thread-2 (]: Began running node test.real_estate_pipeline.unique_dim_customers_customer_id.15c9f1e2fd
[0m15:12:23.493941 [info ] [Thread-2 (]: 14 of 21 START test unique_dim_customers_customer_id ........................... [RUN]
[0m15:12:23.494622 [debug] [Thread-2 (]: Re-using an available connection from the pool (formerly test.real_estate_pipeline.relationships_fct_loans_customer_id__customer_id__ref_dim_customers_.7f8ad0794a, now test.real_estate_pipeline.unique_dim_customers_customer_id.15c9f1e2fd)
[0m15:12:23.495018 [debug] [Thread-2 (]: Began compiling node test.real_estate_pipeline.unique_dim_customers_customer_id.15c9f1e2fd
[0m15:12:23.501300 [debug] [Thread-2 (]: Writing injected SQL for node "test.real_estate_pipeline.unique_dim_customers_customer_id.15c9f1e2fd"
[0m15:12:23.502189 [debug] [Thread-2 (]: Began executing node test.real_estate_pipeline.unique_dim_customers_customer_id.15c9f1e2fd
[0m15:12:23.503633 [debug] [Thread-2 (]: Writing runtime sql for node "test.real_estate_pipeline.unique_dim_customers_customer_id.15c9f1e2fd"
[0m15:12:23.505021 [debug] [Thread-2 (]: Using snowflake connection "test.real_estate_pipeline.unique_dim_customers_customer_id.15c9f1e2fd"
[0m15:12:23.505310 [debug] [Thread-2 (]: On test.real_estate_pipeline.unique_dim_customers_customer_id.15c9f1e2fd: select
      count(*) as failures,
      count(*) != 0 as should_warn,
      count(*) != 0 as should_error
    from (
      
    
  
    
    

select
    customer_id as unique_field,
    count(*) as n_records

from FINANCE_DW.gold.dim_customers
where customer_id is not null
group by customer_id
having count(*) > 1



  
  
      
    ) dbt_internal_test
/* {"app": "dbt", "dbt_version": "1.12.0", "profile_name": "dbt_project", "target_name": "dev", "node_id": "test.real_estate_pipeline.unique_dim_customers_customer_id.15c9f1e2fd"} */
[0m15:12:23.659769 [debug] [Thread-2 (]: SQL status: SUCCESS 1 in 0.154 seconds
[0m15:12:23.662036 [info ] [Thread-2 (]: 14 of 21 PASS unique_dim_customers_customer_id ................................. [[32mPASS[0m in 0.17s]
[0m15:12:23.662938 [debug] [Thread-2 (]: Finished running node test.real_estate_pipeline.unique_dim_customers_customer_id.15c9f1e2fd
[0m15:12:23.663259 [debug] [Thread-2 (]: Began running node test.real_estate_pipeline.unique_dim_date_date_id.7286dcb90d
[0m15:12:23.663533 [info ] [Thread-2 (]: 15 of 21 START test unique_dim_date_date_id .................................... [RUN]
[0m15:12:23.664193 [debug] [Thread-2 (]: Re-using an available connection from the pool (formerly test.real_estate_pipeline.unique_dim_customers_customer_id.15c9f1e2fd, now test.real_estate_pipeline.unique_dim_date_date_id.7286dcb90d)
[0m15:12:23.664502 [debug] [Thread-2 (]: Began compiling node test.real_estate_pipeline.unique_dim_date_date_id.7286dcb90d
[0m15:12:23.672683 [debug] [Thread-2 (]: Writing injected SQL for node "test.real_estate_pipeline.unique_dim_date_date_id.7286dcb90d"
[0m15:12:23.673841 [debug] [Thread-2 (]: Began executing node test.real_estate_pipeline.unique_dim_date_date_id.7286dcb90d
[0m15:12:23.675792 [debug] [Thread-2 (]: Writing runtime sql for node "test.real_estate_pipeline.unique_dim_date_date_id.7286dcb90d"
[0m15:12:23.677451 [debug] [Thread-2 (]: Using snowflake connection "test.real_estate_pipeline.unique_dim_date_date_id.7286dcb90d"
[0m15:12:23.678063 [debug] [Thread-2 (]: On test.real_estate_pipeline.unique_dim_date_date_id.7286dcb90d: select
      count(*) as failures,
      count(*) != 0 as should_warn,
      count(*) != 0 as should_error
    from (
      
    
  
    
    

select
    date_id as unique_field,
    count(*) as n_records

from FINANCE_DW.gold.dim_date
where date_id is not null
group by date_id
having count(*) > 1



  
  
      
    ) dbt_internal_test
/* {"app": "dbt", "dbt_version": "1.12.0", "profile_name": "dbt_project", "target_name": "dev", "node_id": "test.real_estate_pipeline.unique_dim_date_date_id.7286dcb90d"} */
[0m15:12:24.139456 [debug] [Thread-5 (]: SQL status: SUCCESS 1 in 0.737 seconds
[0m15:12:24.142355 [info ] [Thread-5 (]: 13 of 21 PASS unique_dim_accounts_account_id ................................... [[32mPASS[0m in 0.75s]
[0m15:12:24.143022 [debug] [Thread-5 (]: Finished running node test.real_estate_pipeline.unique_dim_accounts_account_id.bfd6344edc
[0m15:12:24.143251 [debug] [Thread-5 (]: Began running node test.real_estate_pipeline.unique_fct_loans_loan_id.b0f955a329
[0m15:12:24.143543 [info ] [Thread-5 (]: 16 of 21 START test unique_fct_loans_loan_id ................................... [RUN]
[0m15:12:24.144061 [debug] [Thread-5 (]: Re-using an available connection from the pool (formerly test.real_estate_pipeline.unique_dim_accounts_account_id.bfd6344edc, now test.real_estate_pipeline.unique_fct_loans_loan_id.b0f955a329)
[0m15:12:24.144305 [debug] [Thread-5 (]: Began compiling node test.real_estate_pipeline.unique_fct_loans_loan_id.b0f955a329
[0m15:12:24.150236 [debug] [Thread-5 (]: Writing injected SQL for node "test.real_estate_pipeline.unique_fct_loans_loan_id.b0f955a329"
[0m15:12:24.150874 [debug] [Thread-5 (]: Began executing node test.real_estate_pipeline.unique_fct_loans_loan_id.b0f955a329
[0m15:12:24.151821 [debug] [Thread-5 (]: Writing runtime sql for node "test.real_estate_pipeline.unique_fct_loans_loan_id.b0f955a329"
[0m15:12:24.152529 [debug] [Thread-5 (]: Using snowflake connection "test.real_estate_pipeline.unique_fct_loans_loan_id.b0f955a329"
[0m15:12:24.152765 [debug] [Thread-5 (]: On test.real_estate_pipeline.unique_fct_loans_loan_id.b0f955a329: select
      count(*) as failures,
      count(*) != 0 as should_warn,
      count(*) != 0 as should_error
    from (
      
    
  
    
    

select
    loan_id as unique_field,
    count(*) as n_records

from FINANCE_DW.gold.fct_loans
where loan_id is not null
group by loan_id
having count(*) > 1



  
  
      
    ) dbt_internal_test
/* {"app": "dbt", "dbt_version": "1.12.0", "profile_name": "dbt_project", "target_name": "dev", "node_id": "test.real_estate_pipeline.unique_fct_loans_loan_id.b0f955a329"} */
[0m15:12:24.163253 [debug] [Thread-2 (]: SQL status: SUCCESS 1 in 0.485 seconds
[0m15:12:24.164987 [info ] [Thread-2 (]: 15 of 21 PASS unique_dim_date_date_id .......................................... [[32mPASS[0m in 0.50s]
[0m15:12:24.165685 [debug] [Thread-2 (]: Finished running node test.real_estate_pipeline.unique_dim_date_date_id.7286dcb90d
[0m15:12:24.166001 [debug] [Thread-2 (]: Began running node test.real_estate_pipeline.unique_fct_transactions_transaction_id.c963611c53
[0m15:12:24.166636 [info ] [Thread-2 (]: 17 of 21 START test unique_fct_transactions_transaction_id ..................... [RUN]
[0m15:12:24.167230 [debug] [Thread-2 (]: Re-using an available connection from the pool (formerly test.real_estate_pipeline.unique_dim_date_date_id.7286dcb90d, now test.real_estate_pipeline.unique_fct_transactions_transaction_id.c963611c53)
[0m15:12:24.167557 [debug] [Thread-2 (]: Began compiling node test.real_estate_pipeline.unique_fct_transactions_transaction_id.c963611c53
[0m15:12:24.171909 [debug] [Thread-2 (]: Writing injected SQL for node "test.real_estate_pipeline.unique_fct_transactions_transaction_id.c963611c53"
[0m15:12:24.172536 [debug] [Thread-2 (]: Began executing node test.real_estate_pipeline.unique_fct_transactions_transaction_id.c963611c53
[0m15:12:24.173583 [debug] [Thread-2 (]: Writing runtime sql for node "test.real_estate_pipeline.unique_fct_transactions_transaction_id.c963611c53"
[0m15:12:24.174322 [debug] [Thread-2 (]: Using snowflake connection "test.real_estate_pipeline.unique_fct_transactions_transaction_id.c963611c53"
[0m15:12:24.174575 [debug] [Thread-2 (]: On test.real_estate_pipeline.unique_fct_transactions_transaction_id.c963611c53: select
      count(*) as failures,
      count(*) != 0 as should_warn,
      count(*) != 0 as should_error
    from (
      
    
  
    
    

select
    transaction_id as unique_field,
    count(*) as n_records

from FINANCE_DW.gold.fct_transactions
where transaction_id is not null
group by transaction_id
having count(*) > 1



  
  
      
    ) dbt_internal_test
/* {"app": "dbt", "dbt_version": "1.12.0", "profile_name": "dbt_project", "target_name": "dev", "node_id": "test.real_estate_pipeline.unique_fct_transactions_transaction_id.c963611c53"} */
[0m15:12:24.210709 [debug] [Thread-4 (]: SQL status: SUCCESS 1 in 0.887 seconds
[0m15:12:24.213382 [info ] [Thread-4 (]: 12 of 21 PASS relationships_fct_transactions_origin_customer_id__customer_id__ref_dim_customers_  [[32mPASS[0m in 0.90s]
[0m15:12:24.214427 [debug] [Thread-4 (]: Finished running node test.real_estate_pipeline.relationships_fct_transactions_origin_customer_id__customer_id__ref_dim_customers_.16c642f691
[0m15:12:24.214981 [debug] [Thread-4 (]: Began running node test.real_estate_pipeline.unique_stg_accounts_account_id.cdf6252c79
[0m15:12:24.215635 [info ] [Thread-4 (]: 18 of 21 START test unique_stg_accounts_account_id ............................. [RUN]
[0m15:12:24.216401 [debug] [Thread-4 (]: Re-using an available connection from the pool (formerly test.real_estate_pipeline.relationships_fct_transactions_origin_customer_id__customer_id__ref_dim_customers_.16c642f691, now test.real_estate_pipeline.unique_stg_accounts_account_id.cdf6252c79)
[0m15:12:24.216805 [debug] [Thread-4 (]: Began compiling node test.real_estate_pipeline.unique_stg_accounts_account_id.cdf6252c79
[0m15:12:24.221380 [debug] [Thread-4 (]: Writing injected SQL for node "test.real_estate_pipeline.unique_stg_accounts_account_id.cdf6252c79"
[0m15:12:24.222019 [debug] [Thread-4 (]: Began executing node test.real_estate_pipeline.unique_stg_accounts_account_id.cdf6252c79
[0m15:12:24.222980 [debug] [Thread-4 (]: Writing runtime sql for node "test.real_estate_pipeline.unique_stg_accounts_account_id.cdf6252c79"
[0m15:12:24.223697 [debug] [Thread-4 (]: Using snowflake connection "test.real_estate_pipeline.unique_stg_accounts_account_id.cdf6252c79"
[0m15:12:24.223939 [debug] [Thread-4 (]: On test.real_estate_pipeline.unique_stg_accounts_account_id.cdf6252c79: select
      count(*) as failures,
      count(*) != 0 as should_warn,
      count(*) != 0 as should_error
    from (
      
    
  
    
    

select
    account_id as unique_field,
    count(*) as n_records

from FINANCE_DW.silver.stg_accounts
where account_id is not null
group by account_id
having count(*) > 1



  
  
      
    ) dbt_internal_test
/* {"app": "dbt", "dbt_version": "1.12.0", "profile_name": "dbt_project", "target_name": "dev", "node_id": "test.real_estate_pipeline.unique_stg_accounts_account_id.cdf6252c79"} */
[0m15:12:24.246881 [debug] [Thread-3 (]: SQL status: SUCCESS 1 in 0.979 seconds
[0m15:12:24.248977 [info ] [Thread-3 (]: 10 of 21 PASS not_null_stg_transactions_transaction_id ......................... [[32mPASS[0m in 0.99s]
[0m15:12:24.249581 [debug] [Thread-3 (]: Finished running node test.real_estate_pipeline.not_null_stg_transactions_transaction_id.1d00a8e2e4
[0m15:12:24.249844 [debug] [Thread-3 (]: Began running node test.real_estate_pipeline.unique_stg_customers_customer_id.c7614daada
[0m15:12:24.250066 [info ] [Thread-3 (]: 19 of 21 START test unique_stg_customers_customer_id ........................... [RUN]
[0m15:12:24.250765 [debug] [Thread-3 (]: Re-using an available connection from the pool (formerly test.real_estate_pipeline.not_null_stg_transactions_transaction_id.1d00a8e2e4, now test.real_estate_pipeline.unique_stg_customers_customer_id.c7614daada)
[0m15:12:24.251165 [debug] [Thread-3 (]: Began compiling node test.real_estate_pipeline.unique_stg_customers_customer_id.c7614daada
[0m15:12:24.258012 [debug] [Thread-3 (]: Writing injected SQL for node "test.real_estate_pipeline.unique_stg_customers_customer_id.c7614daada"
[0m15:12:24.258700 [debug] [Thread-3 (]: Began executing node test.real_estate_pipeline.unique_stg_customers_customer_id.c7614daada
[0m15:12:24.259760 [debug] [Thread-3 (]: Writing runtime sql for node "test.real_estate_pipeline.unique_stg_customers_customer_id.c7614daada"
[0m15:12:24.260609 [debug] [Thread-3 (]: Using snowflake connection "test.real_estate_pipeline.unique_stg_customers_customer_id.c7614daada"
[0m15:12:24.260860 [debug] [Thread-3 (]: On test.real_estate_pipeline.unique_stg_customers_customer_id.c7614daada: select
      count(*) as failures,
      count(*) != 0 as should_warn,
      count(*) != 0 as should_error
    from (
      
    
  
    
    

select
    customer_id as unique_field,
    count(*) as n_records

from FINANCE_DW.silver.stg_customers
where customer_id is not null
group by customer_id
having count(*) > 1



  
  
      
    ) dbt_internal_test
/* {"app": "dbt", "dbt_version": "1.12.0", "profile_name": "dbt_project", "target_name": "dev", "node_id": "test.real_estate_pipeline.unique_stg_customers_customer_id.c7614daada"} */
[0m15:12:24.294722 [debug] [Thread-5 (]: SQL status: SUCCESS 1 in 0.142 seconds
[0m15:12:24.296358 [info ] [Thread-5 (]: 16 of 21 PASS unique_fct_loans_loan_id ......................................... [[32mPASS[0m in 0.15s]
[0m15:12:24.296864 [debug] [Thread-5 (]: Finished running node test.real_estate_pipeline.unique_fct_loans_loan_id.b0f955a329
[0m15:12:24.297144 [debug] [Thread-5 (]: Began running node test.real_estate_pipeline.unique_stg_loans_loan_id.be67636b63
[0m15:12:24.297433 [info ] [Thread-5 (]: 20 of 21 START test unique_stg_loans_loan_id ................................... [RUN]
[0m15:12:24.297872 [debug] [Thread-5 (]: Re-using an available connection from the pool (formerly test.real_estate_pipeline.unique_fct_loans_loan_id.b0f955a329, now test.real_estate_pipeline.unique_stg_loans_loan_id.be67636b63)
[0m15:12:24.298084 [debug] [Thread-5 (]: Began compiling node test.real_estate_pipeline.unique_stg_loans_loan_id.be67636b63
[0m15:12:24.301901 [debug] [Thread-5 (]: Writing injected SQL for node "test.real_estate_pipeline.unique_stg_loans_loan_id.be67636b63"
[0m15:12:24.302705 [debug] [Thread-5 (]: Began executing node test.real_estate_pipeline.unique_stg_loans_loan_id.be67636b63
[0m15:12:24.303848 [debug] [Thread-5 (]: Writing runtime sql for node "test.real_estate_pipeline.unique_stg_loans_loan_id.be67636b63"
[0m15:12:24.304608 [debug] [Thread-5 (]: Using snowflake connection "test.real_estate_pipeline.unique_stg_loans_loan_id.be67636b63"
[0m15:12:24.304860 [debug] [Thread-5 (]: On test.real_estate_pipeline.unique_stg_loans_loan_id.be67636b63: select
      count(*) as failures,
      count(*) != 0 as should_warn,
      count(*) != 0 as should_error
    from (
      
    
  
    
    

select
    loan_id as unique_field,
    count(*) as n_records

from FINANCE_DW.silver.stg_loans
where loan_id is not null
group by loan_id
having count(*) > 1



  
  
      
    ) dbt_internal_test
/* {"app": "dbt", "dbt_version": "1.12.0", "profile_name": "dbt_project", "target_name": "dev", "node_id": "test.real_estate_pipeline.unique_stg_loans_loan_id.be67636b63"} */
[0m15:12:24.333482 [debug] [Thread-2 (]: SQL status: SUCCESS 1 in 0.159 seconds
[0m15:12:24.334815 [info ] [Thread-2 (]: 17 of 21 PASS unique_fct_transactions_transaction_id ........................... [[32mPASS[0m in 0.17s]
[0m15:12:24.335274 [debug] [Thread-2 (]: Finished running node test.real_estate_pipeline.unique_fct_transactions_transaction_id.c963611c53
[0m15:12:24.335580 [debug] [Thread-2 (]: Began running node test.real_estate_pipeline.unique_stg_transactions_transaction_id.ee9a78a396
[0m15:12:24.335963 [info ] [Thread-2 (]: 21 of 21 START test unique_stg_transactions_transaction_id ..................... [RUN]
[0m15:12:24.336612 [debug] [Thread-2 (]: Re-using an available connection from the pool (formerly test.real_estate_pipeline.unique_fct_transactions_transaction_id.c963611c53, now test.real_estate_pipeline.unique_stg_transactions_transaction_id.ee9a78a396)
[0m15:12:24.336993 [debug] [Thread-2 (]: Began compiling node test.real_estate_pipeline.unique_stg_transactions_transaction_id.ee9a78a396
[0m15:12:24.341555 [debug] [Thread-2 (]: Writing injected SQL for node "test.real_estate_pipeline.unique_stg_transactions_transaction_id.ee9a78a396"
[0m15:12:24.342241 [debug] [Thread-2 (]: Began executing node test.real_estate_pipeline.unique_stg_transactions_transaction_id.ee9a78a396
[0m15:12:24.343260 [debug] [Thread-2 (]: Writing runtime sql for node "test.real_estate_pipeline.unique_stg_transactions_transaction_id.ee9a78a396"
[0m15:12:24.344051 [debug] [Thread-2 (]: Using snowflake connection "test.real_estate_pipeline.unique_stg_transactions_transaction_id.ee9a78a396"
[0m15:12:24.344303 [debug] [Thread-2 (]: On test.real_estate_pipeline.unique_stg_transactions_transaction_id.ee9a78a396: select
      count(*) as failures,
      count(*) != 0 as should_warn,
      count(*) != 0 as should_error
    from (
      
    
  
    
    

select
    transaction_id as unique_field,
    count(*) as n_records

from FINANCE_DW.silver.stg_transactions
where transaction_id is not null
group by transaction_id
having count(*) > 1



  
  
      
    ) dbt_internal_test
/* {"app": "dbt", "dbt_version": "1.12.0", "profile_name": "dbt_project", "target_name": "dev", "node_id": "test.real_estate_pipeline.unique_stg_transactions_transaction_id.ee9a78a396"} */
[0m15:12:24.363512 [debug] [Thread-4 (]: SQL status: SUCCESS 1 in 0.139 seconds
[0m15:12:24.364818 [info ] [Thread-4 (]: 18 of 21 PASS unique_stg_accounts_account_id ................................... [[32mPASS[0m in 0.15s]
[0m15:12:24.365364 [debug] [Thread-4 (]: Finished running node test.real_estate_pipeline.unique_stg_accounts_account_id.cdf6252c79
[0m15:12:24.408273 [debug] [Thread-3 (]: SQL status: SUCCESS 1 in 0.147 seconds
[0m15:12:24.411186 [info ] [Thread-3 (]: 19 of 21 PASS unique_stg_customers_customer_id ................................. [[32mPASS[0m in 0.16s]
[0m15:12:24.412330 [debug] [Thread-3 (]: Finished running node test.real_estate_pipeline.unique_stg_customers_customer_id.c7614daada
[0m15:12:24.447183 [debug] [Thread-5 (]: SQL status: SUCCESS 1 in 0.142 seconds
[0m15:12:24.448956 [info ] [Thread-5 (]: 20 of 21 PASS unique_stg_loans_loan_id ......................................... [[32mPASS[0m in 0.15s]
[0m15:12:24.449535 [debug] [Thread-5 (]: Finished running node test.real_estate_pipeline.unique_stg_loans_loan_id.be67636b63
[0m15:12:24.532634 [debug] [Thread-2 (]: SQL status: SUCCESS 1 in 0.188 seconds
[0m15:12:24.534652 [info ] [Thread-2 (]: 21 of 21 PASS unique_stg_transactions_transaction_id ........................... [[32mPASS[0m in 0.20s]
[0m15:12:24.535147 [debug] [Thread-2 (]: Finished running node test.real_estate_pipeline.unique_stg_transactions_transaction_id.ee9a78a396
[0m15:12:24.536419 [debug] [MainThread]: Connection 'master' was properly closed.
[0m15:12:24.536613 [debug] [MainThread]: Connection 'list_FINANCE_DW_gold' was left open.
[0m15:12:24.536781 [debug] [MainThread]: On list_FINANCE_DW_gold: Close
[0m15:12:24.720805 [debug] [MainThread]: Connection 'list_FINANCE_DW_silver' was left open.
[0m15:12:24.721166 [debug] [MainThread]: On list_FINANCE_DW_silver: Close
[0m15:12:24.882115 [debug] [MainThread]: Connection 'test.real_estate_pipeline.unique_stg_accounts_account_id.cdf6252c79' was left open.
[0m15:12:24.882886 [debug] [MainThread]: On test.real_estate_pipeline.unique_stg_accounts_account_id.cdf6252c79: Close
[0m15:12:25.069770 [debug] [MainThread]: Connection 'test.real_estate_pipeline.unique_stg_customers_customer_id.c7614daada' was left open.
[0m15:12:25.070798 [debug] [MainThread]: On test.real_estate_pipeline.unique_stg_customers_customer_id.c7614daada: Close
[0m15:12:25.253443 [debug] [MainThread]: Connection 'test.real_estate_pipeline.unique_stg_loans_loan_id.be67636b63' was left open.
[0m15:12:25.254223 [debug] [MainThread]: On test.real_estate_pipeline.unique_stg_loans_loan_id.be67636b63: Close
[0m15:12:25.468331 [debug] [MainThread]: Connection 'test.real_estate_pipeline.unique_stg_transactions_transaction_id.ee9a78a396' was left open.
[0m15:12:25.469136 [debug] [MainThread]: On test.real_estate_pipeline.unique_stg_transactions_transaction_id.ee9a78a396: Close
[0m15:12:25.688487 [info ] [MainThread]: 
[0m15:12:25.689771 [info ] [MainThread]: Finished running 21 data tests in 0 hours 0 minutes and 5.20 seconds (5.20s).
[0m15:12:25.693602 [debug] [MainThread]: Command end result
[0m15:12:25.722657 [debug] [MainThread]: Wrote artifact WritableManifest to C:\Users\user\Desktop\Finance-Bank\real_estate_pipeline\dbt_project\target\manifest.json
[0m15:12:25.724975 [debug] [MainThread]: Wrote artifact SemanticManifest to C:\Users\user\Desktop\Finance-Bank\real_estate_pipeline\dbt_project\target\semantic_manifest.json
[0m15:12:25.727232 [debug] [MainThread]: Wrote artifact OsiDocument to C:\Users\user\Desktop\Finance-Bank\real_estate_pipeline\dbt_project\target\osi_document.json
[0m15:12:25.732411 [debug] [MainThread]: Wrote artifact RunExecutionResult to C:\Users\user\Desktop\Finance-Bank\real_estate_pipeline\dbt_project\target\run_results.json
[0m15:12:25.732630 [info ] [MainThread]: 
[0m15:12:25.732992 [info ] [MainThread]: [32mCompleted successfully[0m
[0m15:12:25.733327 [info ] [MainThread]: 
[0m15:12:25.733649 [info ] [MainThread]: Done. PASS=21 WARN=0 ERROR=0 SKIP=0 NO-OP=0 REUSED=0 TOTAL=21
[0m15:12:25.734204 [debug] [MainThread]: Command `python -m dbt.cli.main test` succeeded at 15:12:25.734135 after 6.94 seconds
[0m15:12:25.734436 [debug] [MainThread]: Sending event: {'category': 'dbt', 'action': 'invocation', 'label': 'end', 'context': [<snowplow_tracker.self_describing_json.SelfDescribingJson object at 0x000001ECB2E56B10>, <snowplow_tracker.self_describing_json.SelfDescribingJson object at 0x000001ECB13D8D60>, <snowplow_tracker.self_describing_json.SelfDescribingJson object at 0x000001ECB13D9440>]}
[0m15:12:25.734650 [debug] [MainThread]: Flushing usage events
[0m15:12:26.246623 [debug] [MainThread]: An error was encountered while trying to flush usage events
[0m10:56:36.537298 [debug] [MainThread]: Sending event: {'category': 'dbt', 'action': 'invocation', 'label': 'start', 'context': [<snowplow_tracker.self_describing_json.SelfDescribingJson object at 0x70dc34ea6f80>, <snowplow_tracker.self_describing_json.SelfDescribingJson object at 0x70dc32f7e530>, <snowplow_tracker.self_describing_json.SelfDescribingJson object at 0x70dc32f7e4d0>]}


============================== 10:56:36.543321 | 822881ce-8af7-46c5-917c-99910e06e4bf ==============================
[0m10:56:36.543321 [info ] [MainThread]: Running with dbt=1.12.0
[0m10:56:36.544426 [debug] [MainThread]: running dbt with arguments {'log_format': 'default', 'debug': 'False', 'quiet': 'False', 'cache_selected_only': 'False', 'partial_parse': 'True', 'empty': 'False', 'use_colors': 'True', 'invocation_command': 'dbt run', 'warn_error_options': 'WarnErrorOptionsV2(error=[], warn=[], silence=[])', 'target_path': 'None', 'use_experimental_parser': 'False', 'printer_width': '80', 'warn_error': 'None', 'no_print': 'None', 'send_anonymous_usage_stats': 'True', 'write_json': 'True', 'version_check': 'True', 'introspect': 'True', 'static_parser': 'True', 'indirect_selection': 'eager', 'log_path': '/opt/airflow/dbt_project/logs', 'hints_enabled': 'True', 'maximum_seed_size_mib': '1', 'profiles_dir': '/opt/airflow/dbt_project', 'fail_fast': 'False', 'log_cache_events': 'False'}
[0m10:56:37.757714 [debug] [MainThread]: Snowflake adapter: Setting snowflake.connector to ERROR (file logging only)
[0m10:56:37.758604 [debug] [MainThread]: Snowflake adapter: Setting botocore to ERROR (file logging only)
[0m10:56:37.759224 [debug] [MainThread]: Snowflake adapter: Setting boto3 to ERROR (file logging only)
[0m10:56:37.928110 [debug] [MainThread]: Sending event: {'category': 'dbt', 'action': 'project_id', 'label': '822881ce-8af7-46c5-917c-99910e06e4bf', 'context': [<snowplow_tracker.self_describing_json.SelfDescribingJson object at 0x70dc040a5420>]}
[0m10:56:37.975293 [debug] [MainThread]: Sending event: {'category': 'dbt', 'action': 'adapter_info', 'label': '822881ce-8af7-46c5-917c-99910e06e4bf', 'context': [<snowplow_tracker.self_describing_json.SelfDescribingJson object at 0x70dbfe5e7fa0>]}
[0m10:56:37.976854 [info ] [MainThread]: Registered adapter: snowflake=1.12.0
[0m10:56:38.055329 [debug] [MainThread]: checksum: 17b8c0eed372bdc76158915a5b86153b95ebcdfebef695d6713d3c569800f71e, vars: {}, profile: dbt_project, target: dev, version: 1.12.0
[0m10:56:38.390223 [debug] [MainThread]: Partial parsing enabled: 169 files deleted, 169 files added, 0 files changed.
[0m10:56:38.391251 [debug] [MainThread]: Partial parsing: added file: dbt://macros/utils/split_part.sql
[0m10:56:38.391910 [debug] [MainThread]: Partial parsing: added file: dbt://macros/utils/last_day.sql
[0m10:56:38.392567 [debug] [MainThread]: Partial parsing: added file: dbt_snowflake://macros/relations/dynamic_table/create.sql
[0m10:56:38.393185 [debug] [MainThread]: Partial parsing: added file: dbt_snowflake://macros/relations/dynamic_table/describe.sql
[0m10:56:38.393839 [debug] [MainThread]: Partial parsing: added file: dbt_snowflake://macros/metadata.sql
[0m10:56:38.394920 [debug] [MainThread]: Partial parsing: added file: real_estate_pipeline://models/gold/gold.yml
[0m10:56:38.395705 [debug] [MainThread]: Partial parsing: added file: real_estate_pipeline://models/bronze/sources.yml
[0m10:56:38.396303 [debug] [MainThread]: Partial parsing: added file: dbt_snowflake://macros/relations/view/drop.sql
[0m10:56:38.396858 [debug] [MainThread]: Partial parsing: added file: dbt://macros/adapters/validate_sql.sql
[0m10:56:38.397497 [debug] [MainThread]: Partial parsing: added file: dbt://macros/utils/listagg.sql
[0m10:56:38.398097 [debug] [MainThread]: Partial parsing: added file: real_estate_pipeline://models/silver/stg_accounts.sql
[0m10:56:38.398713 [debug] [MainThread]: Partial parsing: added file: dbt://macros/relations/view/rename.sql
[0m10:56:38.399409 [debug] [MainThread]: Partial parsing: added file: dbt://macros/materializations/functions/function.sql
[0m10:56:38.400039 [debug] [MainThread]: Partial parsing: added file: dbt://macros/relations/materialized_view/create.sql
[0m10:56:38.400711 [debug] [MainThread]: Partial parsing: added file: dbt://macros/utils/datediff.sql
[0m10:56:38.401306 [debug] [MainThread]: Partial parsing: added file: dbt_snowflake://macros/utils/equals.sql
[0m10:56:38.401917 [debug] [MainThread]: Partial parsing: added file: dbt://macros/relations/replace.sql
[0m10:56:38.402486 [debug] [MainThread]: Partial parsing: added file: dbt://macros/adapters/columns.sql
[0m10:56:38.402916 [debug] [MainThread]: Partial parsing: added file: dbt://macros/utils/array_append.sql
[0m10:56:38.403524 [debug] [MainThread]: Partial parsing: added file: dbt://macros/get_custom_name/get_custom_schema.sql
[0m10:56:38.404569 [debug] [MainThread]: Partial parsing: added file: real_estate_pipeline://models/gold/fct_transactions.sql
[0m10:56:38.405198 [debug] [MainThread]: Partial parsing: added file: dbt://macros/materializations/models/materialized_view.sql
[0m10:56:38.405948 [debug] [MainThread]: Partial parsing: added file: dbt://macros/materializations/seeds/helpers.sql
[0m10:56:38.406648 [debug] [MainThread]: Partial parsing: added file: dbt://macros/relations/materialized_view/rename.sql
[0m10:56:38.407310 [debug] [MainThread]: Partial parsing: added file: real_estate_pipeline://models/gold/dim_date.sql
[0m10:56:38.407894 [debug] [MainThread]: Partial parsing: added file: dbt://macros/materializations/hooks.sql
[0m10:56:38.408401 [debug] [MainThread]: Partial parsing: added file: dbt://macros/utils/bool_or.sql
[0m10:56:38.408828 [debug] [MainThread]: Partial parsing: added file: dbt_snowflake://macros/materializations/functions/scalar.sql
[0m10:56:38.409249 [debug] [MainThread]: Partial parsing: added file: dbt://macros/relations/create_intermediate.sql
[0m10:56:38.409680 [debug] [MainThread]: Partial parsing: added file: dbt://macros/generic_test_sql/accepted_values.sql
[0m10:56:38.410087 [debug] [MainThread]: Partial parsing: added file: dbt_snowflake://macros/utils/safe_cast.sql
[0m10:56:38.410680 [debug] [MainThread]: Partial parsing: added file: dbt://macros/utils/length.sql
[0m10:56:38.411296 [debug] [MainThread]: Partial parsing: added file: dbt_snowflake://macros/materializations/seed.sql
[0m10:56:38.411892 [debug] [MainThread]: Partial parsing: added file: dbt://macros/adapters/runtime.sql
[0m10:56:38.412491 [debug] [MainThread]: Partial parsing: added file: dbt://macros/relations/view/create.sql
[0m10:56:38.413118 [debug] [MainThread]: Partial parsing: added file: dbt://macros/utils/any_value.sql
[0m10:56:38.413752 [debug] [MainThread]: Partial parsing: added file: dbt://macros/materializations/functions/helpers.sql
[0m10:56:38.414897 [debug] [MainThread]: Partial parsing: added file: dbt_snowflake://macros/utils/bool_or.sql
[0m10:56:38.415539 [debug] [MainThread]: Partial parsing: added file: dbt://macros/utils/hash.sql
[0m10:56:38.416093 [debug] [MainThread]: Partial parsing: added file: dbt://macros/relations/view/drop.sql
[0m10:56:38.416620 [debug] [MainThread]: Partial parsing: added file: dbt://macros/adapters/timestamps.sql
[0m10:56:38.417199 [debug] [MainThread]: Partial parsing: added file: dbt://macros/relations/create.sql
[0m10:56:38.417711 [debug] [MainThread]: Partial parsing: added file: dbt_snowflake://macros/catalog.sql
[0m10:56:38.418289 [debug] [MainThread]: Partial parsing: added file: dbt://macros/materializations/functions/aggregate.sql
[0m10:56:38.418873 [debug] [MainThread]: Partial parsing: added file: dbt://macros/utils/date_spine.sql
[0m10:56:38.419556 [debug] [MainThread]: Partial parsing: added file: dbt://macros/relations/table/create.sql
[0m10:56:38.420077 [debug] [MainThread]: Partial parsing: added file: dbt://docs/overview.md
[0m10:56:38.420691 [debug] [MainThread]: Partial parsing: added file: dbt://macros/utils/dateadd.sql
[0m10:56:38.421290 [debug] [MainThread]: Partial parsing: added file: dbt://macros/generic_test_sql/not_null.sql
[0m10:56:38.421947 [debug] [MainThread]: Partial parsing: added file: dbt://macros/materializations/models/incremental/on_schema_change.sql
[0m10:56:38.422501 [debug] [MainThread]: Partial parsing: added file: dbt://macros/relations/drop_backup.sql
[0m10:56:38.423076 [debug] [MainThread]: Partial parsing: added file: dbt://macros/materializations/snapshots/snapshot_merge.sql
[0m10:56:38.423662 [debug] [MainThread]: Partial parsing: added file: dbt://macros/utils/data_types.sql
[0m10:56:38.424775 [debug] [MainThread]: Partial parsing: added file: dbt://macros/relations/materialized_view/alter.sql
[0m10:56:38.425488 [debug] [MainThread]: Partial parsing: added file: dbt_snowflake://macros/materializations/table.sql
[0m10:56:38.426148 [debug] [MainThread]: Partial parsing: added file: dbt_snowflake://macros/relations/view/rename.sql
[0m10:56:38.426755 [debug] [MainThread]: Partial parsing: added file: dbt_snowflake://macros/get_custom_name.sql
[0m10:56:38.427386 [debug] [MainThread]: Partial parsing: added file: dbt://macros/materializations/models/table.sql
[0m10:56:38.427936 [debug] [MainThread]: Partial parsing: added file: dbt://macros/get_custom_name/get_custom_database.sql
[0m10:56:38.428517 [debug] [MainThread]: Partial parsing: added file: dbt://macros/utils/cast.sql
[0m10:56:38.429081 [debug] [MainThread]: Partial parsing: added file: dbt_snowflake://macros/relations/create.sql
[0m10:56:38.429661 [debug] [MainThread]: Partial parsing: added file: dbt://macros/utils/array_concat.sql
[0m10:56:38.430255 [debug] [MainThread]: Partial parsing: added file: dbt_snowflake://macros/utils/escape_single_quotes.sql
[0m10:56:38.430852 [debug] [MainThread]: Partial parsing: added file: dbt://macros/relations/materialized_view/drop.sql
[0m10:56:38.431443 [debug] [MainThread]: Partial parsing: added file: dbt://macros/etc/statement.sql
[0m10:56:38.431994 [debug] [MainThread]: Partial parsing: added file: dbt_snowflake://macros/relations/dynamic_table/drop.sql
[0m10:56:38.432557 [debug] [MainThread]: Partial parsing: added file: dbt://macros/materializations/models/incremental/merge.sql
[0m10:56:38.433220 [debug] [MainThread]: Partial parsing: added file: dbt_snowflake://macros/relations/create_backup.sql
[0m10:56:38.433802 [debug] [MainThread]: Partial parsing: added file: dbt://macros/utils/generate_series.sql
[0m10:56:38.435167 [debug] [MainThread]: Partial parsing: added file: dbt://macros/materializations/models/clone/can_clone_table.sql
[0m10:56:38.436539 [debug] [MainThread]: Partial parsing: added file: real_estate_pipeline://models/silver/stg_transactions.sql
[0m10:56:38.437579 [debug] [MainThread]: Partial parsing: added file: dbt_snowflake://macros/utils/array_construct.sql
[0m10:56:38.438462 [debug] [MainThread]: Partial parsing: added file: dbt://macros/materializations/configs.sql
[0m10:56:38.439232 [debug] [MainThread]: Partial parsing: added file: dbt://macros/unit_test_sql/get_fixture_sql.sql
[0m10:56:38.440181 [debug] [MainThread]: Partial parsing: added file: real_estate_pipeline://models/silver/silver.yml
[0m10:56:38.440946 [debug] [MainThread]: Partial parsing: added file: dbt://macros/utils/position.sql
[0m10:56:38.441665 [debug] [MainThread]: Partial parsing: added file: real_estate_pipeline://models/gold/fct_loans.sql
[0m10:56:38.442387 [debug] [MainThread]: Partial parsing: added file: dbt_snowflake://macros/relations/dynamic_table/alter.sql
[0m10:56:38.443077 [debug] [MainThread]: Partial parsing: added file: dbt://macros/materializations/models/incremental/is_incremental.sql
[0m10:56:38.444022 [debug] [MainThread]: Partial parsing: added file: dbt://macros/relations/table/drop.sql
[0m10:56:38.445347 [debug] [MainThread]: Partial parsing: added file: dbt_snowflake://macros/relations/table/replace.sql
[0m10:56:38.446470 [debug] [MainThread]: Partial parsing: added file: dbt_snowflake://macros/utils/optional.sql
[0m10:56:38.448275 [debug] [MainThread]: Partial parsing: added file: dbt_snowflake://macros/relations/rename_intermediate.sql
[0m10:56:38.449999 [debug] [MainThread]: Partial parsing: added file: dbt://macros/materializations/models/incremental/strategies.sql
[0m10:56:38.451977 [debug] [MainThread]: Partial parsing: added file: dbt_snowflake://macros/apply_grants.sql
[0m10:56:38.453880 [debug] [MainThread]: Partial parsing: added file: dbt://macros/adapters/show.sql
[0m10:56:38.455126 [debug] [MainThread]: Partial parsing: added file: dbt://macros/relations/rename_intermediate.sql
[0m10:56:38.455961 [debug] [MainThread]: Partial parsing: added file: dbt_snowflake://macros/relations/rename.sql
[0m10:56:38.457553 [debug] [MainThread]: Partial parsing: added file: dbt_snowflake://macros/materializations/dynamic_table.sql
[0m10:56:38.458571 [debug] [MainThread]: Partial parsing: added file: dbt://macros/utils/concat.sql
[0m10:56:38.459407 [debug] [MainThread]: Partial parsing: added file: dbt://macros/relations/table/rename.sql
[0m10:56:38.460072 [debug] [MainThread]: Partial parsing: added file: dbt://macros/adapters/apply_grants.sql
[0m10:56:38.460595 [debug] [MainThread]: Partial parsing: added file: dbt://macros/relations/column/columns_spec_ddl.sql
[0m10:56:38.461221 [debug] [MainThread]: Partial parsing: added file: dbt://macros/materializations/tests/where_subquery.sql
[0m10:56:38.462002 [debug] [MainThread]: Partial parsing: added file: dbt_snowflake://macros/materializations/models/incremental/snowflake_column_helpers.sql
[0m10:56:38.462609 [debug] [MainThread]: Partial parsing: added file: dbt://macros/materializations/functions/scalar.sql
[0m10:56:38.463321 [debug] [MainThread]: Partial parsing: added file: dbt://macros/relations/materialized_view/replace.sql
[0m10:56:38.463937 [debug] [MainThread]: Partial parsing: added file: dbt://tests/generic/builtin.sql
[0m10:56:38.464851 [debug] [MainThread]: Partial parsing: added file: dbt://macros/utils/replace.sql
[0m10:56:38.465763 [debug] [MainThread]: Partial parsing: added file: real_estate_pipeline://models/silver/stg_loans.sql
[0m10:56:38.466633 [debug] [MainThread]: Partial parsing: added file: dbt://macros/adapters/indexes.sql
[0m10:56:38.467670 [debug] [MainThread]: Partial parsing: added file: dbt://macros/materializations/tests/test.sql
[0m10:56:38.468412 [debug] [MainThread]: Partial parsing: added file: dbt_snowflake://macros/materializations/test.sql
[0m10:56:38.470284 [debug] [MainThread]: Partial parsing: added file: dbt://macros/materializations/models/clone/clone.sql
[0m10:56:38.471852 [debug] [MainThread]: Partial parsing: added file: real_estate_pipeline://models/gold/dim_customers.sql
[0m10:56:38.474065 [debug] [MainThread]: Partial parsing: added file: dbt_snowflake://macros/materializations/incremental/insert_overwrite.sql
[0m10:56:38.475328 [debug] [MainThread]: Partial parsing: added file: dbt://macros/relations/drop.sql
[0m10:56:38.476556 [debug] [MainThread]: Partial parsing: added file: real_estate_pipeline://macros/generate_schema_name.sql
[0m10:56:38.477586 [debug] [MainThread]: Partial parsing: added file: dbt://macros/get_custom_name/get_custom_alias.sql
[0m10:56:38.479091 [debug] [MainThread]: Partial parsing: added file: dbt://macros/utils/date_trunc.sql
[0m10:56:38.479919 [debug] [MainThread]: Partial parsing: added file: dbt://macros/utils/date.sql
[0m10:56:38.480634 [debug] [MainThread]: Partial parsing: added file: dbt://macros/materializations/seeds/seed.sql
[0m10:56:38.481376 [debug] [MainThread]: Partial parsing: added file: dbt://macros/materializations/tests/unit.sql
[0m10:56:38.482049 [debug] [MainThread]: Partial parsing: added file: dbt_snowflake://macros/materializations/clone.sql
[0m10:56:38.482704 [debug] [MainThread]: Partial parsing: added file: dbt://macros/utils/right.sql
[0m10:56:38.483403 [debug] [MainThread]: Partial parsing: added file: dbt_snowflake://macros/relations/table/rename.sql
[0m10:56:38.484143 [debug] [MainThread]: Partial parsing: added file: dbt://macros/materializations/models/clone/create_or_replace_clone.sql
[0m10:56:38.484839 [debug] [MainThread]: Partial parsing: added file: dbt_snowflake://macros/relations/table/create.sql
[0m10:56:38.485572 [debug] [MainThread]: Partial parsing: added file: dbt_snowflake://macros/relations/dynamic_table/rename.sql
[0m10:56:38.486369 [debug] [MainThread]: Partial parsing: added file: dbt://macros/utils/intersect.sql
[0m10:56:38.487058 [debug] [MainThread]: Partial parsing: added file: dbt_snowflake://macros/relations/view/create.sql
[0m10:56:38.487756 [debug] [MainThread]: Partial parsing: added file: dbt://macros/python_model/python.sql
[0m10:56:38.488363 [debug] [MainThread]: Partial parsing: added file: dbt_snowflake://macros/relations/replace.sql
[0m10:56:38.488927 [debug] [MainThread]: Partial parsing: added file: dbt://macros/adapters/persist_docs.sql
[0m10:56:38.489471 [debug] [MainThread]: Partial parsing: added file: dbt://macros/relations/table/replace.sql
[0m10:56:38.490078 [debug] [MainThread]: Partial parsing: added file: dbt://macros/get_custom_name/get_latest_version_pointer_alias.sql
[0m10:56:38.490668 [debug] [MainThread]: Partial parsing: added file: dbt://macros/utils/cast_bool_to_text.sql
[0m10:56:38.491285 [debug] [MainThread]: Partial parsing: added file: dbt://macros/materializations/tests/helpers.sql
[0m10:56:38.491856 [debug] [MainThread]: Partial parsing: added file: dbt://macros/materializations/models/incremental/incremental.sql
[0m10:56:38.492433 [debug] [MainThread]: Partial parsing: added file: dbt_snowflake://macros/adapters.sql
[0m10:56:38.492983 [debug] [MainThread]: Partial parsing: added file: dbt_snowflake://macros/relations/dynamic_table/refresh.sql
[0m10:56:38.493572 [debug] [MainThread]: Partial parsing: added file: dbt://macros/utils/array_construct.sql
[0m10:56:38.494381 [debug] [MainThread]: Partial parsing: added file: dbt_snowflake://macros/metadata/list_relations_without_caching.sql
[0m10:56:38.495998 [debug] [MainThread]: Partial parsing: added file: dbt://macros/materializations/snapshots/snapshot.sql
[0m10:56:38.497591 [debug] [MainThread]: Partial parsing: added file: dbt://macros/materializations/models/view.sql
[0m10:56:38.498889 [debug] [MainThread]: Partial parsing: added file: dbt://macros/relations/create_backup.sql
[0m10:56:38.500127 [debug] [MainThread]: Partial parsing: added file: dbt://macros/utils/literal.sql
[0m10:56:38.501200 [debug] [MainThread]: Partial parsing: added file: dbt://macros/relations/rename.sql
[0m10:56:38.502143 [debug] [MainThread]: Partial parsing: added file: dbt://macros/materializations/snapshots/helpers.sql
[0m10:56:38.502816 [debug] [MainThread]: Partial parsing: added file: dbt_snowflake://macros/relations/dynamic_table/replace.sql
[0m10:56:38.503706 [debug] [MainThread]: Partial parsing: added file: dbt_snowflake://macros/utils/timestamps.sql
[0m10:56:38.504739 [debug] [MainThread]: Partial parsing: added file: dbt://macros/adapters/relation.sql
[0m10:56:38.505832 [debug] [MainThread]: Partial parsing: added file: real_estate_pipeline://models/gold/dim_accounts.sql
[0m10:56:38.507064 [debug] [MainThread]: Partial parsing: added file: dbt_snowflake://macros/relations/drop.sql
[0m10:56:38.508011 [debug] [MainThread]: Partial parsing: added file: dbt://macros/relations/schema.sql
[0m10:56:38.509490 [debug] [MainThread]: Partial parsing: added file: dbt://macros/materializations/snapshots/strategies.sql
[0m10:56:38.510433 [debug] [MainThread]: Partial parsing: added file: dbt://macros/materializations/models/incremental/column_helpers.sql
[0m10:56:38.511967 [debug] [MainThread]: Partial parsing: added file: dbt_snowflake://macros/materializations/incremental.sql
[0m10:56:38.512870 [debug] [MainThread]: Partial parsing: added file: dbt_snowflake://macros/relations/table/drop.sql
[0m10:56:38.514182 [debug] [MainThread]: Partial parsing: added file: dbt://macros/utils/equals.sql
[0m10:56:38.515214 [debug] [MainThread]: Partial parsing: added file: dbt://macros/generic_test_sql/unique.sql
[0m10:56:38.516372 [debug] [MainThread]: Partial parsing: added file: dbt_snowflake://macros/materializations/view.sql
[0m10:56:38.517310 [debug] [MainThread]: Partial parsing: added file: dbt_snowflake://macros/materializations/snapshot.sql
[0m10:56:38.518315 [debug] [MainThread]: Partial parsing: added file: dbt_snowflake://macros/materializations/functions/aggregate.sql
[0m10:56:38.519399 [debug] [MainThread]: Partial parsing: added file: dbt://macros/relations/materialized_view/refresh.sql
[0m10:56:38.520554 [debug] [MainThread]: Partial parsing: added file: dbt://macros/utils/escape_single_quotes.sql
[0m10:56:38.521473 [debug] [MainThread]: Partial parsing: added file: dbt_snowflake://macros/materializations/incremental/merge.sql
[0m10:56:38.522842 [debug] [MainThread]: Partial parsing: added file: dbt_snowflake://macros/relations/view/replace.sql
[0m10:56:38.523773 [debug] [MainThread]: Partial parsing: added file: dbt_snowflake://macros/utils/right.sql
[0m10:56:38.525180 [debug] [MainThread]: Partial parsing: added file: dbt://macros/utils/safe_cast.sql
[0m10:56:38.526504 [debug] [MainThread]: Partial parsing: added file: dbt_snowflake://macros/utils/cast.sql
[0m10:56:38.527712 [debug] [MainThread]: Partial parsing: added file: dbt://macros/adapters/schema.sql
[0m10:56:38.529000 [debug] [MainThread]: Partial parsing: added file: real_estate_pipeline://models/silver/stg_customers.sql
[0m10:56:38.529843 [debug] [MainThread]: Partial parsing: added file: dbt://macros/etc/datetime.sql
[0m10:56:38.530952 [debug] [MainThread]: Partial parsing: added file: dbt://macros/relations/view/replace.sql
[0m10:56:38.531801 [debug] [MainThread]: Partial parsing: added file: dbt://macros/adapters/freshness.sql
[0m10:56:38.532707 [debug] [MainThread]: Partial parsing: added file: dbt://macros/adapters/metadata.sql
[0m10:56:38.533582 [debug] [MainThread]: Partial parsing: added file: dbt://macros/utils/except.sql
[0m10:56:38.534575 [debug] [MainThread]: Partial parsing: added file: dbt://macros/generic_test_sql/relationships.sql
[0m10:56:38.535682 [info ] [MainThread]: Unable to do partial parsing because an error occurred. Switching to full reparse.
[0m10:56:38.537137 [debug] [MainThread]: Partial parsing exception processing file real_estate_pipeline://models\gold\gold.yml
[0m10:56:38.538026 [debug] [MainThread]: PP exception info: {'location': 'line 328 in update_in_saved', 'traceback': 'Traceback (most recent call last):\n  File "/home/airflow/.local/lib/python3.10/site-packages/dbt/parser/manifest.py", line 625, in safe_update_project_parser_files_partially\n    project_parser_files = self.partial_parser.get_parsing_files()\n  File "/home/airflow/.local/lib/python3.10/site-packages/dbt/parser/partial.py", line 199, in get_parsing_files\n    self.delete_schema_file(file_id)\n  File "/home/airflow/.local/lib/python3.10/site-packages/dbt/parser/partial.py", line 787, in delete_schema_file\n    self.handle_schema_file_changes(saved_schema_file, saved_yaml_dict, new_yaml_dict)\n  File "/home/airflow/.local/lib/python3.10/site-packages/dbt/parser/partial.py", line 813, in handle_schema_file_changes\n    self.delete_schema_mssa_links(schema_file, dict_key, elem)\n  File "/home/airflow/.local/lib/python3.10/site-packages/dbt/parser/partial.py", line 981, in delete_schema_mssa_links\n    self._delete_schema_mssa_links(schema_file, dict_key, elem, elem_unique_ids)\n  File "/home/airflow/.local/lib/python3.10/site-packages/dbt/parser/partial.py", line 1034, in _delete_schema_mssa_links\n    self.remove_tests(schema_file, dict_key, elem["name"])\n  File "/home/airflow/.local/lib/python3.10/site-packages/dbt/parser/partial.py", line 1066, in remove_tests\n    self.update_in_saved(attached_node.file_id)\n  File "/home/airflow/.local/lib/python3.10/site-packages/dbt/parser/partial.py", line 328, in update_in_saved\n    new_source_file = deepcopy(self.new_files[file_id])\nKeyError: \'real_estate_pipeline://models\\\\gold\\\\fct_transactions.sql\'\n', 'exception': "KeyError: 'real_estate_pipeline://models\\\\gold\\\\fct_transactions.sql'", 'parse_file_type': 'schema', 'code': 'new_source_file = deepcopy(self.new_files[file_id])'}
[0m10:56:38.538917 [debug] [MainThread]: Sending event: {'category': 'dbt', 'action': 'partial_parser', 'label': '822881ce-8af7-46c5-917c-99910e06e4bf', 'context': [<snowplow_tracker.self_describing_json.SelfDescribingJson object at 0x70dc330383d0>]}
[0m10:56:39.743487 [debug] [MainThread]: Sending event: {'category': 'dbt', 'action': 'load_project', 'label': '822881ce-8af7-46c5-917c-99910e06e4bf', 'context': [<snowplow_tracker.self_describing_json.SelfDescribingJson object at 0x70dbfd0698a0>]}
[0m10:56:39.865049 [debug] [MainThread]: Wrote artifact WritableManifest to /opt/airflow/dbt_project/target/manifest.json
[0m10:56:39.881176 [debug] [MainThread]: Wrote artifact SemanticManifest to /opt/airflow/dbt_project/target/semantic_manifest.json
[0m10:56:39.901508 [debug] [MainThread]: Wrote artifact OsiDocument to /opt/airflow/dbt_project/target/osi_document.json
[0m10:56:39.938745 [debug] [MainThread]: Sending event: {'category': 'dbt', 'action': 'resource_counts', 'label': '822881ce-8af7-46c5-917c-99910e06e4bf', 'context': [<snowplow_tracker.self_describing_json.SelfDescribingJson object at 0x70dc32eeb970>]}
[0m10:56:39.939633 [info ] [MainThread]: Found 9 models, 21 data tests, 4 sources, 546 macros
[0m10:56:39.940294 [debug] [MainThread]: Sending event: {'category': 'dbt', 'action': 'runnable_timing', 'label': '822881ce-8af7-46c5-917c-99910e06e4bf', 'context': [<snowplow_tracker.self_describing_json.SelfDescribingJson object at 0x70dc32f0c610>]}
[0m10:56:39.942275 [info ] [MainThread]: 
[0m10:56:39.943025 [info ] [MainThread]: Concurrency: 4 threads (target='dev')
[0m10:56:39.943721 [info ] [MainThread]: 
[0m10:56:39.945298 [debug] [MainThread]: Acquiring new snowflake connection 'master'
[0m10:56:39.961199 [debug] [ThreadPool]: Acquiring new snowflake connection 'list_FINANCE_DW'
[0m10:56:39.962465 [debug] [ThreadPool]: Acquiring new snowflake connection 'list_FINANCE_DW'
[0m10:56:39.972117 [debug] [ThreadPool]: Using snowflake connection "list_FINANCE_DW"
[0m10:56:39.973280 [debug] [ThreadPool]: Using snowflake connection "list_FINANCE_DW"
[0m10:56:39.974048 [debug] [ThreadPool]: On list_FINANCE_DW: show terse schemas in database FINANCE_DW
    limit 10000
/* {"app": "dbt", "dbt_version": "1.12.0", "profile_name": "dbt_project", "target_name": "dev", "connection_name": "list_FINANCE_DW"} */
[0m10:56:39.975079 [debug] [ThreadPool]: On list_FINANCE_DW: show terse schemas in database FINANCE_DW
    limit 10000
/* {"app": "dbt", "dbt_version": "1.12.0", "profile_name": "dbt_project", "target_name": "dev", "connection_name": "list_FINANCE_DW"} */
[0m10:56:39.975995 [debug] [ThreadPool]: Opening a new connection, currently in state init
[0m10:56:39.976605 [debug] [ThreadPool]: Opening a new connection, currently in state init
[0m10:56:43.000630 [debug] [ThreadPool]: Snowflake adapter: Error running SQL: show terse schemas in database FINANCE_DW
    limit 10000
/* {"app": "dbt", "dbt_version": "1.12.0", "profile_name": "dbt_project", "target_name": "dev", "connection_name": "list_FINANCE_DW"} */
[0m10:56:43.003270 [debug] [ThreadPool]: Snowflake adapter: Rolling back transaction.
[0m10:56:43.005457 [debug] [ThreadPool]: Snowflake adapter: Error running SQL: macro list_schemas
[0m10:56:43.006829 [debug] [ThreadPool]: Snowflake adapter: Rolling back transaction.
[0m10:56:43.279419 [debug] [ThreadPool]: Snowflake adapter: Error running SQL: show terse schemas in database FINANCE_DW
    limit 10000
/* {"app": "dbt", "dbt_version": "1.12.0", "profile_name": "dbt_project", "target_name": "dev", "connection_name": "list_FINANCE_DW"} */
[0m10:56:43.281923 [debug] [ThreadPool]: Snowflake adapter: Rolling back transaction.
[0m10:56:43.283814 [debug] [ThreadPool]: Snowflake adapter: Error running SQL: macro list_schemas
[0m10:56:43.285040 [debug] [ThreadPool]: Snowflake adapter: Rolling back transaction.
[0m10:56:43.286628 [debug] [MainThread]: Connection 'master' was properly closed.
[0m10:56:43.287448 [debug] [MainThread]: Connection 'list_FINANCE_DW' was left open.
[0m10:56:43.288206 [debug] [MainThread]: On list_FINANCE_DW: No close available on handle
[0m10:56:43.288876 [debug] [MainThread]: Connection 'list_FINANCE_DW' was left open.
[0m10:56:43.289535 [debug] [MainThread]: On list_FINANCE_DW: No close available on handle
[0m10:56:43.290094 [info ] [MainThread]: 
[0m10:56:43.291136 [info ] [MainThread]: Finished running  in 0 hours 0 minutes and 3.34 seconds (3.34s).
[0m10:56:43.291892 [error] [MainThread]: [[31mERROR[0m]: Encountered an error:
Runtime Error
  Database error while listing schemas in database "FINANCE_DW"
  Database Error
    250001 (08001): Failed to connect to DB: TEEDGDV-DE77206.snowflakecomputing.com:443. Incorrect username or password was specified.
[0m10:56:43.293055 [debug] [MainThread]: Resource report: {"command_name": "run", "command_success": false, "command_wall_clock_time": 6.864585, "process_in_blocks": "3880", "process_kernel_time": 1.462521, "process_mem_max_rss": "241520", "process_out_blocks": "35040", "process_user_time": 5.733243}
[0m10:56:43.294128 [debug] [MainThread]: Command `dbt run` failed at 10:56:43.293994 after 6.87 seconds
[0m10:56:43.294914 [debug] [MainThread]: Sending event: {'category': 'dbt', 'action': 'invocation', 'label': 'end', 'context': [<snowplow_tracker.self_describing_json.SelfDescribingJson object at 0x70dc34ea6f80>, <snowplow_tracker.self_describing_json.SelfDescribingJson object at 0x70dc35bfb6d0>, <snowplow_tracker.self_describing_json.SelfDescribingJson object at 0x70dbfc0b60b0>]}
[0m10:56:43.295659 [debug] [MainThread]: Flushing usage events
[0m10:56:43.819298 [debug] [MainThread]: An error was encountered while trying to flush usage events
[0m11:01:46.645458 [debug] [MainThread]: Sending event: {'category': 'dbt', 'action': 'invocation', 'label': 'start', 'context': [<snowplow_tracker.self_describing_json.SelfDescribingJson object at 0x70807e441fc0>, <snowplow_tracker.self_describing_json.SelfDescribingJson object at 0x70807ccd25c0>, <snowplow_tracker.self_describing_json.SelfDescribingJson object at 0x70807ccd2560>]}


============================== 11:01:46.650542 | c3287fc4-b8b5-4d25-ba77-0d48e1c81d56 ==============================
[0m11:01:46.650542 [info ] [MainThread]: Running with dbt=1.12.0
[0m11:01:46.651361 [debug] [MainThread]: running dbt with arguments {'log_cache_events': 'False', 'introspect': 'True', 'partial_parse': 'True', 'hints_enabled': 'True', 'write_json': 'True', 'version_check': 'True', 'log_path': '/opt/airflow/dbt_project/logs', 'static_parser': 'True', 'printer_width': '80', 'no_print': 'None', 'warn_error_options': 'WarnErrorOptionsV2(error=[], warn=[], silence=[])', 'warn_error': 'None', 'maximum_seed_size_mib': '1', 'send_anonymous_usage_stats': 'True', 'use_experimental_parser': 'False', 'empty': 'False', 'fail_fast': 'False', 'target_path': 'None', 'invocation_command': 'dbt run', 'profiles_dir': '/opt/airflow/dbt_project', 'indirect_selection': 'eager', 'debug': 'False', 'quiet': 'False', 'log_format': 'default', 'use_colors': 'True', 'cache_selected_only': 'False'}
[0m11:01:47.213396 [debug] [MainThread]: Snowflake adapter: Setting snowflake.connector to ERROR (file logging only)
[0m11:01:47.214712 [debug] [MainThread]: Snowflake adapter: Setting botocore to ERROR (file logging only)
[0m11:01:47.216053 [debug] [MainThread]: Snowflake adapter: Setting boto3 to ERROR (file logging only)
[0m11:01:47.385719 [debug] [MainThread]: Sending event: {'category': 'dbt', 'action': 'project_id', 'label': 'c3287fc4-b8b5-4d25-ba77-0d48e1c81d56', 'context': [<snowplow_tracker.self_describing_json.SelfDescribingJson object at 0x70807caf3ee0>]}
[0m11:01:47.431746 [debug] [MainThread]: Sending event: {'category': 'dbt', 'action': 'adapter_info', 'label': 'c3287fc4-b8b5-4d25-ba77-0d48e1c81d56', 'context': [<snowplow_tracker.self_describing_json.SelfDescribingJson object at 0x70807cd5fac0>]}
[0m11:01:47.433070 [info ] [MainThread]: Registered adapter: snowflake=1.12.0
[0m11:01:47.508985 [debug] [MainThread]: checksum: 17b8c0eed372bdc76158915a5b86153b95ebcdfebef695d6713d3c569800f71e, vars: {}, profile: dbt_project, target: dev, version: 1.12.0
[0m11:01:47.733890 [debug] [MainThread]: Partial parsing enabled: 0 files deleted, 0 files added, 0 files changed.
[0m11:01:47.734675 [debug] [MainThread]: Nothing changed, skipping partial parsing.
[0m11:01:47.735295 [debug] [MainThread]: Partial parsing enabled, no changes found, skipping parsing
[0m11:01:47.742572 [debug] [MainThread]: Sending event: {'category': 'dbt', 'action': 'load_project', 'label': 'c3287fc4-b8b5-4d25-ba77-0d48e1c81d56', 'context': [<snowplow_tracker.self_describing_json.SelfDescribingJson object at 0x708046ea20e0>]}
[0m11:01:47.873934 [debug] [MainThread]: Wrote artifact WritableManifest to /opt/airflow/dbt_project/target/manifest.json
[0m11:01:47.877669 [debug] [MainThread]: Wrote artifact SemanticManifest to /opt/airflow/dbt_project/target/semantic_manifest.json
[0m11:01:47.894525 [debug] [MainThread]: Wrote artifact OsiDocument to /opt/airflow/dbt_project/target/osi_document.json
[0m11:01:47.925872 [debug] [MainThread]: Sending event: {'category': 'dbt', 'action': 'resource_counts', 'label': 'c3287fc4-b8b5-4d25-ba77-0d48e1c81d56', 'context': [<snowplow_tracker.self_describing_json.SelfDescribingJson object at 0x708046b7c520>]}
[0m11:01:47.928215 [info ] [MainThread]: Found 9 models, 21 data tests, 4 sources, 546 macros
[0m11:01:47.929738 [debug] [MainThread]: Sending event: {'category': 'dbt', 'action': 'runnable_timing', 'label': 'c3287fc4-b8b5-4d25-ba77-0d48e1c81d56', 'context': [<snowplow_tracker.self_describing_json.SelfDescribingJson object at 0x708046b7c0a0>]}
[0m11:01:47.932759 [info ] [MainThread]: 
[0m11:01:47.934226 [info ] [MainThread]: Concurrency: 4 threads (target='dev')
[0m11:01:47.936040 [info ] [MainThread]: 
[0m11:01:47.937457 [debug] [MainThread]: Acquiring new snowflake connection 'master'
[0m11:01:47.942687 [debug] [ThreadPool]: Acquiring new snowflake connection 'list_FINANCE_DW'
[0m11:01:47.943452 [debug] [ThreadPool]: Acquiring new snowflake connection 'list_FINANCE_DW'
[0m11:01:47.955187 [debug] [ThreadPool]: Using snowflake connection "list_FINANCE_DW"
[0m11:01:47.956697 [debug] [ThreadPool]: Using snowflake connection "list_FINANCE_DW"
[0m11:01:47.957748 [debug] [ThreadPool]: On list_FINANCE_DW: show terse schemas in database FINANCE_DW
    limit 10000
/* {"app": "dbt", "dbt_version": "1.12.0", "profile_name": "dbt_project", "target_name": "dev", "connection_name": "list_FINANCE_DW"} */
[0m11:01:47.958557 [debug] [ThreadPool]: On list_FINANCE_DW: show terse schemas in database FINANCE_DW
    limit 10000
/* {"app": "dbt", "dbt_version": "1.12.0", "profile_name": "dbt_project", "target_name": "dev", "connection_name": "list_FINANCE_DW"} */
[0m11:01:47.959399 [debug] [ThreadPool]: Opening a new connection, currently in state init
[0m11:01:47.960225 [debug] [ThreadPool]: Opening a new connection, currently in state init
[0m11:01:49.703695 [debug] [ThreadPool]: Snowflake adapter: Error running SQL: show terse schemas in database FINANCE_DW
    limit 10000
/* {"app": "dbt", "dbt_version": "1.12.0", "profile_name": "dbt_project", "target_name": "dev", "connection_name": "list_FINANCE_DW"} */
[0m11:01:49.705984 [debug] [ThreadPool]: Snowflake adapter: Rolling back transaction.
[0m11:01:49.707577 [debug] [ThreadPool]: Snowflake adapter: Error running SQL: macro list_schemas
[0m11:01:49.708843 [debug] [ThreadPool]: Snowflake adapter: Rolling back transaction.
[0m11:01:50.739994 [debug] [ThreadPool]: Snowflake adapter: Error running SQL: show terse schemas in database FINANCE_DW
    limit 10000
/* {"app": "dbt", "dbt_version": "1.12.0", "profile_name": "dbt_project", "target_name": "dev", "connection_name": "list_FINANCE_DW"} */
[0m11:01:50.742808 [debug] [ThreadPool]: Snowflake adapter: Rolling back transaction.
[0m11:01:50.744674 [debug] [ThreadPool]: Snowflake adapter: Error running SQL: macro list_schemas
[0m11:01:50.745981 [debug] [ThreadPool]: Snowflake adapter: Rolling back transaction.
[0m11:01:50.747605 [debug] [MainThread]: Connection 'master' was properly closed.
[0m11:01:50.748511 [debug] [MainThread]: Connection 'list_FINANCE_DW' was left open.
[0m11:01:50.749409 [debug] [MainThread]: On list_FINANCE_DW: No close available on handle
[0m11:01:50.750129 [debug] [MainThread]: Connection 'list_FINANCE_DW' was left open.
[0m11:01:50.750763 [debug] [MainThread]: On list_FINANCE_DW: No close available on handle
[0m11:01:50.751391 [info ] [MainThread]: 
[0m11:01:50.752081 [info ] [MainThread]: Finished running  in 0 hours 0 minutes and 2.81 seconds (2.81s).
[0m11:01:50.752855 [error] [MainThread]: [[31mERROR[0m]: Encountered an error:
Runtime Error
  Database error while listing schemas in database "FINANCE_DW"
  Database Error
    250001 (08001): Failed to connect to DB: TEEDGDV-DE77206.snowflakecomputing.com:443. Incorrect username or password was specified.
[0m11:01:50.754146 [debug] [MainThread]: Resource report: {"command_name": "run", "command_success": false, "command_wall_clock_time": 4.175164, "process_in_blocks": "0", "process_kernel_time": 1.322561, "process_mem_max_rss": "219428", "process_out_blocks": "16", "process_user_time": 2.645122}
[0m11:01:50.754918 [debug] [MainThread]: Command `dbt run` failed at 11:01:50.754837 after 4.18 seconds
[0m11:01:50.755524 [debug] [MainThread]: Sending event: {'category': 'dbt', 'action': 'invocation', 'label': 'end', 'context': [<snowplow_tracker.self_describing_json.SelfDescribingJson object at 0x70807e441fc0>, <snowplow_tracker.self_describing_json.SelfDescribingJson object at 0x70804724a320>, <snowplow_tracker.self_describing_json.SelfDescribingJson object at 0x708046cf3fa0>]}
[0m11:01:50.756170 [debug] [MainThread]: Flushing usage events
[0m11:01:51.480110 [debug] [MainThread]: An error was encountered while trying to flush usage events
[0m11:11:31.544890 [debug] [MainThread]: Sending event: {'category': 'dbt', 'action': 'invocation', 'label': 'start', 'context': [<snowplow_tracker.self_describing_json.SelfDescribingJson object at 0x763bfccb2380>, <snowplow_tracker.self_describing_json.SelfDescribingJson object at 0x763bfb51d090>, <snowplow_tracker.self_describing_json.SelfDescribingJson object at 0x763bfb51d030>]}


============================== 11:11:31.549472 | 2fe7d9cf-ab5b-4272-ba49-daf1d34b139e ==============================
[0m11:11:31.549472 [info ] [MainThread]: Running with dbt=1.12.0
[0m11:11:31.550311 [debug] [MainThread]: running dbt with arguments {'partial_parse': 'True', 'invocation_command': 'dbt debug', 'version_check': 'True', 'no_print': 'None', 'use_colors': 'True', 'quiet': 'False', 'log_cache_events': 'False', 'fail_fast': 'False', 'log_format': 'default', 'printer_width': '80', 'warn_error': 'None', 'profiles_dir': '/opt/airflow/dbt_project', 'send_anonymous_usage_stats': 'True', 'empty': 'None', 'cache_selected_only': 'False', 'indirect_selection': 'eager', 'hints_enabled': 'True', 'maximum_seed_size_mib': '1', 'log_path': '/opt/airflow/dbt_project/logs', 'static_parser': 'True', 'use_experimental_parser': 'False', 'target_path': 'None', 'warn_error_options': 'WarnErrorOptionsV2(error=[], warn=[], silence=[])', 'debug': 'False', 'write_json': 'True', 'introspect': 'True'}
[0m11:11:31.563254 [info ] [MainThread]: dbt version: 1.12.0
[0m11:11:31.564721 [info ] [MainThread]: python version: 3.10.13
[0m11:11:31.566046 [info ] [MainThread]: python path: /usr/local/bin/python
[0m11:11:31.567457 [info ] [MainThread]: os info: Linux-6.6.87.2-microsoft-standard-WSL2-x86_64-with-glibc2.31
[0m11:11:32.246160 [debug] [MainThread]: Snowflake adapter: Setting snowflake.connector to ERROR (file logging only)
[0m11:11:32.247999 [debug] [MainThread]: Snowflake adapter: Setting botocore to ERROR (file logging only)
[0m11:11:32.259191 [debug] [MainThread]: Snowflake adapter: Setting boto3 to ERROR (file logging only)
[0m11:11:32.323712 [info ] [MainThread]: Using profiles dir at /opt/airflow/dbt_project
[0m11:11:32.324774 [info ] [MainThread]: Using profiles.yml file at /opt/airflow/dbt_project/profiles.yml
[0m11:11:32.325791 [info ] [MainThread]: Using dbt_project.yml file at /opt/airflow/dbt_project/dbt_project.yml
[0m11:11:32.327601 [info ] [MainThread]: adapter type: snowflake
[0m11:11:32.328533 [info ] [MainThread]: adapter version: 1.12.0
[0m11:11:32.409808 [info ] [MainThread]: Configuration:
[0m11:11:32.411403 [info ] [MainThread]:   profiles.yml file [[32mOK found and valid[0m]
[0m11:11:32.412286 [info ] [MainThread]:   dbt_project.yml file [[32mOK found and valid[0m]
[0m11:11:32.413015 [info ] [MainThread]: Required dependencies:
[0m11:11:32.413648 [debug] [MainThread]: Executing "git --help"
[0m11:11:32.415008 [info ] [MainThread]:  - git [[31mERROR[0m]

[0m11:11:32.415635 [info ] [MainThread]: Connection:
[0m11:11:32.416477 [info ] [MainThread]:   account: TEEDGDV-DE77206
[0m11:11:32.417494 [info ] [MainThread]:   user: ILHAM
[0m11:11:32.418525 [info ] [MainThread]:   database: FINANCE_DW
[0m11:11:32.419584 [info ] [MainThread]:   warehouse: COMPUTE_WH
[0m11:11:32.420574 [info ] [MainThread]:   role: ACCOUNTADMIN
[0m11:11:32.421597 [info ] [MainThread]:   schema: SILVER
[0m11:11:32.422370 [info ] [MainThread]:   authenticator: None
[0m11:11:32.424188 [info ] [MainThread]:   oauth_client_id: None
[0m11:11:32.425456 [info ] [MainThread]:   query_tag: None
[0m11:11:32.426558 [info ] [MainThread]:   client_session_keep_alive: False
[0m11:11:32.427743 [info ] [MainThread]:   host: None
[0m11:11:32.428837 [info ] [MainThread]:   port: None
[0m11:11:32.429930 [info ] [MainThread]:   proxy_host: None
[0m11:11:32.430644 [info ] [MainThread]:   proxy_port: None
[0m11:11:32.431390 [info ] [MainThread]:   protocol: None
[0m11:11:32.432343 [info ] [MainThread]:   connect_retries: 1
[0m11:11:32.432981 [info ] [MainThread]:   connect_timeout: None
[0m11:11:32.433919 [info ] [MainThread]:   retry_on_database_errors: False
[0m11:11:32.435401 [info ] [MainThread]:   retry_all: False
[0m11:11:32.437338 [info ] [MainThread]:   insecure_mode: False
[0m11:11:32.438540 [info ] [MainThread]:   reuse_connections: True
[0m11:11:32.439284 [info ] [MainThread]:   s3_stage_vpce_dns_name: None
[0m11:11:32.440220 [info ] [MainThread]:   workload_identity_provider: None
[0m11:11:32.441137 [info ] [MainThread]:   workload_identity_entra_resource: None
[0m11:11:32.441889 [info ] [MainThread]:   platform_detection_timeout_seconds: 0.0
[0m11:11:32.442866 [info ] [MainThread]: Registered adapter: snowflake=1.12.0
[0m11:11:32.520969 [debug] [MainThread]: Acquiring new snowflake connection 'debug'
[0m11:11:32.523632 [debug] [MainThread]: Using snowflake connection "debug"
[0m11:11:32.525364 [debug] [MainThread]: On debug: select 1 as id
[0m11:11:32.526885 [debug] [MainThread]: Opening a new connection, currently in state init
[0m11:11:34.860980 [debug] [MainThread]: Snowflake adapter: Error running SQL: select 1 as id
[0m11:11:34.863542 [debug] [MainThread]: Snowflake adapter: Rolling back transaction.
[0m11:11:34.868399 [info ] [MainThread]:   Connection test: [[31mERROR[0m]

[0m11:11:34.870490 [info ] [MainThread]: [31m2 checks failed:[0m
[0m11:11:34.871688 [info ] [MainThread]: Error from git --help: User does not have permissions for this command: "git"

[0m11:11:34.872746 [info ] [MainThread]: dbt was unable to connect to the specified database.
The database returned the following error:

  >Database Error
  250001 (08001): Failed to connect to DB: TEEDGDV-DE77206.snowflakecomputing.com:443. Your user account has been temporarily locked. Try again later or contact your account administrator for assistance. For more information about this error, go to https://community.snowflake.com/s/error-your-user-login-has-been-locked.

Check your database credentials and try again. For more information, visit:
https://docs.getdbt.com/docs/configure-your-profile


[0m11:11:34.874832 [debug] [MainThread]: Resource report: {"command_name": "debug", "command_success": false, "command_wall_clock_time": 3.392703, "process_in_blocks": "110976", "process_kernel_time": 1.305712, "process_mem_max_rss": "216868", "process_out_blocks": "8864", "process_user_time": 2.655214}
[0m11:11:34.875559 [debug] [MainThread]: Command `dbt debug` failed at 11:11:34.875475 after 3.39 seconds
[0m11:11:34.876160 [debug] [MainThread]: Connection 'debug' was left open.
[0m11:11:34.876688 [debug] [MainThread]: On debug: No close available on handle
[0m11:11:34.877218 [debug] [MainThread]: Sending event: {'category': 'dbt', 'action': 'invocation', 'label': 'end', 'context': [<snowplow_tracker.self_describing_json.SelfDescribingJson object at 0x763bfccb2380>, <snowplow_tracker.self_describing_json.SelfDescribingJson object at 0x763bc5d3ce80>, <snowplow_tracker.self_describing_json.SelfDescribingJson object at 0x763bc5aa93c0>]}
[0m11:11:34.877728 [debug] [MainThread]: Flushing usage events
[0m11:11:35.594164 [debug] [MainThread]: An error was encountered while trying to flush usage events
[0m11:11:52.787159 [debug] [MainThread]: Sending event: {'category': 'dbt', 'action': 'invocation', 'label': 'start', 'context': [<snowplow_tracker.self_describing_json.SelfDescribingJson object at 0x7450ece11c90>, <snowplow_tracker.self_describing_json.SelfDescribingJson object at 0x7450eb6d26b0>, <snowplow_tracker.self_describing_json.SelfDescribingJson object at 0x7450eb6d2650>]}


============================== 11:11:52.792520 | 009e81bc-b8b3-4870-b89b-c9403907c239 ==============================
[0m11:11:52.792520 [info ] [MainThread]: Running with dbt=1.12.0
[0m11:11:52.793509 [debug] [MainThread]: running dbt with arguments {'target_path': 'None', 'hints_enabled': 'True', 'static_parser': 'True', 'log_cache_events': 'False', 'printer_width': '80', 'invocation_command': 'dbt run', 'introspect': 'True', 'fail_fast': 'False', 'maximum_seed_size_mib': '1', 'no_print': 'None', 'use_experimental_parser': 'False', 'version_check': 'True', 'indirect_selection': 'eager', 'profiles_dir': '/opt/airflow/dbt_project', 'send_anonymous_usage_stats': 'True', 'log_format': 'default', 'cache_selected_only': 'False', 'log_path': '/opt/airflow/dbt_project/logs', 'partial_parse': 'True', 'warn_error': 'None', 'quiet': 'False', 'use_colors': 'True', 'empty': 'False', 'warn_error_options': 'WarnErrorOptionsV2(error=[], warn=[], silence=[])', 'debug': 'False', 'write_json': 'True'}
[0m11:11:53.340034 [debug] [MainThread]: Snowflake adapter: Setting snowflake.connector to ERROR (file logging only)
[0m11:11:53.341057 [debug] [MainThread]: Snowflake adapter: Setting botocore to ERROR (file logging only)
[0m11:11:53.341856 [debug] [MainThread]: Snowflake adapter: Setting boto3 to ERROR (file logging only)
[0m11:11:53.565136 [debug] [MainThread]: Sending event: {'category': 'dbt', 'action': 'project_id', 'label': '009e81bc-b8b3-4870-b89b-c9403907c239', 'context': [<snowplow_tracker.self_describing_json.SelfDescribingJson object at 0x7450ee943280>]}
[0m11:11:53.613518 [debug] [MainThread]: Sending event: {'category': 'dbt', 'action': 'adapter_info', 'label': '009e81bc-b8b3-4870-b89b-c9403907c239', 'context': [<snowplow_tracker.self_describing_json.SelfDescribingJson object at 0x7450ec013b50>]}
[0m11:11:53.614848 [info ] [MainThread]: Registered adapter: snowflake=1.12.0
[0m11:11:53.699548 [debug] [MainThread]: checksum: 17b8c0eed372bdc76158915a5b86153b95ebcdfebef695d6713d3c569800f71e, vars: {}, profile: dbt_project, target: dev, version: 1.12.0
[0m11:11:53.972651 [debug] [MainThread]: Partial parsing enabled: 0 files deleted, 0 files added, 0 files changed.
[0m11:11:53.973478 [debug] [MainThread]: Nothing changed, skipping partial parsing.
[0m11:11:53.974015 [debug] [MainThread]: Partial parsing enabled, no changes found, skipping parsing
[0m11:11:53.981819 [debug] [MainThread]: Sending event: {'category': 'dbt', 'action': 'load_project', 'label': '009e81bc-b8b3-4870-b89b-c9403907c239', 'context': [<snowplow_tracker.self_describing_json.SelfDescribingJson object at 0x7450b57c9e40>]}
[0m11:11:54.129703 [debug] [MainThread]: Wrote artifact WritableManifest to /opt/airflow/dbt_project/target/manifest.json
[0m11:11:54.148250 [debug] [MainThread]: Wrote artifact SemanticManifest to /opt/airflow/dbt_project/target/semantic_manifest.json
[0m11:11:54.169461 [debug] [MainThread]: Wrote artifact OsiDocument to /opt/airflow/dbt_project/target/osi_document.json
[0m11:11:54.186282 [debug] [MainThread]: Sending event: {'category': 'dbt', 'action': 'resource_counts', 'label': '009e81bc-b8b3-4870-b89b-c9403907c239', 'context': [<snowplow_tracker.self_describing_json.SelfDescribingJson object at 0x7450b5691210>]}
[0m11:11:54.187121 [info ] [MainThread]: Found 9 models, 21 data tests, 4 sources, 546 macros
[0m11:11:54.188624 [debug] [MainThread]: Sending event: {'category': 'dbt', 'action': 'runnable_timing', 'label': '009e81bc-b8b3-4870-b89b-c9403907c239', 'context': [<snowplow_tracker.self_describing_json.SelfDescribingJson object at 0x7450b5fe4220>]}
[0m11:11:54.193335 [info ] [MainThread]: 
[0m11:11:54.194433 [info ] [MainThread]: Concurrency: 4 threads (target='dev')
[0m11:11:54.198767 [info ] [MainThread]: 
[0m11:11:54.200747 [debug] [MainThread]: Acquiring new snowflake connection 'master'
[0m11:11:54.206625 [debug] [ThreadPool]: Acquiring new snowflake connection 'list_FINANCE_DW'
[0m11:11:54.207708 [debug] [ThreadPool]: Acquiring new snowflake connection 'list_FINANCE_DW'
[0m11:11:54.220952 [debug] [ThreadPool]: Using snowflake connection "list_FINANCE_DW"
[0m11:11:54.222514 [debug] [ThreadPool]: Using snowflake connection "list_FINANCE_DW"
[0m11:11:54.223370 [debug] [ThreadPool]: On list_FINANCE_DW: show terse schemas in database FINANCE_DW
    limit 10000
/* {"app": "dbt", "dbt_version": "1.12.0", "profile_name": "dbt_project", "target_name": "dev", "connection_name": "list_FINANCE_DW"} */
[0m11:11:54.224224 [debug] [ThreadPool]: On list_FINANCE_DW: show terse schemas in database FINANCE_DW
    limit 10000
/* {"app": "dbt", "dbt_version": "1.12.0", "profile_name": "dbt_project", "target_name": "dev", "connection_name": "list_FINANCE_DW"} */
[0m11:11:54.224780 [debug] [ThreadPool]: Opening a new connection, currently in state init
[0m11:11:54.225281 [debug] [ThreadPool]: Opening a new connection, currently in state init
[0m11:11:54.734231 [debug] [ThreadPool]: Snowflake adapter: Error running SQL: show terse schemas in database FINANCE_DW
    limit 10000
/* {"app": "dbt", "dbt_version": "1.12.0", "profile_name": "dbt_project", "target_name": "dev", "connection_name": "list_FINANCE_DW"} */
[0m11:11:54.735054 [debug] [ThreadPool]: Snowflake adapter: Rolling back transaction.
[0m11:11:54.735843 [debug] [ThreadPool]: Snowflake adapter: Error running SQL: macro list_schemas
[0m11:11:54.736423 [debug] [ThreadPool]: Snowflake adapter: Rolling back transaction.
[0m11:11:54.834590 [debug] [ThreadPool]: Snowflake adapter: Error running SQL: show terse schemas in database FINANCE_DW
    limit 10000
/* {"app": "dbt", "dbt_version": "1.12.0", "profile_name": "dbt_project", "target_name": "dev", "connection_name": "list_FINANCE_DW"} */
[0m11:11:54.836450 [debug] [ThreadPool]: Snowflake adapter: Rolling back transaction.
[0m11:11:54.838041 [debug] [ThreadPool]: Snowflake adapter: Error running SQL: macro list_schemas
[0m11:11:54.839123 [debug] [ThreadPool]: Snowflake adapter: Rolling back transaction.
[0m11:11:54.840685 [debug] [MainThread]: Connection 'master' was properly closed.
[0m11:11:54.841934 [debug] [MainThread]: Connection 'list_FINANCE_DW' was left open.
[0m11:11:54.842743 [debug] [MainThread]: On list_FINANCE_DW: No close available on handle
[0m11:11:54.843540 [debug] [MainThread]: Connection 'list_FINANCE_DW' was left open.
[0m11:11:54.844237 [debug] [MainThread]: On list_FINANCE_DW: No close available on handle
[0m11:11:54.844802 [info ] [MainThread]: 
[0m11:11:54.845557 [info ] [MainThread]: Finished running  in 0 hours 0 minutes and 0.64 seconds (0.64s).
[0m11:11:54.846890 [error] [MainThread]: [[31mERROR[0m]: Encountered an error:
Runtime Error
  Database error while listing schemas in database "FINANCE_DW"
  Database Error
    250001 (08001): Failed to connect to DB: TEEDGDV-DE77206.snowflakecomputing.com:443. Your user account has been temporarily locked. Try again later or contact your account administrator for assistance. For more information about this error, go to https://community.snowflake.com/s/error-your-user-login-has-been-locked.
[0m11:11:54.848642 [debug] [MainThread]: Resource report: {"command_name": "run", "command_success": false, "command_wall_clock_time": 2.132408, "process_in_blocks": "8296", "process_kernel_time": 1.181595, "process_mem_max_rss": "219696", "process_out_blocks": "16", "process_user_time": 2.680694}
[0m11:11:54.849322 [debug] [MainThread]: Command `dbt run` failed at 11:11:54.849240 after 2.13 seconds
[0m11:11:54.849915 [debug] [MainThread]: Sending event: {'category': 'dbt', 'action': 'invocation', 'label': 'end', 'context': [<snowplow_tracker.self_describing_json.SelfDescribingJson object at 0x7450ece11c90>, <snowplow_tracker.self_describing_json.SelfDescribingJson object at 0x7450b57beb60>, <snowplow_tracker.self_describing_json.SelfDescribingJson object at 0x7450b58420b0>]}
[0m11:11:54.850642 [debug] [MainThread]: Flushing usage events
[0m11:11:55.359531 [debug] [MainThread]: An error was encountered while trying to flush usage events
[0m13:46:00.926927 [debug] [MainThread]: Sending event: {'category': 'dbt', 'action': 'invocation', 'label': 'start', 'context': [<snowplow_tracker.self_describing_json.SelfDescribingJson object at 0x77cfc8539c30>, <snowplow_tracker.self_describing_json.SelfDescribingJson object at 0x77cfc70d8a00>, <snowplow_tracker.self_describing_json.SelfDescribingJson object at 0x77cfc6d81030>]}


============================== 13:46:00.931888 | 83852081-d3ed-4b59-8a20-cf8987461b40 ==============================
[0m13:46:00.931888 [info ] [MainThread]: Running with dbt=1.12.0
[0m13:46:00.933140 [debug] [MainThread]: running dbt with arguments {'maximum_seed_size_mib': '1', 'invocation_command': 'dbt debug', 'printer_width': '80', 'hints_enabled': 'True', 'debug': 'False', 'write_json': 'True', 'log_path': '/opt/airflow/dbt_project/logs', 'fail_fast': 'False', 'log_cache_events': 'False', 'no_print': 'None', 'warn_error': 'None', 'static_parser': 'True', 'send_anonymous_usage_stats': 'True', 'use_experimental_parser': 'False', 'indirect_selection': 'eager', 'version_check': 'True', 'profiles_dir': '/opt/airflow/dbt_project', 'partial_parse': 'True', 'warn_error_options': 'WarnErrorOptionsV2(error=[], warn=[], silence=[])', 'introspect': 'True', 'log_format': 'default', 'cache_selected_only': 'False', 'empty': 'None', 'quiet': 'False', 'target_path': 'None', 'use_colors': 'True'}
[0m13:46:00.946821 [info ] [MainThread]: dbt version: 1.12.0
[0m13:46:00.947625 [info ] [MainThread]: python version: 3.10.13
[0m13:46:00.949215 [info ] [MainThread]: python path: /usr/local/bin/python
[0m13:46:00.950160 [info ] [MainThread]: os info: Linux-6.6.87.2-microsoft-standard-WSL2-x86_64-with-glibc2.31
[0m13:46:01.711741 [debug] [MainThread]: Snowflake adapter: Setting snowflake.connector to ERROR (file logging only)
[0m13:46:01.712808 [debug] [MainThread]: Snowflake adapter: Setting botocore to ERROR (file logging only)
[0m13:46:01.713650 [debug] [MainThread]: Snowflake adapter: Setting boto3 to ERROR (file logging only)
[0m13:46:01.785599 [info ] [MainThread]: Using profiles dir at /opt/airflow/dbt_project
[0m13:46:01.787183 [info ] [MainThread]: Using profiles.yml file at /opt/airflow/dbt_project/profiles.yml
[0m13:46:01.788345 [info ] [MainThread]: Using dbt_project.yml file at /opt/airflow/dbt_project/dbt_project.yml
[0m13:46:01.790423 [info ] [MainThread]: adapter type: snowflake
[0m13:46:01.791277 [info ] [MainThread]: adapter version: 1.12.0
[0m13:46:01.875212 [info ] [MainThread]: Configuration:
[0m13:46:01.877152 [info ] [MainThread]:   profiles.yml file [[32mOK found and valid[0m]
[0m13:46:01.878673 [info ] [MainThread]:   dbt_project.yml file [[32mOK found and valid[0m]
[0m13:46:01.880275 [info ] [MainThread]: Required dependencies:
[0m13:46:01.881367 [debug] [MainThread]: Executing "git --help"
[0m13:46:01.883198 [info ] [MainThread]:  - git [[31mERROR[0m]

[0m13:46:01.884147 [info ] [MainThread]: Connection:
[0m13:46:01.885265 [info ] [MainThread]:   account: TEEDGDV-DE77206
[0m13:46:01.886492 [info ] [MainThread]:   user: ILHAM
[0m13:46:01.887619 [info ] [MainThread]:   database: FINANCE_DW
[0m13:46:01.889009 [info ] [MainThread]:   warehouse: COMPUTE_WH
[0m13:46:01.890098 [info ] [MainThread]:   role: ACCOUNTADMIN
[0m13:46:01.891079 [info ] [MainThread]:   schema: SILVER
[0m13:46:01.892117 [info ] [MainThread]:   authenticator: None
[0m13:46:01.893085 [info ] [MainThread]:   oauth_client_id: None
[0m13:46:01.894049 [info ] [MainThread]:   query_tag: None
[0m13:46:01.894949 [info ] [MainThread]:   client_session_keep_alive: False
[0m13:46:01.895842 [info ] [MainThread]:   host: None
[0m13:46:01.897072 [info ] [MainThread]:   port: None
[0m13:46:01.898231 [info ] [MainThread]:   proxy_host: None
[0m13:46:01.899308 [info ] [MainThread]:   proxy_port: None
[0m13:46:01.900398 [info ] [MainThread]:   protocol: None
[0m13:46:01.901431 [info ] [MainThread]:   connect_retries: 1
[0m13:46:01.902273 [info ] [MainThread]:   connect_timeout: None
[0m13:46:01.903333 [info ] [MainThread]:   retry_on_database_errors: False
[0m13:46:01.904428 [info ] [MainThread]:   retry_all: False
[0m13:46:01.905465 [info ] [MainThread]:   insecure_mode: False
[0m13:46:01.906472 [info ] [MainThread]:   reuse_connections: True
[0m13:46:01.907527 [info ] [MainThread]:   s3_stage_vpce_dns_name: None
[0m13:46:01.908775 [info ] [MainThread]:   workload_identity_provider: None
[0m13:46:01.909995 [info ] [MainThread]:   workload_identity_entra_resource: None
[0m13:46:01.911009 [info ] [MainThread]:   platform_detection_timeout_seconds: 0.0
[0m13:46:01.912111 [info ] [MainThread]: Registered adapter: snowflake=1.12.0
[0m13:46:01.993620 [debug] [MainThread]: Acquiring new snowflake connection 'debug'
[0m13:46:01.996467 [debug] [MainThread]: Using snowflake connection "debug"
[0m13:46:01.997463 [debug] [MainThread]: On debug: select 1 as id
[0m13:46:01.998217 [debug] [MainThread]: Opening a new connection, currently in state init
[0m13:46:03.542264 [debug] [MainThread]: SQL status: SUCCESS 1 in 1.544 seconds
[0m13:46:03.544032 [info ] [MainThread]:   Connection test: [[32mOK connection ok[0m]

[0m13:46:03.545070 [info ] [MainThread]: [31m1 check failed:[0m
[0m13:46:03.545958 [info ] [MainThread]: Error from git --help: User does not have permissions for this command: "git"

[0m13:46:03.548657 [debug] [MainThread]: Resource report: {"command_name": "debug", "command_success": false, "command_wall_clock_time": 2.7136354, "process_in_blocks": "108704", "process_kernel_time": 1.438188, "process_mem_max_rss": "209188", "process_out_blocks": "224", "process_user_time": 2.28562}
[0m13:46:03.549751 [debug] [MainThread]: Command `dbt debug` failed at 13:46:03.549665 after 2.71 seconds
[0m13:46:03.550803 [debug] [MainThread]: Connection 'debug' was left open.
[0m13:46:03.551881 [debug] [MainThread]: On debug: Close
[0m13:46:03.718000 [debug] [MainThread]: Sending event: {'category': 'dbt', 'action': 'invocation', 'label': 'end', 'context': [<snowplow_tracker.self_describing_json.SelfDescribingJson object at 0x77cfc8539c30>, <snowplow_tracker.self_describing_json.SelfDescribingJson object at 0x77cf915a3d30>, <snowplow_tracker.self_describing_json.SelfDescribingJson object at 0x77cf9130f9d0>]}
[0m13:46:03.719397 [debug] [MainThread]: Flushing usage events
[0m13:46:04.408262 [debug] [MainThread]: An error was encountered while trying to flush usage events
[0m13:47:46.018883 [debug] [MainThread]: Sending event: {'category': 'dbt', 'action': 'invocation', 'label': 'start', 'context': [<snowplow_tracker.self_describing_json.SelfDescribingJson object at 0x7cda502d9cf0>, <snowplow_tracker.self_describing_json.SelfDescribingJson object at 0x7cda4eb6a680>, <snowplow_tracker.self_describing_json.SelfDescribingJson object at 0x7cda4eb6a620>]}


============================== 13:47:46.024069 | cf4c3ec5-6bc5-48fc-afcf-228f36fd21e0 ==============================
[0m13:47:46.024069 [info ] [MainThread]: Running with dbt=1.12.0
[0m13:47:46.024958 [debug] [MainThread]: running dbt with arguments {'partial_parse': 'True', 'write_json': 'True', 'warn_error': 'None', 'log_format': 'default', 'static_parser': 'True', 'cache_selected_only': 'False', 'log_path': '/opt/airflow/dbt_project/logs', 'hints_enabled': 'True', 'log_cache_events': 'False', 'indirect_selection': 'eager', 'debug': 'False', 'invocation_command': 'dbt run', 'no_print': 'None', 'fail_fast': 'False', 'target_path': 'None', 'maximum_seed_size_mib': '1', 'send_anonymous_usage_stats': 'True', 'use_experimental_parser': 'False', 'version_check': 'True', 'use_colors': 'True', 'warn_error_options': 'WarnErrorOptionsV2(error=[], warn=[], silence=[])', 'quiet': 'False', 'introspect': 'True', 'profiles_dir': '/opt/airflow/dbt_project', 'empty': 'False', 'printer_width': '80'}
[0m13:47:46.730917 [debug] [MainThread]: Snowflake adapter: Setting snowflake.connector to ERROR (file logging only)
[0m13:47:46.732078 [debug] [MainThread]: Snowflake adapter: Setting botocore to ERROR (file logging only)
[0m13:47:46.732778 [debug] [MainThread]: Snowflake adapter: Setting boto3 to ERROR (file logging only)
[0m13:47:46.947692 [debug] [MainThread]: Sending event: {'category': 'dbt', 'action': 'project_id', 'label': 'cf4c3ec5-6bc5-48fc-afcf-228f36fd21e0', 'context': [<snowplow_tracker.self_describing_json.SelfDescribingJson object at 0x7cda4eaa28c0>]}
[0m13:47:46.994165 [debug] [MainThread]: Sending event: {'category': 'dbt', 'action': 'adapter_info', 'label': 'cf4c3ec5-6bc5-48fc-afcf-228f36fd21e0', 'context': [<snowplow_tracker.self_describing_json.SelfDescribingJson object at 0x7cda4f4d3ee0>]}
[0m13:47:46.997069 [info ] [MainThread]: Registered adapter: snowflake=1.12.0
[0m13:47:47.083892 [debug] [MainThread]: checksum: 17b8c0eed372bdc76158915a5b86153b95ebcdfebef695d6713d3c569800f71e, vars: {}, profile: dbt_project, target: dev, version: 1.12.0
[0m13:47:47.443601 [debug] [MainThread]: Partial parsing enabled: 0 files deleted, 0 files added, 0 files changed.
[0m13:47:47.444720 [debug] [MainThread]: Nothing changed, skipping partial parsing.
[0m13:47:47.445513 [debug] [MainThread]: Partial parsing enabled, no changes found, skipping parsing
[0m13:47:47.452974 [debug] [MainThread]: Sending event: {'category': 'dbt', 'action': 'load_project', 'label': 'cf4c3ec5-6bc5-48fc-afcf-228f36fd21e0', 'context': [<snowplow_tracker.self_describing_json.SelfDescribingJson object at 0x7cda18c51ff0>]}
[0m13:47:47.587521 [debug] [MainThread]: Wrote artifact WritableManifest to /opt/airflow/dbt_project/target/manifest.json
[0m13:47:47.602883 [debug] [MainThread]: Wrote artifact SemanticManifest to /opt/airflow/dbt_project/target/semantic_manifest.json
[0m13:47:47.626577 [debug] [MainThread]: Wrote artifact OsiDocument to /opt/airflow/dbt_project/target/osi_document.json
[0m13:47:47.671545 [debug] [MainThread]: Sending event: {'category': 'dbt', 'action': 'resource_counts', 'label': 'cf4c3ec5-6bc5-48fc-afcf-228f36fd21e0', 'context': [<snowplow_tracker.self_describing_json.SelfDescribingJson object at 0x7cda18c3d390>]}
[0m13:47:47.672442 [info ] [MainThread]: Found 9 models, 21 data tests, 4 sources, 546 macros
[0m13:47:47.673319 [debug] [MainThread]: Sending event: {'category': 'dbt', 'action': 'runnable_timing', 'label': 'cf4c3ec5-6bc5-48fc-afcf-228f36fd21e0', 'context': [<snowplow_tracker.self_describing_json.SelfDescribingJson object at 0x7cda18c3c7f0>]}
[0m13:47:47.676170 [info ] [MainThread]: 
[0m13:47:47.677264 [info ] [MainThread]: Concurrency: 4 threads (target='dev')
[0m13:47:47.678876 [info ] [MainThread]: 
[0m13:47:47.680146 [debug] [MainThread]: Acquiring new snowflake connection 'master'
[0m13:47:47.685935 [debug] [ThreadPool]: Acquiring new snowflake connection 'list_FINANCE_DW'
[0m13:47:47.686822 [debug] [ThreadPool]: Acquiring new snowflake connection 'list_FINANCE_DW'
[0m13:47:47.699090 [debug] [ThreadPool]: Using snowflake connection "list_FINANCE_DW"
[0m13:47:47.700239 [debug] [ThreadPool]: Using snowflake connection "list_FINANCE_DW"
[0m13:47:47.700989 [debug] [ThreadPool]: On list_FINANCE_DW: show terse schemas in database FINANCE_DW
    limit 10000
/* {"app": "dbt", "dbt_version": "1.12.0", "profile_name": "dbt_project", "target_name": "dev", "connection_name": "list_FINANCE_DW"} */
[0m13:47:47.701534 [debug] [ThreadPool]: On list_FINANCE_DW: show terse schemas in database FINANCE_DW
    limit 10000
/* {"app": "dbt", "dbt_version": "1.12.0", "profile_name": "dbt_project", "target_name": "dev", "connection_name": "list_FINANCE_DW"} */
[0m13:47:47.702137 [debug] [ThreadPool]: Opening a new connection, currently in state init
[0m13:47:47.702759 [debug] [ThreadPool]: Opening a new connection, currently in state init
[0m13:47:49.173088 [debug] [ThreadPool]: SQL status: SUCCESS 5 in 1.471 seconds
[0m13:47:49.199861 [debug] [ThreadPool]: SQL status: SUCCESS 5 in 1.497 seconds
[0m13:47:49.203075 [debug] [ThreadPool]: Re-using an available connection from the pool (formerly list_FINANCE_DW, now list_FINANCE_DW_silver)
[0m13:47:49.203701 [debug] [ThreadPool]: Re-using an available connection from the pool (formerly list_FINANCE_DW, now list_FINANCE_DW_gold)
[0m13:47:49.213048 [debug] [ThreadPool]: Using snowflake connection "list_FINANCE_DW_silver"
[0m13:47:49.214404 [debug] [ThreadPool]: Using snowflake connection "list_FINANCE_DW_gold"
[0m13:47:49.215151 [debug] [ThreadPool]: On list_FINANCE_DW_silver: show objects in FINANCE_DW.silver
    limit 10000
    

/* {"app": "dbt", "dbt_version": "1.12.0", "profile_name": "dbt_project", "target_name": "dev", "connection_name": "list_FINANCE_DW_silver"} */;
[0m13:47:49.215799 [debug] [ThreadPool]: On list_FINANCE_DW_gold: show objects in FINANCE_DW.gold
    limit 10000
    

/* {"app": "dbt", "dbt_version": "1.12.0", "profile_name": "dbt_project", "target_name": "dev", "connection_name": "list_FINANCE_DW_gold"} */;
[0m13:47:49.386055 [debug] [ThreadPool]: SQL status: SUCCESS 4 in 0.170 seconds
[0m13:47:49.391224 [debug] [ThreadPool]: Using snowflake connection "list_FINANCE_DW_silver"
[0m13:47:49.393140 [debug] [ThreadPool]: SQL status: SUCCESS 5 in 0.176 seconds
[0m13:47:49.393475 [debug] [ThreadPool]: On list_FINANCE_DW_silver: show user functions in FINANCE_DW.silver
/* {"app": "dbt", "dbt_version": "1.12.0", "profile_name": "dbt_project", "target_name": "dev", "connection_name": "list_FINANCE_DW_silver"} */
[0m13:47:49.395705 [debug] [ThreadPool]: Using snowflake connection "list_FINANCE_DW_gold"
[0m13:47:49.397981 [debug] [ThreadPool]: On list_FINANCE_DW_gold: show user functions in FINANCE_DW.gold
/* {"app": "dbt", "dbt_version": "1.12.0", "profile_name": "dbt_project", "target_name": "dev", "connection_name": "list_FINANCE_DW_gold"} */
[0m13:47:49.493958 [debug] [ThreadPool]: SQL status: SUCCESS 0 in 0.095 seconds
[0m13:47:49.500312 [debug] [ThreadPool]: SQL status: SUCCESS 0 in 0.104 seconds
[0m13:47:49.502815 [debug] [MainThread]: Sending event: {'category': 'dbt', 'action': 'runnable_timing', 'label': 'cf4c3ec5-6bc5-48fc-afcf-228f36fd21e0', 'context': [<snowplow_tracker.self_describing_json.SelfDescribingJson object at 0x7cda1a0734c0>]}
[0m13:47:49.509062 [debug] [Thread-2 (]: Began running node model.real_estate_pipeline.stg_accounts
[0m13:47:49.509431 [debug] [Thread-3 (]: Began running node model.real_estate_pipeline.stg_customers
[0m13:47:49.509726 [debug] [Thread-4 (]: Began running node model.real_estate_pipeline.stg_loans
[0m13:47:49.510006 [debug] [Thread-5 (]: Began running node model.real_estate_pipeline.stg_transactions
[0m13:47:49.510563 [info ] [Thread-2 (]: 1 of 9 START sql view model silver.stg_accounts ................................ [RUN]
[0m13:47:49.511390 [info ] [Thread-3 (]: 2 of 9 START sql view model silver.stg_customers ............................... [RUN]
[0m13:47:49.512707 [info ] [Thread-4 (]: 3 of 9 START sql view model silver.stg_loans ................................... [RUN]
[0m13:47:49.513775 [info ] [Thread-5 (]: 4 of 9 START sql view model silver.stg_transactions ............................ [RUN]
[0m13:47:49.514776 [debug] [Thread-2 (]: Re-using an available connection from the pool (formerly list_FINANCE_DW_silver, now model.real_estate_pipeline.stg_accounts)
[0m13:47:49.515483 [debug] [Thread-3 (]: Re-using an available connection from the pool (formerly list_FINANCE_DW_gold, now model.real_estate_pipeline.stg_customers)
[0m13:47:49.516241 [debug] [Thread-4 (]: Acquiring new snowflake connection 'model.real_estate_pipeline.stg_loans'
[0m13:47:49.516901 [debug] [Thread-5 (]: Acquiring new snowflake connection 'model.real_estate_pipeline.stg_transactions'
[0m13:47:49.517512 [debug] [Thread-2 (]: Began compiling node model.real_estate_pipeline.stg_accounts
[0m13:47:49.518179 [debug] [Thread-3 (]: Began compiling node model.real_estate_pipeline.stg_customers
[0m13:47:49.518727 [debug] [Thread-4 (]: Began compiling node model.real_estate_pipeline.stg_loans
[0m13:47:49.519304 [debug] [Thread-5 (]: Began compiling node model.real_estate_pipeline.stg_transactions
[0m13:47:49.524558 [debug] [Thread-2 (]: Writing injected SQL for node "model.real_estate_pipeline.stg_accounts"
[0m13:47:49.526227 [debug] [Thread-3 (]: Writing injected SQL for node "model.real_estate_pipeline.stg_customers"
[0m13:47:49.527914 [debug] [Thread-4 (]: Writing injected SQL for node "model.real_estate_pipeline.stg_loans"
[0m13:47:49.530273 [debug] [Thread-5 (]: Writing injected SQL for node "model.real_estate_pipeline.stg_transactions"
[0m13:47:49.552486 [debug] [Thread-2 (]: Began executing node model.real_estate_pipeline.stg_accounts
[0m13:47:49.553061 [debug] [Thread-3 (]: Began executing node model.real_estate_pipeline.stg_customers
[0m13:47:49.553481 [debug] [Thread-4 (]: Began executing node model.real_estate_pipeline.stg_loans
[0m13:47:49.568314 [debug] [Thread-5 (]: Began executing node model.real_estate_pipeline.stg_transactions
[0m13:47:49.575129 [debug] [Thread-2 (]: Writing runtime sql for node "model.real_estate_pipeline.stg_accounts"
[0m13:47:49.576892 [debug] [Thread-3 (]: Writing runtime sql for node "model.real_estate_pipeline.stg_customers"
[0m13:47:49.579049 [debug] [Thread-4 (]: Writing runtime sql for node "model.real_estate_pipeline.stg_loans"
[0m13:47:49.581621 [debug] [Thread-5 (]: Writing runtime sql for node "model.real_estate_pipeline.stg_transactions"
[0m13:47:49.603116 [debug] [Thread-5 (]: Using snowflake connection "model.real_estate_pipeline.stg_transactions"
[0m13:47:49.604121 [debug] [Thread-4 (]: Using snowflake connection "model.real_estate_pipeline.stg_loans"
[0m13:47:49.604922 [debug] [Thread-2 (]: Using snowflake connection "model.real_estate_pipeline.stg_accounts"
[0m13:47:49.607513 [debug] [Thread-5 (]: On model.real_estate_pipeline.stg_transactions: create or replace   view FINANCE_DW.silver.stg_transactions
  
  
  
  
  as (
    with source as (
    select
        $1::int as transaction_id,
        $2::int as account_origin_id,
        $3::int as account_destination_id,
        $4::int as transaction_type_id,
        $5::numeric(15,2) as amount,
        $6::timestamp as transaction_date,
        $7::int as branch_id,
        trim($8)::varchar as description,
        row_number() over (
            partition by $1::int 
            order by $6::timestamp desc
        ) as rn
    from FINANCE_DW.BRONZE.RAW_TRANSACTIONS
)

select
    transaction_id,
    account_origin_id,
    account_destination_id,
    transaction_type_id,
    amount,
    transaction_date,
    branch_id,
    description
from source
where rn = 1
  )
/* {"app": "dbt", "dbt_version": "1.12.0", "profile_name": "dbt_project", "target_name": "dev", "node_id": "model.real_estate_pipeline.stg_transactions"} */;
[0m13:47:49.609041 [debug] [Thread-4 (]: On model.real_estate_pipeline.stg_loans: create or replace   view FINANCE_DW.silver.stg_loans
  
  
  
  
  as (
    with source as (
    select
        $1::int as loan_id,
        $2::int as account_id,
        $3::int as loan_status_id,
        $4::numeric(15,2) as principal_amount,
        $5::numeric(5,4) as interest_rate,
        $6::timestamp as start_date,
        $7::timestamp as estimated_end_date,
        row_number() over (
            partition by $1::int 
            order by $6::timestamp desc
        ) as rn
    from FINANCE_DW.BRONZE.RAW_LOANS
)

select
    loan_id,
    account_id,
    loan_status_id,
    principal_amount,
    interest_rate,
    start_date,
    estimated_end_date
from source
where rn = 1
  )
/* {"app": "dbt", "dbt_version": "1.12.0", "profile_name": "dbt_project", "target_name": "dev", "node_id": "model.real_estate_pipeline.stg_loans"} */;
[0m13:47:49.611216 [debug] [Thread-3 (]: Using snowflake connection "model.real_estate_pipeline.stg_customers"
[0m13:47:49.616672 [debug] [Thread-2 (]: On model.real_estate_pipeline.stg_accounts: create or replace   view FINANCE_DW.silver.stg_accounts
  
  
  
  
  as (
    with source as (
    select
        $1::int as account_id,
        $2::int as customer_id,
        $3::int as account_type_id,
        $4::int as account_status_id,
        $5::numeric(15,2) as balance,
        try_to_timestamp($6::varchar) as opening_date,
        row_number() over (
            partition by $1::int 
            order by try_to_timestamp($6::varchar) desc
        ) as rn
    from FINANCE_DW.BRONZE.RAW_ACCOUNTS
)

select
    account_id,
    customer_id,
    account_type_id,
    account_status_id,
    balance,
    opening_date
from source
where rn = 1
  )
/* {"app": "dbt", "dbt_version": "1.12.0", "profile_name": "dbt_project", "target_name": "dev", "node_id": "model.real_estate_pipeline.stg_accounts"} */;
[0m13:47:49.617731 [debug] [Thread-5 (]: Opening a new connection, currently in state init
[0m13:47:49.618848 [debug] [Thread-4 (]: Opening a new connection, currently in state init
[0m13:47:49.619835 [debug] [Thread-3 (]: On model.real_estate_pipeline.stg_customers: create or replace   view FINANCE_DW.silver.stg_customers
  
  
  
  
  as (
    with source as (
    select
        $1::int as customer_id,
        trim($2)::varchar as first_name,
        trim($3)::varchar as last_name,
        try_to_timestamp(nullif(trim($4::varchar), 'NaT')) as date_of_birth,
        $5::int as address_id,
        $6::int as customer_type_id,
        row_number() over (
            partition by $1::int 
            order by $1::int
        ) as rn
    from FINANCE_DW.BRONZE.RAW_CUSTOMERS
)

select
    customer_id,
    first_name,
    last_name,
    date_of_birth,
    address_id,
    customer_type_id
from source
where rn = 1
  )
/* {"app": "dbt", "dbt_version": "1.12.0", "profile_name": "dbt_project", "target_name": "dev", "node_id": "model.real_estate_pipeline.stg_customers"} */;
[0m13:47:49.878891 [debug] [Thread-2 (]: SQL status: SUCCESS 1 in 0.258 seconds
[0m13:47:49.939950 [debug] [Thread-3 (]: SQL status: SUCCESS 1 in 0.314 seconds
[0m13:47:49.950438 [debug] [Thread-2 (]: Sending event: {'category': 'dbt', 'action': 'run_model', 'label': 'cf4c3ec5-6bc5-48fc-afcf-228f36fd21e0', 'context': [<snowplow_tracker.self_describing_json.SelfDescribingJson object at 0x7cda4eb89390>]}
[0m13:47:49.950863 [debug] [Thread-3 (]: Sending event: {'category': 'dbt', 'action': 'run_model', 'label': 'cf4c3ec5-6bc5-48fc-afcf-228f36fd21e0', 'context': [<snowplow_tracker.self_describing_json.SelfDescribingJson object at 0x7cda1809ea70>]}
[0m13:47:49.952142 [info ] [Thread-2 (]: 1 of 9 OK created sql view model silver.stg_accounts ........................... [[32mSUCCESS 1[0m in 0.39s]
[0m13:47:49.953671 [info ] [Thread-3 (]: 2 of 9 OK created sql view model silver.stg_customers .......................... [[32mSUCCESS 1[0m in 0.43s]
[0m13:47:49.955588 [debug] [Thread-2 (]: Finished running node model.real_estate_pipeline.stg_accounts
[0m13:47:49.956798 [debug] [Thread-3 (]: Finished running node model.real_estate_pipeline.stg_customers
[0m13:47:49.957751 [debug] [Thread-2 (]: Began running node model.real_estate_pipeline.dim_accounts
[0m13:47:49.958420 [debug] [Thread-3 (]: Began running node model.real_estate_pipeline.dim_customers
[0m13:47:49.958921 [info ] [Thread-2 (]: 5 of 9 START sql table model gold.dim_accounts ................................. [RUN]
[0m13:47:49.959817 [info ] [Thread-3 (]: 6 of 9 START sql table model gold.dim_customers ................................ [RUN]
[0m13:47:49.961079 [debug] [Thread-2 (]: Re-using an available connection from the pool (formerly model.real_estate_pipeline.stg_accounts, now model.real_estate_pipeline.dim_accounts)
[0m13:47:49.962045 [debug] [Thread-3 (]: Re-using an available connection from the pool (formerly model.real_estate_pipeline.stg_customers, now model.real_estate_pipeline.dim_customers)
[0m13:47:49.962857 [debug] [Thread-2 (]: Began compiling node model.real_estate_pipeline.dim_accounts
[0m13:47:49.964089 [debug] [Thread-3 (]: Began compiling node model.real_estate_pipeline.dim_customers
[0m13:47:49.967401 [debug] [Thread-2 (]: Writing injected SQL for node "model.real_estate_pipeline.dim_accounts"
[0m13:47:49.970043 [debug] [Thread-3 (]: Writing injected SQL for node "model.real_estate_pipeline.dim_customers"
[0m13:47:49.980222 [debug] [Thread-3 (]: Began executing node model.real_estate_pipeline.dim_customers
[0m13:47:49.998390 [debug] [Thread-2 (]: Began executing node model.real_estate_pipeline.dim_accounts
[0m13:47:50.010160 [debug] [Thread-3 (]: Writing runtime sql for node "model.real_estate_pipeline.dim_customers"
[0m13:47:50.011844 [debug] [Thread-2 (]: Writing runtime sql for node "model.real_estate_pipeline.dim_accounts"
[0m13:47:50.024267 [debug] [Thread-2 (]: Using snowflake connection "model.real_estate_pipeline.dim_accounts"
[0m13:47:50.033269 [debug] [Thread-3 (]: Using snowflake connection "model.real_estate_pipeline.dim_customers"
[0m13:47:50.033649 [debug] [Thread-2 (]: On model.real_estate_pipeline.dim_accounts: create or replace transient table FINANCE_DW.gold.dim_accounts
    
    
    
    
    

    as (select
    account_id,
    customer_id,
    account_type_id,
    account_status_id,
    balance,
    opening_date
from FINANCE_DW.silver.stg_accounts
    )

/* {"app": "dbt", "dbt_version": "1.12.0", "profile_name": "dbt_project", "target_name": "dev", "node_id": "model.real_estate_pipeline.dim_accounts"} */;
[0m13:47:50.034792 [debug] [Thread-3 (]: On model.real_estate_pipeline.dim_customers: create or replace transient table FINANCE_DW.gold.dim_customers
    
    
    
    
    

    as (with customers as (
    select * from FINANCE_DW.silver.stg_customers
),
accounts as (
    select 
        customer_id,
        count(account_id) as total_accounts,
        sum(balance) as total_balance
    from FINANCE_DW.silver.stg_accounts
    group by customer_id
)

select
    c.customer_id,
    c.first_name,
    c.last_name,
    c.date_of_birth,
    c.customer_type_id,
    coalesce(a.total_accounts, 0) as total_accounts,
    coalesce(a.total_balance, 0) as total_balance
from customers c
left join accounts a on c.customer_id = a.customer_id
    )

/* {"app": "dbt", "dbt_version": "1.12.0", "profile_name": "dbt_project", "target_name": "dev", "node_id": "model.real_estate_pipeline.dim_customers"} */;
[0m13:47:50.273664 [debug] [Thread-5 (]: SQL status: SUCCESS 1 in 0.656 seconds
[0m13:47:50.275294 [debug] [Thread-4 (]: SQL status: SUCCESS 1 in 0.656 seconds
[0m13:47:50.279225 [debug] [Thread-5 (]: Sending event: {'category': 'dbt', 'action': 'run_model', 'label': 'cf4c3ec5-6bc5-48fc-afcf-228f36fd21e0', 'context': [<snowplow_tracker.self_describing_json.SelfDescribingJson object at 0x7cda13fc8d00>]}
[0m13:47:50.281555 [debug] [Thread-4 (]: Sending event: {'category': 'dbt', 'action': 'run_model', 'label': 'cf4c3ec5-6bc5-48fc-afcf-228f36fd21e0', 'context': [<snowplow_tracker.self_describing_json.SelfDescribingJson object at 0x7cda13fc9000>]}
[0m13:47:50.282649 [info ] [Thread-5 (]: 4 of 9 OK created sql view model silver.stg_transactions ....................... [[32mSUCCESS 1[0m in 0.76s]
[0m13:47:50.283978 [info ] [Thread-4 (]: 3 of 9 OK created sql view model silver.stg_loans .............................. [[32mSUCCESS 1[0m in 0.77s]
[0m13:47:50.284880 [debug] [Thread-5 (]: Finished running node model.real_estate_pipeline.stg_transactions
[0m13:47:50.285679 [debug] [Thread-4 (]: Finished running node model.real_estate_pipeline.stg_loans
[0m13:47:50.286710 [debug] [Thread-5 (]: Began running node model.real_estate_pipeline.fct_transactions
[0m13:47:50.287462 [debug] [Thread-4 (]: Began running node model.real_estate_pipeline.dim_date
[0m13:47:50.288003 [info ] [Thread-5 (]: 7 of 9 START sql table model gold.fct_transactions ............................. [RUN]
[0m13:47:50.289017 [info ] [Thread-4 (]: 8 of 9 START sql table model gold.dim_date ..................................... [RUN]
[0m13:47:50.290274 [debug] [Thread-5 (]: Re-using an available connection from the pool (formerly model.real_estate_pipeline.stg_transactions, now model.real_estate_pipeline.fct_transactions)
[0m13:47:50.291114 [debug] [Thread-4 (]: Re-using an available connection from the pool (formerly model.real_estate_pipeline.stg_loans, now model.real_estate_pipeline.dim_date)
[0m13:47:50.292122 [debug] [Thread-5 (]: Began compiling node model.real_estate_pipeline.fct_transactions
[0m13:47:50.292893 [debug] [Thread-4 (]: Began compiling node model.real_estate_pipeline.dim_date
[0m13:47:50.296655 [debug] [Thread-5 (]: Writing injected SQL for node "model.real_estate_pipeline.fct_transactions"
[0m13:47:50.298942 [debug] [Thread-4 (]: Writing injected SQL for node "model.real_estate_pipeline.dim_date"
[0m13:47:50.329354 [debug] [Thread-5 (]: Began executing node model.real_estate_pipeline.fct_transactions
[0m13:47:50.342522 [debug] [Thread-5 (]: Writing runtime sql for node "model.real_estate_pipeline.fct_transactions"
[0m13:47:50.344019 [debug] [Thread-4 (]: Began executing node model.real_estate_pipeline.dim_date
[0m13:47:50.346029 [debug] [Thread-4 (]: Writing runtime sql for node "model.real_estate_pipeline.dim_date"
[0m13:47:50.355076 [debug] [Thread-4 (]: Using snowflake connection "model.real_estate_pipeline.dim_date"
[0m13:47:50.355979 [debug] [Thread-4 (]: On model.real_estate_pipeline.dim_date: create or replace transient table FINANCE_DW.gold.dim_date
    
    
    
    
    

    as (with dates as (
    select transaction_date::date as date_day from FINANCE_DW.silver.stg_transactions
    union
    select start_date::date as date_day from FINANCE_DW.silver.stg_loans
    union
    select opening_date::date as date_day from FINANCE_DW.silver.stg_accounts
)

select distinct
    to_char(date_day, 'YYYYMMDD')::int as date_id,
    date_day as full_date,
    year(date_day) as year,
    quarter(date_day) as quarter,
    month(date_day) as month,
    monthname(date_day) as month_name,
    day(date_day) as day,
    dayname(date_day) as day_of_week
from dates
where date_day is not null
    )

/* {"app": "dbt", "dbt_version": "1.12.0", "profile_name": "dbt_project", "target_name": "dev", "node_id": "model.real_estate_pipeline.dim_date"} */;
[0m13:47:50.357532 [debug] [Thread-5 (]: Using snowflake connection "model.real_estate_pipeline.fct_transactions"
[0m13:47:50.359706 [debug] [Thread-5 (]: On model.real_estate_pipeline.fct_transactions: create or replace transient table FINANCE_DW.gold.fct_transactions
    
    
    
    
    

    as (select
    t.transaction_id,
    t.account_origin_id,
    t.account_destination_id,
    a.customer_id as origin_customer_id,
    t.transaction_type_id,
    t.branch_id,
    to_char(t.transaction_date::date, 'YYYYMMDD')::int as date_id,
    t.transaction_date,
    t.amount
from FINANCE_DW.silver.stg_transactions t
left join FINANCE_DW.silver.stg_accounts a on t.account_origin_id = a.account_id
    )

/* {"app": "dbt", "dbt_version": "1.12.0", "profile_name": "dbt_project", "target_name": "dev", "node_id": "model.real_estate_pipeline.fct_transactions"} */;
[0m13:47:51.295216 [debug] [Thread-2 (]: SQL status: SUCCESS 1651 in 1.259 seconds
[0m13:47:51.300192 [debug] [Thread-2 (]: Sending event: {'category': 'dbt', 'action': 'run_model', 'label': 'cf4c3ec5-6bc5-48fc-afcf-228f36fd21e0', 'context': [<snowplow_tracker.self_describing_json.SelfDescribingJson object at 0x7cda18ccb670>]}
[0m13:47:51.301532 [info ] [Thread-2 (]: 5 of 9 OK created sql table model gold.dim_accounts ............................ [[32mSUCCESS 1651[0m in 1.34s]
[0m13:47:51.303042 [debug] [Thread-2 (]: Finished running node model.real_estate_pipeline.dim_accounts
[0m13:47:51.303987 [debug] [Thread-2 (]: Began running node model.real_estate_pipeline.fct_loans
[0m13:47:51.304966 [info ] [Thread-2 (]: 9 of 9 START sql table model gold.fct_loans .................................... [RUN]
[0m13:47:51.306077 [debug] [Thread-2 (]: Re-using an available connection from the pool (formerly model.real_estate_pipeline.dim_accounts, now model.real_estate_pipeline.fct_loans)
[0m13:47:51.306836 [debug] [Thread-2 (]: Began compiling node model.real_estate_pipeline.fct_loans
[0m13:47:51.308723 [debug] [Thread-2 (]: Writing injected SQL for node "model.real_estate_pipeline.fct_loans"
[0m13:47:51.335734 [debug] [Thread-2 (]: Began executing node model.real_estate_pipeline.fct_loans
[0m13:47:51.342173 [debug] [Thread-2 (]: Writing runtime sql for node "model.real_estate_pipeline.fct_loans"
[0m13:47:51.356130 [debug] [Thread-2 (]: Using snowflake connection "model.real_estate_pipeline.fct_loans"
[0m13:47:51.356877 [debug] [Thread-2 (]: On model.real_estate_pipeline.fct_loans: create or replace transient table FINANCE_DW.gold.fct_loans
    
    
    
    
    

    as (select
    l.loan_id,
    l.account_id,
    a.customer_id,
    l.loan_status_id,
    to_char(l.start_date::date, 'YYYYMMDD')::int as date_id,
    l.principal_amount,
    l.interest_rate,
    l.start_date,
    l.estimated_end_date
from FINANCE_DW.silver.stg_loans l
left join FINANCE_DW.silver.stg_accounts a on l.account_id = a.account_id
    )

/* {"app": "dbt", "dbt_version": "1.12.0", "profile_name": "dbt_project", "target_name": "dev", "node_id": "model.real_estate_pipeline.fct_loans"} */;
[0m13:47:51.367828 [debug] [Thread-3 (]: SQL status: SUCCESS 1100 in 1.331 seconds
[0m13:47:51.369968 [debug] [Thread-3 (]: Sending event: {'category': 'dbt', 'action': 'run_model', 'label': 'cf4c3ec5-6bc5-48fc-afcf-228f36fd21e0', 'context': [<snowplow_tracker.self_describing_json.SelfDescribingJson object at 0x7cda13e2dbd0>]}
[0m13:47:51.370936 [info ] [Thread-3 (]: 6 of 9 OK created sql table model gold.dim_customers ........................... [[32mSUCCESS 1100[0m in 1.41s]
[0m13:47:51.372493 [debug] [Thread-3 (]: Finished running node model.real_estate_pipeline.dim_customers
[0m13:47:51.529043 [debug] [Thread-5 (]: SQL status: SUCCESS 49500 in 1.167 seconds
[0m13:47:51.534813 [debug] [Thread-5 (]: Sending event: {'category': 'dbt', 'action': 'run_model', 'label': 'cf4c3ec5-6bc5-48fc-afcf-228f36fd21e0', 'context': [<snowplow_tracker.self_describing_json.SelfDescribingJson object at 0x7cda1150ecb0>]}
[0m13:47:51.536230 [info ] [Thread-5 (]: 7 of 9 OK created sql table model gold.fct_transactions ........................ [[32mSUCCESS 49500[0m in 1.24s]
[0m13:47:51.537866 [debug] [Thread-5 (]: Finished running node model.real_estate_pipeline.fct_transactions
[0m13:47:51.588382 [debug] [Thread-4 (]: SQL status: SUCCESS 2253 in 1.230 seconds
[0m13:47:51.593258 [debug] [Thread-4 (]: Sending event: {'category': 'dbt', 'action': 'run_model', 'label': 'cf4c3ec5-6bc5-48fc-afcf-228f36fd21e0', 'context': [<snowplow_tracker.self_describing_json.SelfDescribingJson object at 0x7cda18b26170>]}
[0m13:47:51.594404 [info ] [Thread-4 (]: 8 of 9 OK created sql table model gold.dim_date ................................ [[32mSUCCESS 2253[0m in 1.30s]
[0m13:47:51.595769 [debug] [Thread-4 (]: Finished running node model.real_estate_pipeline.dim_date
[0m13:47:52.235943 [debug] [Thread-2 (]: SQL status: SUCCESS 330 in 0.878 seconds
[0m13:47:52.240429 [debug] [Thread-2 (]: Sending event: {'category': 'dbt', 'action': 'run_model', 'label': 'cf4c3ec5-6bc5-48fc-afcf-228f36fd21e0', 'context': [<snowplow_tracker.self_describing_json.SelfDescribingJson object at 0x7cda18ccb670>]}
[0m13:47:52.242559 [info ] [Thread-2 (]: 9 of 9 OK created sql table model gold.fct_loans ............................... [[32mSUCCESS 330[0m in 0.93s]
[0m13:47:52.244536 [debug] [Thread-2 (]: Finished running node model.real_estate_pipeline.fct_loans
[0m13:47:52.247874 [debug] [MainThread]: Connection 'master' was properly closed.
[0m13:47:52.249910 [debug] [MainThread]: Connection 'model.real_estate_pipeline.dim_customers' was left open.
[0m13:47:52.251039 [debug] [MainThread]: On model.real_estate_pipeline.dim_customers: Close
[0m13:47:52.397695 [debug] [MainThread]: Connection 'model.real_estate_pipeline.fct_loans' was left open.
[0m13:47:52.399247 [debug] [MainThread]: On model.real_estate_pipeline.fct_loans: Close
[0m13:47:52.564931 [debug] [MainThread]: Connection 'model.real_estate_pipeline.dim_date' was left open.
[0m13:47:52.567550 [debug] [MainThread]: On model.real_estate_pipeline.dim_date: Close
[0m13:47:52.725010 [debug] [MainThread]: Connection 'model.real_estate_pipeline.fct_transactions' was left open.
[0m13:47:52.727924 [debug] [MainThread]: On model.real_estate_pipeline.fct_transactions: Close
[0m13:47:52.934193 [info ] [MainThread]: 
[0m13:47:52.937175 [info ] [MainThread]: Finished running 5 table models, 4 view models in 0 hours 0 minutes and 5.25 seconds (5.25s).
[0m13:47:52.941365 [debug] [MainThread]: Command end result
[0m13:47:52.987380 [debug] [MainThread]: Wrote artifact WritableManifest to /opt/airflow/dbt_project/target/manifest.json
[0m13:47:53.010795 [debug] [MainThread]: Wrote artifact SemanticManifest to /opt/airflow/dbt_project/target/semantic_manifest.json
[0m13:47:53.014602 [debug] [MainThread]: Wrote artifact OsiDocument to /opt/airflow/dbt_project/target/osi_document.json
[0m13:47:53.079971 [debug] [MainThread]: Wrote artifact RunExecutionResult to /opt/airflow/dbt_project/target/run_results.json
[0m13:47:53.083249 [info ] [MainThread]: 
[0m13:47:53.084119 [info ] [MainThread]: [32mCompleted successfully[0m
[0m13:47:53.085391 [info ] [MainThread]: 
[0m13:47:53.086636 [info ] [MainThread]: Done. PASS=9 WARN=0 ERROR=0 SKIP=0 NO-OP=0 REUSED=0 TOTAL=9
[0m13:47:53.088762 [debug] [MainThread]: Resource report: {"command_name": "run", "command_success": true, "command_wall_clock_time": 7.1330357, "process_in_blocks": "114536", "process_kernel_time": 1.368385, "process_mem_max_rss": "226224", "process_out_blocks": "16", "process_user_time": 3.03028}
[0m13:47:53.089719 [debug] [MainThread]: Command `dbt run` succeeded at 13:47:53.089631 after 7.13 seconds
[0m13:47:53.090858 [debug] [MainThread]: Sending event: {'category': 'dbt', 'action': 'invocation', 'label': 'end', 'context': [<snowplow_tracker.self_describing_json.SelfDescribingJson object at 0x7cda502d9cf0>, <snowplow_tracker.self_describing_json.SelfDescribingJson object at 0x7cda13fc8a90>, <snowplow_tracker.self_describing_json.SelfDescribingJson object at 0x7cda18c4a950>]}
[0m13:47:53.091557 [debug] [MainThread]: Flushing usage events
[0m13:47:53.846454 [debug] [MainThread]: An error was encountered while trying to flush usage events
[0m13:49:25.483564 [debug] [MainThread]: Sending event: {'category': 'dbt', 'action': 'invocation', 'label': 'start', 'context': [<snowplow_tracker.self_describing_json.SelfDescribingJson object at 0x741e1b1d9d50>, <snowplow_tracker.self_describing_json.SelfDescribingJson object at 0x741e19a8e560>, <snowplow_tracker.self_describing_json.SelfDescribingJson object at 0x741e19a8e500>]}


============================== 13:49:25.490069 | b0ed0b6d-c12c-4788-a40a-10a5a3a78d34 ==============================
[0m13:49:25.490069 [info ] [MainThread]: Running with dbt=1.12.0
[0m13:49:25.491650 [debug] [MainThread]: running dbt with arguments {'debug': 'False', 'static_parser': 'True', 'target_path': 'None', 'empty': 'False', 'invocation_command': 'dbt run', 'cache_selected_only': 'False', 'log_format': 'default', 'introspect': 'True', 'log_path': '/opt/airflow/dbt_project/logs', 'log_cache_events': 'False', 'partial_parse': 'True', 'no_print': 'None', 'hints_enabled': 'True', 'warn_error_options': 'WarnErrorOptionsV2(error=[], warn=[], silence=[])', 'send_anonymous_usage_stats': 'True', 'fail_fast': 'False', 'use_colors': 'True', 'printer_width': '80', 'write_json': 'True', 'use_experimental_parser': 'False', 'quiet': 'False', 'indirect_selection': 'eager', 'version_check': 'True', 'maximum_seed_size_mib': '1', 'warn_error': 'None', 'profiles_dir': '/opt/airflow/dbt_project'}
[0m13:49:26.179874 [debug] [MainThread]: Snowflake adapter: Setting snowflake.connector to ERROR (file logging only)
[0m13:49:26.185110 [debug] [MainThread]: Snowflake adapter: Setting botocore to ERROR (file logging only)
[0m13:49:26.186116 [debug] [MainThread]: Snowflake adapter: Setting boto3 to ERROR (file logging only)
[0m13:49:26.369069 [debug] [MainThread]: Sending event: {'category': 'dbt', 'action': 'project_id', 'label': 'b0ed0b6d-c12c-4788-a40a-10a5a3a78d34', 'context': [<snowplow_tracker.self_describing_json.SelfDescribingJson object at 0x741de8272b00>]}
[0m13:49:26.416089 [debug] [MainThread]: Sending event: {'category': 'dbt', 'action': 'adapter_info', 'label': 'b0ed0b6d-c12c-4788-a40a-10a5a3a78d34', 'context': [<snowplow_tracker.self_describing_json.SelfDescribingJson object at 0x741e19b7ada0>]}
[0m13:49:26.419673 [info ] [MainThread]: Registered adapter: snowflake=1.12.0
[0m13:49:26.504336 [debug] [MainThread]: checksum: 17b8c0eed372bdc76158915a5b86153b95ebcdfebef695d6713d3c569800f71e, vars: {}, profile: dbt_project, target: dev, version: 1.12.0
[0m13:49:26.775055 [debug] [MainThread]: Partial parsing enabled: 0 files deleted, 0 files added, 0 files changed.
[0m13:49:26.776123 [debug] [MainThread]: Nothing changed, skipping partial parsing.
[0m13:49:26.777325 [debug] [MainThread]: Partial parsing enabled, no changes found, skipping parsing
[0m13:49:26.785063 [debug] [MainThread]: Sending event: {'category': 'dbt', 'action': 'load_project', 'label': 'b0ed0b6d-c12c-4788-a40a-10a5a3a78d34', 'context': [<snowplow_tracker.self_describing_json.SelfDescribingJson object at 0x741de3cb1ff0>]}
[0m13:49:26.921832 [debug] [MainThread]: Wrote artifact WritableManifest to /opt/airflow/dbt_project/target/manifest.json
[0m13:49:26.927967 [debug] [MainThread]: Wrote artifact SemanticManifest to /opt/airflow/dbt_project/target/semantic_manifest.json
[0m13:49:26.946346 [debug] [MainThread]: Wrote artifact OsiDocument to /opt/airflow/dbt_project/target/osi_document.json
[0m13:49:26.965055 [debug] [MainThread]: Sending event: {'category': 'dbt', 'action': 'resource_counts', 'label': 'b0ed0b6d-c12c-4788-a40a-10a5a3a78d34', 'context': [<snowplow_tracker.self_describing_json.SelfDescribingJson object at 0x741de39951b0>]}
[0m13:49:26.975223 [info ] [MainThread]: Found 9 models, 21 data tests, 4 sources, 546 macros
[0m13:49:26.976967 [debug] [MainThread]: Sending event: {'category': 'dbt', 'action': 'runnable_timing', 'label': 'b0ed0b6d-c12c-4788-a40a-10a5a3a78d34', 'context': [<snowplow_tracker.self_describing_json.SelfDescribingJson object at 0x741de81bea10>]}
[0m13:49:26.994268 [info ] [MainThread]: 
[0m13:49:26.995121 [info ] [MainThread]: Concurrency: 4 threads (target='dev')
[0m13:49:26.995824 [info ] [MainThread]: 
[0m13:49:26.996515 [debug] [MainThread]: Acquiring new snowflake connection 'master'
[0m13:49:27.000679 [debug] [ThreadPool]: Acquiring new snowflake connection 'list_FINANCE_DW'
[0m13:49:27.001284 [debug] [ThreadPool]: Acquiring new snowflake connection 'list_FINANCE_DW'
[0m13:49:27.013369 [debug] [ThreadPool]: Using snowflake connection "list_FINANCE_DW"
[0m13:49:27.013925 [debug] [ThreadPool]: Using snowflake connection "list_FINANCE_DW"
[0m13:49:27.014625 [debug] [ThreadPool]: On list_FINANCE_DW: show terse schemas in database FINANCE_DW
    limit 10000
/* {"app": "dbt", "dbt_version": "1.12.0", "profile_name": "dbt_project", "target_name": "dev", "connection_name": "list_FINANCE_DW"} */
[0m13:49:27.015281 [debug] [ThreadPool]: On list_FINANCE_DW: show terse schemas in database FINANCE_DW
    limit 10000
/* {"app": "dbt", "dbt_version": "1.12.0", "profile_name": "dbt_project", "target_name": "dev", "connection_name": "list_FINANCE_DW"} */
[0m13:49:27.016120 [debug] [ThreadPool]: Opening a new connection, currently in state init
[0m13:49:27.016792 [debug] [ThreadPool]: Opening a new connection, currently in state init
[0m13:49:28.476874 [debug] [ThreadPool]: SQL status: SUCCESS 5 in 1.461 seconds
[0m13:49:28.489371 [debug] [ThreadPool]: SQL status: SUCCESS 5 in 1.472 seconds
[0m13:49:28.493907 [debug] [ThreadPool]: Re-using an available connection from the pool (formerly list_FINANCE_DW, now list_FINANCE_DW_silver)
[0m13:49:28.494582 [debug] [ThreadPool]: Re-using an available connection from the pool (formerly list_FINANCE_DW, now list_FINANCE_DW_gold)
[0m13:49:28.504337 [debug] [ThreadPool]: Using snowflake connection "list_FINANCE_DW_silver"
[0m13:49:28.505910 [debug] [ThreadPool]: Using snowflake connection "list_FINANCE_DW_gold"
[0m13:49:28.506675 [debug] [ThreadPool]: On list_FINANCE_DW_silver: show objects in FINANCE_DW.silver
    limit 10000
    

/* {"app": "dbt", "dbt_version": "1.12.0", "profile_name": "dbt_project", "target_name": "dev", "connection_name": "list_FINANCE_DW_silver"} */;
[0m13:49:28.507334 [debug] [ThreadPool]: On list_FINANCE_DW_gold: show objects in FINANCE_DW.gold
    limit 10000
    

/* {"app": "dbt", "dbt_version": "1.12.0", "profile_name": "dbt_project", "target_name": "dev", "connection_name": "list_FINANCE_DW_gold"} */;
[0m13:49:28.631679 [debug] [ThreadPool]: SQL status: SUCCESS 4 in 0.124 seconds
[0m13:49:28.637204 [debug] [ThreadPool]: Using snowflake connection "list_FINANCE_DW_silver"
[0m13:49:28.638386 [debug] [ThreadPool]: SQL status: SUCCESS 5 in 0.129 seconds
[0m13:49:28.639438 [debug] [ThreadPool]: On list_FINANCE_DW_silver: show user functions in FINANCE_DW.silver
/* {"app": "dbt", "dbt_version": "1.12.0", "profile_name": "dbt_project", "target_name": "dev", "connection_name": "list_FINANCE_DW_silver"} */
[0m13:49:28.641978 [debug] [ThreadPool]: Using snowflake connection "list_FINANCE_DW_gold"
[0m13:49:28.643637 [debug] [ThreadPool]: On list_FINANCE_DW_gold: show user functions in FINANCE_DW.gold
/* {"app": "dbt", "dbt_version": "1.12.0", "profile_name": "dbt_project", "target_name": "dev", "connection_name": "list_FINANCE_DW_gold"} */
[0m13:49:28.757222 [debug] [ThreadPool]: SQL status: SUCCESS 0 in 0.115 seconds
[0m13:49:28.758701 [debug] [ThreadPool]: SQL status: SUCCESS 0 in 0.114 seconds
[0m13:49:28.763246 [debug] [MainThread]: Sending event: {'category': 'dbt', 'action': 'runnable_timing', 'label': 'b0ed0b6d-c12c-4788-a40a-10a5a3a78d34', 'context': [<snowplow_tracker.self_describing_json.SelfDescribingJson object at 0x741de8f9b6a0>]}
[0m13:49:28.767055 [debug] [Thread-2 (]: Began running node model.real_estate_pipeline.stg_accounts
[0m13:49:28.767459 [debug] [Thread-3 (]: Began running node model.real_estate_pipeline.stg_customers
[0m13:49:28.767980 [debug] [Thread-4 (]: Began running node model.real_estate_pipeline.stg_loans
[0m13:49:28.768387 [debug] [Thread-5 (]: Began running node model.real_estate_pipeline.stg_transactions
[0m13:49:28.769125 [info ] [Thread-2 (]: 1 of 9 START sql view model silver.stg_accounts ................................ [RUN]
[0m13:49:28.770157 [info ] [Thread-3 (]: 2 of 9 START sql view model silver.stg_customers ............................... [RUN]
[0m13:49:28.770871 [info ] [Thread-4 (]: 3 of 9 START sql view model silver.stg_loans ................................... [RUN]
[0m13:49:28.772010 [info ] [Thread-5 (]: 4 of 9 START sql view model silver.stg_transactions ............................ [RUN]
[0m13:49:28.772653 [debug] [Thread-2 (]: Re-using an available connection from the pool (formerly list_FINANCE_DW_gold, now model.real_estate_pipeline.stg_accounts)
[0m13:49:28.773270 [debug] [Thread-3 (]: Re-using an available connection from the pool (formerly list_FINANCE_DW_silver, now model.real_estate_pipeline.stg_customers)
[0m13:49:28.773962 [debug] [Thread-4 (]: Acquiring new snowflake connection 'model.real_estate_pipeline.stg_loans'
[0m13:49:28.774636 [debug] [Thread-5 (]: Acquiring new snowflake connection 'model.real_estate_pipeline.stg_transactions'
[0m13:49:28.775386 [debug] [Thread-2 (]: Began compiling node model.real_estate_pipeline.stg_accounts
[0m13:49:28.776005 [debug] [Thread-3 (]: Began compiling node model.real_estate_pipeline.stg_customers
[0m13:49:28.776550 [debug] [Thread-4 (]: Began compiling node model.real_estate_pipeline.stg_loans
[0m13:49:28.777100 [debug] [Thread-5 (]: Began compiling node model.real_estate_pipeline.stg_transactions
[0m13:49:28.782473 [debug] [Thread-2 (]: Writing injected SQL for node "model.real_estate_pipeline.stg_accounts"
[0m13:49:28.784341 [debug] [Thread-3 (]: Writing injected SQL for node "model.real_estate_pipeline.stg_customers"
[0m13:49:28.786020 [debug] [Thread-4 (]: Writing injected SQL for node "model.real_estate_pipeline.stg_loans"
[0m13:49:28.787611 [debug] [Thread-5 (]: Writing injected SQL for node "model.real_estate_pipeline.stg_transactions"
[0m13:49:28.793039 [debug] [Thread-3 (]: Began executing node model.real_estate_pipeline.stg_customers
[0m13:49:28.793494 [debug] [Thread-4 (]: Began executing node model.real_estate_pipeline.stg_loans
[0m13:49:28.793986 [debug] [Thread-2 (]: Began executing node model.real_estate_pipeline.stg_accounts
[0m13:49:28.800005 [debug] [Thread-5 (]: Began executing node model.real_estate_pipeline.stg_transactions
[0m13:49:28.814690 [debug] [Thread-3 (]: Writing runtime sql for node "model.real_estate_pipeline.stg_customers"
[0m13:49:28.816594 [debug] [Thread-4 (]: Writing runtime sql for node "model.real_estate_pipeline.stg_loans"
[0m13:49:28.818677 [debug] [Thread-2 (]: Writing runtime sql for node "model.real_estate_pipeline.stg_accounts"
[0m13:49:28.821779 [debug] [Thread-5 (]: Writing runtime sql for node "model.real_estate_pipeline.stg_transactions"
[0m13:49:28.827787 [debug] [Thread-3 (]: Using snowflake connection "model.real_estate_pipeline.stg_customers"
[0m13:49:28.829024 [debug] [Thread-2 (]: Using snowflake connection "model.real_estate_pipeline.stg_accounts"
[0m13:49:28.830313 [debug] [Thread-4 (]: Using snowflake connection "model.real_estate_pipeline.stg_loans"
[0m13:49:28.831680 [debug] [Thread-3 (]: On model.real_estate_pipeline.stg_customers: create or replace   view FINANCE_DW.silver.stg_customers
  
  
  
  
  as (
    with source as (
    select
        $1::int as customer_id,
        trim($2)::varchar as first_name,
        trim($3)::varchar as last_name,
        try_to_timestamp(nullif(trim($4::varchar), 'NaT')) as date_of_birth,
        $5::int as address_id,
        $6::int as customer_type_id,
        row_number() over (
            partition by $1::int 
            order by $1::int
        ) as rn
    from FINANCE_DW.BRONZE.RAW_CUSTOMERS
)

select
    customer_id,
    first_name,
    last_name,
    date_of_birth,
    address_id,
    customer_type_id
from source
where rn = 1
  )
/* {"app": "dbt", "dbt_version": "1.12.0", "profile_name": "dbt_project", "target_name": "dev", "node_id": "model.real_estate_pipeline.stg_customers"} */;
[0m13:49:28.833100 [debug] [Thread-2 (]: On model.real_estate_pipeline.stg_accounts: create or replace   view FINANCE_DW.silver.stg_accounts
  
  
  
  
  as (
    with source as (
    select
        $1::int as account_id,
        $2::int as customer_id,
        $3::int as account_type_id,
        $4::int as account_status_id,
        $5::numeric(15,2) as balance,
        try_to_timestamp($6::varchar) as opening_date,
        row_number() over (
            partition by $1::int 
            order by try_to_timestamp($6::varchar) desc
        ) as rn
    from FINANCE_DW.BRONZE.RAW_ACCOUNTS
)

select
    account_id,
    customer_id,
    account_type_id,
    account_status_id,
    balance,
    opening_date
from source
where rn = 1
  )
/* {"app": "dbt", "dbt_version": "1.12.0", "profile_name": "dbt_project", "target_name": "dev", "node_id": "model.real_estate_pipeline.stg_accounts"} */;
[0m13:49:28.833976 [debug] [Thread-5 (]: Using snowflake connection "model.real_estate_pipeline.stg_transactions"
[0m13:49:28.834849 [debug] [Thread-4 (]: On model.real_estate_pipeline.stg_loans: create or replace   view FINANCE_DW.silver.stg_loans
  
  
  
  
  as (
    with source as (
    select
        $1::int as loan_id,
        $2::int as account_id,
        $3::int as loan_status_id,
        $4::numeric(15,2) as principal_amount,
        $5::numeric(5,4) as interest_rate,
        $6::timestamp as start_date,
        $7::timestamp as estimated_end_date,
        row_number() over (
            partition by $1::int 
            order by $6::timestamp desc
        ) as rn
    from FINANCE_DW.BRONZE.RAW_LOANS
)

select
    loan_id,
    account_id,
    loan_status_id,
    principal_amount,
    interest_rate,
    start_date,
    estimated_end_date
from source
where rn = 1
  )
/* {"app": "dbt", "dbt_version": "1.12.0", "profile_name": "dbt_project", "target_name": "dev", "node_id": "model.real_estate_pipeline.stg_loans"} */;
[0m13:49:28.839163 [debug] [Thread-5 (]: On model.real_estate_pipeline.stg_transactions: create or replace   view FINANCE_DW.silver.stg_transactions
  
  
  
  
  as (
    with source as (
    select
        $1::int as transaction_id,
        $2::int as account_origin_id,
        $3::int as account_destination_id,
        $4::int as transaction_type_id,
        $5::numeric(15,2) as amount,
        $6::timestamp as transaction_date,
        $7::int as branch_id,
        trim($8)::varchar as description,
        row_number() over (
            partition by $1::int 
            order by $6::timestamp desc
        ) as rn
    from FINANCE_DW.BRONZE.RAW_TRANSACTIONS
)

select
    transaction_id,
    account_origin_id,
    account_destination_id,
    transaction_type_id,
    amount,
    transaction_date,
    branch_id,
    description
from source
where rn = 1
  )
/* {"app": "dbt", "dbt_version": "1.12.0", "profile_name": "dbt_project", "target_name": "dev", "node_id": "model.real_estate_pipeline.stg_transactions"} */;
[0m13:49:28.840138 [debug] [Thread-4 (]: Opening a new connection, currently in state init
[0m13:49:28.840737 [debug] [Thread-5 (]: Opening a new connection, currently in state init
[0m13:49:29.089230 [debug] [Thread-3 (]: SQL status: SUCCESS 1 in 0.253 seconds
[0m13:49:29.091767 [debug] [Thread-2 (]: SQL status: SUCCESS 1 in 0.254 seconds
[0m13:49:29.157609 [debug] [Thread-3 (]: Sending event: {'category': 'dbt', 'action': 'run_model', 'label': 'b0ed0b6d-c12c-4788-a40a-10a5a3a78d34', 'context': [<snowplow_tracker.self_describing_json.SelfDescribingJson object at 0x741e198b1270>]}
[0m13:49:29.158648 [debug] [Thread-2 (]: Sending event: {'category': 'dbt', 'action': 'run_model', 'label': 'b0ed0b6d-c12c-4788-a40a-10a5a3a78d34', 'context': [<snowplow_tracker.self_describing_json.SelfDescribingJson object at 0x741e1c350f40>]}
[0m13:49:29.161039 [info ] [Thread-3 (]: 2 of 9 OK created sql view model silver.stg_customers .......................... [[32mSUCCESS 1[0m in 0.34s]
[0m13:49:29.163078 [info ] [Thread-2 (]: 1 of 9 OK created sql view model silver.stg_accounts ........................... [[32mSUCCESS 1[0m in 0.34s]
[0m13:49:29.164268 [debug] [Thread-3 (]: Finished running node model.real_estate_pipeline.stg_customers
[0m13:49:29.165590 [debug] [Thread-2 (]: Finished running node model.real_estate_pipeline.stg_accounts
[0m13:49:29.167217 [debug] [Thread-3 (]: Began running node model.real_estate_pipeline.dim_accounts
[0m13:49:29.167596 [debug] [Thread-2 (]: Began running node model.real_estate_pipeline.dim_customers
[0m13:49:29.168261 [info ] [Thread-3 (]: 5 of 9 START sql table model gold.dim_accounts ................................. [RUN]
[0m13:49:29.168946 [info ] [Thread-2 (]: 6 of 9 START sql table model gold.dim_customers ................................ [RUN]
[0m13:49:29.169642 [debug] [Thread-3 (]: Re-using an available connection from the pool (formerly model.real_estate_pipeline.stg_customers, now model.real_estate_pipeline.dim_accounts)
[0m13:49:29.170398 [debug] [Thread-2 (]: Re-using an available connection from the pool (formerly model.real_estate_pipeline.stg_accounts, now model.real_estate_pipeline.dim_customers)
[0m13:49:29.171060 [debug] [Thread-3 (]: Began compiling node model.real_estate_pipeline.dim_accounts
[0m13:49:29.171641 [debug] [Thread-2 (]: Began compiling node model.real_estate_pipeline.dim_customers
[0m13:49:29.173264 [debug] [Thread-3 (]: Writing injected SQL for node "model.real_estate_pipeline.dim_accounts"
[0m13:49:29.175133 [debug] [Thread-2 (]: Writing injected SQL for node "model.real_estate_pipeline.dim_customers"
[0m13:49:29.179217 [debug] [Thread-2 (]: Began executing node model.real_estate_pipeline.dim_customers
[0m13:49:29.179999 [debug] [Thread-3 (]: Began executing node model.real_estate_pipeline.dim_accounts
[0m13:49:29.199784 [debug] [Thread-2 (]: Writing runtime sql for node "model.real_estate_pipeline.dim_customers"
[0m13:49:29.204193 [debug] [Thread-3 (]: Writing runtime sql for node "model.real_estate_pipeline.dim_accounts"
[0m13:49:29.209871 [debug] [Thread-2 (]: Using snowflake connection "model.real_estate_pipeline.dim_customers"
[0m13:49:29.210529 [debug] [Thread-3 (]: Using snowflake connection "model.real_estate_pipeline.dim_accounts"
[0m13:49:29.211191 [debug] [Thread-2 (]: On model.real_estate_pipeline.dim_customers: create or replace transient table FINANCE_DW.gold.dim_customers
    
    
    
    
    

    as (with customers as (
    select * from FINANCE_DW.silver.stg_customers
),
accounts as (
    select 
        customer_id,
        count(account_id) as total_accounts,
        sum(balance) as total_balance
    from FINANCE_DW.silver.stg_accounts
    group by customer_id
)

select
    c.customer_id,
    c.first_name,
    c.last_name,
    c.date_of_birth,
    c.customer_type_id,
    coalesce(a.total_accounts, 0) as total_accounts,
    coalesce(a.total_balance, 0) as total_balance
from customers c
left join accounts a on c.customer_id = a.customer_id
    )

/* {"app": "dbt", "dbt_version": "1.12.0", "profile_name": "dbt_project", "target_name": "dev", "node_id": "model.real_estate_pipeline.dim_customers"} */;
[0m13:49:29.211798 [debug] [Thread-3 (]: On model.real_estate_pipeline.dim_accounts: create or replace transient table FINANCE_DW.gold.dim_accounts
    
    
    
    
    

    as (select
    account_id,
    customer_id,
    account_type_id,
    account_status_id,
    balance,
    opening_date
from FINANCE_DW.silver.stg_accounts
    )

/* {"app": "dbt", "dbt_version": "1.12.0", "profile_name": "dbt_project", "target_name": "dev", "node_id": "model.real_estate_pipeline.dim_accounts"} */;
[0m13:49:29.469925 [debug] [Thread-5 (]: SQL status: SUCCESS 1 in 0.629 seconds
[0m13:49:29.474835 [debug] [Thread-5 (]: Sending event: {'category': 'dbt', 'action': 'run_model', 'label': 'b0ed0b6d-c12c-4788-a40a-10a5a3a78d34', 'context': [<snowplow_tracker.self_describing_json.SelfDescribingJson object at 0x741de2ec5db0>]}
[0m13:49:29.476085 [info ] [Thread-5 (]: 4 of 9 OK created sql view model silver.stg_transactions ....................... [[32mSUCCESS 1[0m in 0.70s]
[0m13:49:29.477154 [debug] [Thread-5 (]: Finished running node model.real_estate_pipeline.stg_transactions
[0m13:49:29.478151 [debug] [Thread-5 (]: Began running node model.real_estate_pipeline.fct_transactions
[0m13:49:29.478826 [info ] [Thread-5 (]: 7 of 9 START sql table model gold.fct_transactions ............................. [RUN]
[0m13:49:29.479621 [debug] [Thread-5 (]: Re-using an available connection from the pool (formerly model.real_estate_pipeline.stg_transactions, now model.real_estate_pipeline.fct_transactions)
[0m13:49:29.480254 [debug] [Thread-5 (]: Began compiling node model.real_estate_pipeline.fct_transactions
[0m13:49:29.482140 [debug] [Thread-5 (]: Writing injected SQL for node "model.real_estate_pipeline.fct_transactions"
[0m13:49:29.486769 [debug] [Thread-5 (]: Began executing node model.real_estate_pipeline.fct_transactions
[0m13:49:29.488771 [debug] [Thread-5 (]: Writing runtime sql for node "model.real_estate_pipeline.fct_transactions"
[0m13:49:29.495095 [debug] [Thread-5 (]: Using snowflake connection "model.real_estate_pipeline.fct_transactions"
[0m13:49:29.496004 [debug] [Thread-5 (]: On model.real_estate_pipeline.fct_transactions: create or replace transient table FINANCE_DW.gold.fct_transactions
    
    
    
    
    

    as (select
    t.transaction_id,
    t.account_origin_id,
    t.account_destination_id,
    a.customer_id as origin_customer_id,
    t.transaction_type_id,
    t.branch_id,
    to_char(t.transaction_date::date, 'YYYYMMDD')::int as date_id,
    t.transaction_date,
    t.amount
from FINANCE_DW.silver.stg_transactions t
left join FINANCE_DW.silver.stg_accounts a on t.account_origin_id = a.account_id
    )

/* {"app": "dbt", "dbt_version": "1.12.0", "profile_name": "dbt_project", "target_name": "dev", "node_id": "model.real_estate_pipeline.fct_transactions"} */;
[0m13:49:29.792547 [debug] [Thread-3 (]: SQL status: SUCCESS 1651 in 0.579 seconds
[0m13:49:29.797450 [debug] [Thread-3 (]: Sending event: {'category': 'dbt', 'action': 'run_model', 'label': 'b0ed0b6d-c12c-4788-a40a-10a5a3a78d34', 'context': [<snowplow_tracker.self_describing_json.SelfDescribingJson object at 0x741e19b7bd60>]}
[0m13:49:29.798392 [info ] [Thread-3 (]: 5 of 9 OK created sql table model gold.dim_accounts ............................ [[32mSUCCESS 1651[0m in 0.63s]
[0m13:49:29.800297 [debug] [Thread-3 (]: Finished running node model.real_estate_pipeline.dim_accounts
[0m13:49:29.896569 [debug] [Thread-4 (]: SQL status: SUCCESS 1 in 1.056 seconds
[0m13:49:29.899861 [debug] [Thread-4 (]: Sending event: {'category': 'dbt', 'action': 'run_model', 'label': 'b0ed0b6d-c12c-4788-a40a-10a5a3a78d34', 'context': [<snowplow_tracker.self_describing_json.SelfDescribingJson object at 0x741de3903220>]}
[0m13:49:29.901363 [info ] [Thread-4 (]: 3 of 9 OK created sql view model silver.stg_loans .............................. [[32mSUCCESS 1[0m in 1.13s]
[0m13:49:29.903039 [debug] [Thread-4 (]: Finished running node model.real_estate_pipeline.stg_loans
[0m13:49:29.904546 [debug] [Thread-3 (]: Began running node model.real_estate_pipeline.dim_date
[0m13:49:29.904846 [debug] [Thread-4 (]: Began running node model.real_estate_pipeline.fct_loans
[0m13:49:29.905878 [info ] [Thread-3 (]: 8 of 9 START sql table model gold.dim_date ..................................... [RUN]
[0m13:49:29.907126 [info ] [Thread-4 (]: 9 of 9 START sql table model gold.fct_loans .................................... [RUN]
[0m13:49:29.908201 [debug] [Thread-3 (]: Re-using an available connection from the pool (formerly model.real_estate_pipeline.dim_accounts, now model.real_estate_pipeline.dim_date)
[0m13:49:29.909131 [debug] [Thread-4 (]: Re-using an available connection from the pool (formerly model.real_estate_pipeline.stg_loans, now model.real_estate_pipeline.fct_loans)
[0m13:49:29.909960 [debug] [Thread-3 (]: Began compiling node model.real_estate_pipeline.dim_date
[0m13:49:29.911109 [debug] [Thread-4 (]: Began compiling node model.real_estate_pipeline.fct_loans
[0m13:49:29.913937 [debug] [Thread-3 (]: Writing injected SQL for node "model.real_estate_pipeline.dim_date"
[0m13:49:29.916561 [debug] [Thread-4 (]: Writing injected SQL for node "model.real_estate_pipeline.fct_loans"
[0m13:49:29.924551 [debug] [Thread-3 (]: Began executing node model.real_estate_pipeline.dim_date
[0m13:49:29.927763 [debug] [Thread-3 (]: Writing runtime sql for node "model.real_estate_pipeline.dim_date"
[0m13:49:29.928235 [debug] [Thread-4 (]: Began executing node model.real_estate_pipeline.fct_loans
[0m13:49:29.931450 [debug] [Thread-4 (]: Writing runtime sql for node "model.real_estate_pipeline.fct_loans"
[0m13:49:29.936493 [debug] [Thread-3 (]: Using snowflake connection "model.real_estate_pipeline.dim_date"
[0m13:49:29.937336 [debug] [Thread-4 (]: Using snowflake connection "model.real_estate_pipeline.fct_loans"
[0m13:49:29.938592 [debug] [Thread-3 (]: On model.real_estate_pipeline.dim_date: create or replace transient table FINANCE_DW.gold.dim_date
    
    
    
    
    

    as (with dates as (
    select transaction_date::date as date_day from FINANCE_DW.silver.stg_transactions
    union
    select start_date::date as date_day from FINANCE_DW.silver.stg_loans
    union
    select opening_date::date as date_day from FINANCE_DW.silver.stg_accounts
)

select distinct
    to_char(date_day, 'YYYYMMDD')::int as date_id,
    date_day as full_date,
    year(date_day) as year,
    quarter(date_day) as quarter,
    month(date_day) as month,
    monthname(date_day) as month_name,
    day(date_day) as day,
    dayname(date_day) as day_of_week
from dates
where date_day is not null
    )

/* {"app": "dbt", "dbt_version": "1.12.0", "profile_name": "dbt_project", "target_name": "dev", "node_id": "model.real_estate_pipeline.dim_date"} */;
[0m13:49:29.939584 [debug] [Thread-4 (]: On model.real_estate_pipeline.fct_loans: create or replace transient table FINANCE_DW.gold.fct_loans
    
    
    
    
    

    as (select
    l.loan_id,
    l.account_id,
    a.customer_id,
    l.loan_status_id,
    to_char(l.start_date::date, 'YYYYMMDD')::int as date_id,
    l.principal_amount,
    l.interest_rate,
    l.start_date,
    l.estimated_end_date
from FINANCE_DW.silver.stg_loans l
left join FINANCE_DW.silver.stg_accounts a on l.account_id = a.account_id
    )

/* {"app": "dbt", "dbt_version": "1.12.0", "profile_name": "dbt_project", "target_name": "dev", "node_id": "model.real_estate_pipeline.fct_loans"} */;
[0m13:49:30.486195 [debug] [Thread-2 (]: SQL status: SUCCESS 1100 in 1.274 seconds
[0m13:49:30.489645 [debug] [Thread-2 (]: Sending event: {'category': 'dbt', 'action': 'run_model', 'label': 'b0ed0b6d-c12c-4788-a40a-10a5a3a78d34', 'context': [<snowplow_tracker.self_describing_json.SelfDescribingJson object at 0x741de2d45c00>]}
[0m13:49:30.491809 [info ] [Thread-2 (]: 6 of 9 OK created sql table model gold.dim_customers ........................... [[32mSUCCESS 1100[0m in 1.32s]
[0m13:49:30.493019 [debug] [Thread-2 (]: Finished running node model.real_estate_pipeline.dim_customers
[0m13:49:30.851079 [debug] [Thread-4 (]: SQL status: SUCCESS 330 in 0.909 seconds
[0m13:49:30.853996 [debug] [Thread-4 (]: Sending event: {'category': 'dbt', 'action': 'run_model', 'label': 'b0ed0b6d-c12c-4788-a40a-10a5a3a78d34', 'context': [<snowplow_tracker.self_describing_json.SelfDescribingJson object at 0x741de2ec64d0>]}
[0m13:49:30.855237 [info ] [Thread-4 (]: 9 of 9 OK created sql table model gold.fct_loans ............................... [[32mSUCCESS 330[0m in 0.94s]
[0m13:49:30.856392 [debug] [Thread-4 (]: Finished running node model.real_estate_pipeline.fct_loans
[0m13:49:30.873576 [debug] [Thread-5 (]: SQL status: SUCCESS 49500 in 1.377 seconds
[0m13:49:30.876359 [debug] [Thread-5 (]: Sending event: {'category': 'dbt', 'action': 'run_model', 'label': 'b0ed0b6d-c12c-4788-a40a-10a5a3a78d34', 'context': [<snowplow_tracker.self_describing_json.SelfDescribingJson object at 0x741de2ec63e0>]}
[0m13:49:30.878005 [info ] [Thread-5 (]: 7 of 9 OK created sql table model gold.fct_transactions ........................ [[32mSUCCESS 49500[0m in 1.40s]
[0m13:49:30.879012 [debug] [Thread-5 (]: Finished running node model.real_estate_pipeline.fct_transactions
[0m13:49:31.708718 [debug] [Thread-3 (]: SQL status: SUCCESS 2253 in 1.768 seconds
[0m13:49:31.713707 [debug] [Thread-3 (]: Sending event: {'category': 'dbt', 'action': 'run_model', 'label': 'b0ed0b6d-c12c-4788-a40a-10a5a3a78d34', 'context': [<snowplow_tracker.self_describing_json.SelfDescribingJson object at 0x741de2eef9a0>]}
[0m13:49:31.715261 [info ] [Thread-3 (]: 8 of 9 OK created sql table model gold.dim_date ................................ [[32mSUCCESS 2253[0m in 1.81s]
[0m13:49:31.716413 [debug] [Thread-3 (]: Finished running node model.real_estate_pipeline.dim_date
[0m13:49:31.718097 [debug] [MainThread]: Connection 'master' was properly closed.
[0m13:49:31.718690 [debug] [MainThread]: Connection 'model.real_estate_pipeline.dim_customers' was left open.
[0m13:49:31.719191 [debug] [MainThread]: On model.real_estate_pipeline.dim_customers: Close
[0m13:49:31.946182 [debug] [MainThread]: Connection 'model.real_estate_pipeline.dim_date' was left open.
[0m13:49:31.947335 [debug] [MainThread]: On model.real_estate_pipeline.dim_date: Close
[0m13:49:32.092921 [debug] [MainThread]: Connection 'model.real_estate_pipeline.fct_loans' was left open.
[0m13:49:32.094021 [debug] [MainThread]: On model.real_estate_pipeline.fct_loans: Close
[0m13:49:32.262745 [debug] [MainThread]: Connection 'model.real_estate_pipeline.fct_transactions' was left open.
[0m13:49:32.265938 [debug] [MainThread]: On model.real_estate_pipeline.fct_transactions: Close
[0m13:49:32.440125 [info ] [MainThread]: 
[0m13:49:32.442904 [info ] [MainThread]: Finished running 5 table models, 4 view models in 0 hours 0 minutes and 5.44 seconds (5.44s).
[0m13:49:32.446457 [debug] [MainThread]: Command end result
[0m13:49:32.498316 [debug] [MainThread]: Wrote artifact WritableManifest to /opt/airflow/dbt_project/target/manifest.json
[0m13:49:32.514897 [debug] [MainThread]: Wrote artifact SemanticManifest to /opt/airflow/dbt_project/target/semantic_manifest.json
[0m13:49:32.519942 [debug] [MainThread]: Wrote artifact OsiDocument to /opt/airflow/dbt_project/target/osi_document.json
[0m13:49:32.531116 [debug] [MainThread]: Wrote artifact RunExecutionResult to /opt/airflow/dbt_project/target/run_results.json
[0m13:49:32.532117 [info ] [MainThread]: 
[0m13:49:32.533378 [info ] [MainThread]: [32mCompleted successfully[0m
[0m13:49:32.534513 [info ] [MainThread]: 
[0m13:49:32.535547 [info ] [MainThread]: Done. PASS=9 WARN=0 ERROR=0 SKIP=0 NO-OP=0 REUSED=0 TOTAL=9
[0m13:49:32.536837 [debug] [MainThread]: Resource report: {"command_name": "run", "command_success": true, "command_wall_clock_time": 7.2041388, "process_in_blocks": "84016", "process_kernel_time": 1.471324, "process_mem_max_rss": "226960", "process_out_blocks": "224", "process_user_time": 3.132497}
[0m13:49:32.537702 [debug] [MainThread]: Command `dbt run` succeeded at 13:49:32.537611 after 7.21 seconds
[0m13:49:32.538465 [debug] [MainThread]: Sending event: {'category': 'dbt', 'action': 'invocation', 'label': 'end', 'context': [<snowplow_tracker.self_describing_json.SelfDescribingJson object at 0x741e1b1d9d50>, <snowplow_tracker.self_describing_json.SelfDescribingJson object at 0x741e1cbc2c50>, <snowplow_tracker.self_describing_json.SelfDescribingJson object at 0x741e19b7ada0>]}
[0m13:49:32.539216 [debug] [MainThread]: Flushing usage events
[0m13:49:33.166981 [debug] [MainThread]: An error was encountered while trying to flush usage events
[0m13:49:36.048074 [debug] [MainThread]: Sending event: {'category': 'dbt', 'action': 'invocation', 'label': 'start', 'context': [<snowplow_tracker.self_describing_json.SelfDescribingJson object at 0x7261f3a71cf0>, <snowplow_tracker.self_describing_json.SelfDescribingJson object at 0x7261f2332800>, <snowplow_tracker.self_describing_json.SelfDescribingJson object at 0x7261f23327a0>]}


============================== 13:49:36.052193 | f1e9e449-09f8-4878-8eca-0397f1288d7d ==============================
[0m13:49:36.052193 [info ] [MainThread]: Running with dbt=1.12.0
[0m13:49:36.053325 [debug] [MainThread]: running dbt with arguments {'profiles_dir': '/opt/airflow/dbt_project', 'quiet': 'False', 'debug': 'False', 'log_format': 'default', 'warn_error': 'None', 'version_check': 'True', 'log_path': '/opt/airflow/dbt_project/logs', 'empty': 'None', 'warn_error_options': 'WarnErrorOptionsV2(error=[], warn=[], silence=[])', 'cache_selected_only': 'False', 'send_anonymous_usage_stats': 'True', 'fail_fast': 'False', 'invocation_command': 'dbt test', 'log_cache_events': 'False', 'static_parser': 'True', 'target_path': 'None', 'partial_parse': 'True', 'printer_width': '80', 'maximum_seed_size_mib': '1', 'no_print': 'None', 'hints_enabled': 'True', 'write_json': 'True', 'use_colors': 'True', 'introspect': 'True', 'use_experimental_parser': 'False', 'indirect_selection': 'eager'}
[0m13:49:36.554976 [debug] [MainThread]: Snowflake adapter: Setting snowflake.connector to ERROR (file logging only)
[0m13:49:36.556165 [debug] [MainThread]: Snowflake adapter: Setting botocore to ERROR (file logging only)
[0m13:49:36.557014 [debug] [MainThread]: Snowflake adapter: Setting boto3 to ERROR (file logging only)
[0m13:49:36.714984 [debug] [MainThread]: Sending event: {'category': 'dbt', 'action': 'project_id', 'label': 'f1e9e449-09f8-4878-8eca-0397f1288d7d', 'context': [<snowplow_tracker.self_describing_json.SelfDescribingJson object at 0x7261f2355b40>]}
[0m13:49:36.762762 [debug] [MainThread]: Sending event: {'category': 'dbt', 'action': 'adapter_info', 'label': 'f1e9e449-09f8-4878-8eca-0397f1288d7d', 'context': [<snowplow_tracker.self_describing_json.SelfDescribingJson object at 0x7261f2634910>]}
[0m13:49:36.765236 [info ] [MainThread]: Registered adapter: snowflake=1.12.0
[0m13:49:36.844720 [debug] [MainThread]: checksum: 17b8c0eed372bdc76158915a5b86153b95ebcdfebef695d6713d3c569800f71e, vars: {}, profile: dbt_project, target: dev, version: 1.12.0
[0m13:49:37.153504 [debug] [MainThread]: Partial parsing enabled: 0 files deleted, 0 files added, 0 files changed.
[0m13:49:37.154402 [debug] [MainThread]: Nothing changed, skipping partial parsing.
[0m13:49:37.155402 [debug] [MainThread]: Partial parsing enabled, no changes found, skipping parsing
[0m13:49:37.162744 [debug] [MainThread]: Sending event: {'category': 'dbt', 'action': 'load_project', 'label': 'f1e9e449-09f8-4878-8eca-0397f1288d7d', 'context': [<snowplow_tracker.self_describing_json.SelfDescribingJson object at 0x7261bc6161a0>]}
[0m13:49:37.296482 [debug] [MainThread]: Wrote artifact WritableManifest to /opt/airflow/dbt_project/target/manifest.json
[0m13:49:37.300980 [debug] [MainThread]: Wrote artifact SemanticManifest to /opt/airflow/dbt_project/target/semantic_manifest.json
[0m13:49:37.315353 [debug] [MainThread]: Wrote artifact OsiDocument to /opt/airflow/dbt_project/target/osi_document.json
[0m13:49:37.339754 [debug] [MainThread]: Sending event: {'category': 'dbt', 'action': 'resource_counts', 'label': 'f1e9e449-09f8-4878-8eca-0397f1288d7d', 'context': [<snowplow_tracker.self_describing_json.SelfDescribingJson object at 0x7261bc32bb80>]}
[0m13:49:37.340641 [info ] [MainThread]: Found 9 models, 21 data tests, 4 sources, 546 macros
[0m13:49:37.341461 [debug] [MainThread]: Sending event: {'category': 'dbt', 'action': 'runnable_timing', 'label': 'f1e9e449-09f8-4878-8eca-0397f1288d7d', 'context': [<snowplow_tracker.self_describing_json.SelfDescribingJson object at 0x7261bcc1bf10>]}
[0m13:49:37.344547 [info ] [MainThread]: 
[0m13:49:37.346839 [info ] [MainThread]: Concurrency: 4 threads (target='dev')
[0m13:49:37.361223 [info ] [MainThread]: 
[0m13:49:37.363270 [debug] [MainThread]: Acquiring new snowflake connection 'master'
[0m13:49:37.368035 [debug] [ThreadPool]: Acquiring new snowflake connection 'list_FINANCE_DW_gold'
[0m13:49:37.368710 [debug] [ThreadPool]: Acquiring new snowflake connection 'list_FINANCE_DW_silver'
[0m13:49:37.383761 [debug] [ThreadPool]: Using snowflake connection "list_FINANCE_DW_gold"
[0m13:49:37.384881 [debug] [ThreadPool]: Using snowflake connection "list_FINANCE_DW_silver"
[0m13:49:37.385962 [debug] [ThreadPool]: On list_FINANCE_DW_gold: show objects in FINANCE_DW.gold
    limit 10000
    

/* {"app": "dbt", "dbt_version": "1.12.0", "profile_name": "dbt_project", "target_name": "dev", "connection_name": "list_FINANCE_DW_gold"} */;
[0m13:49:37.386737 [debug] [ThreadPool]: On list_FINANCE_DW_silver: show objects in FINANCE_DW.silver
    limit 10000
    

/* {"app": "dbt", "dbt_version": "1.12.0", "profile_name": "dbt_project", "target_name": "dev", "connection_name": "list_FINANCE_DW_silver"} */;
[0m13:49:37.387375 [debug] [ThreadPool]: Opening a new connection, currently in state init
[0m13:49:37.387896 [debug] [ThreadPool]: Opening a new connection, currently in state init
[0m13:49:37.937437 [debug] [ThreadPool]: SQL status: SUCCESS 4 in 0.549 seconds
[0m13:49:37.943930 [debug] [ThreadPool]: Using snowflake connection "list_FINANCE_DW_silver"
[0m13:49:37.945117 [debug] [ThreadPool]: SQL status: SUCCESS 5 in 0.558 seconds
[0m13:49:37.945629 [debug] [ThreadPool]: On list_FINANCE_DW_silver: show user functions in FINANCE_DW.silver
/* {"app": "dbt", "dbt_version": "1.12.0", "profile_name": "dbt_project", "target_name": "dev", "connection_name": "list_FINANCE_DW_silver"} */
[0m13:49:37.948017 [debug] [ThreadPool]: Using snowflake connection "list_FINANCE_DW_gold"
[0m13:49:37.950023 [debug] [ThreadPool]: On list_FINANCE_DW_gold: show user functions in FINANCE_DW.gold
/* {"app": "dbt", "dbt_version": "1.12.0", "profile_name": "dbt_project", "target_name": "dev", "connection_name": "list_FINANCE_DW_gold"} */
[0m13:49:38.069413 [debug] [ThreadPool]: SQL status: SUCCESS 0 in 0.120 seconds
[0m13:49:38.071761 [debug] [ThreadPool]: SQL status: SUCCESS 0 in 0.121 seconds
[0m13:49:38.078456 [debug] [MainThread]: Sending event: {'category': 'dbt', 'action': 'runnable_timing', 'label': 'f1e9e449-09f8-4878-8eca-0397f1288d7d', 'context': [<snowplow_tracker.self_describing_json.SelfDescribingJson object at 0x7261bd791d80>]}
[0m13:49:38.083989 [debug] [Thread-2 (]: Began running node test.real_estate_pipeline.not_null_dim_accounts_account_id.cc26245841
[0m13:49:38.084473 [debug] [Thread-3 (]: Began running node test.real_estate_pipeline.not_null_dim_customers_customer_id.dd91cd1c8d
[0m13:49:38.084800 [debug] [Thread-4 (]: Began running node test.real_estate_pipeline.not_null_dim_date_date_id.3077875806
[0m13:49:38.085145 [debug] [Thread-5 (]: Began running node test.real_estate_pipeline.not_null_fct_loans_loan_id.1067693330
[0m13:49:38.086119 [info ] [Thread-2 (]: 1 of 21 START test not_null_dim_accounts_account_id ............................ [RUN]
[0m13:49:38.087449 [info ] [Thread-3 (]: 2 of 21 START test not_null_dim_customers_customer_id .......................... [RUN]
[0m13:49:38.088898 [info ] [Thread-4 (]: 3 of 21 START test not_null_dim_date_date_id ................................... [RUN]
[0m13:49:38.090165 [info ] [Thread-5 (]: 4 of 21 START test not_null_fct_loans_loan_id .................................. [RUN]
[0m13:49:38.091217 [debug] [Thread-2 (]: Re-using an available connection from the pool (formerly list_FINANCE_DW_gold, now test.real_estate_pipeline.not_null_dim_accounts_account_id.cc26245841)
[0m13:49:38.092955 [debug] [Thread-3 (]: Re-using an available connection from the pool (formerly list_FINANCE_DW_silver, now test.real_estate_pipeline.not_null_dim_customers_customer_id.dd91cd1c8d)
[0m13:49:38.096302 [debug] [Thread-4 (]: Acquiring new snowflake connection 'test.real_estate_pipeline.not_null_dim_date_date_id.3077875806'
[0m13:49:38.098728 [debug] [Thread-5 (]: Acquiring new snowflake connection 'test.real_estate_pipeline.not_null_fct_loans_loan_id.1067693330'
[0m13:49:38.099976 [debug] [Thread-2 (]: Began compiling node test.real_estate_pipeline.not_null_dim_accounts_account_id.cc26245841
[0m13:49:38.103004 [debug] [Thread-3 (]: Began compiling node test.real_estate_pipeline.not_null_dim_customers_customer_id.dd91cd1c8d
[0m13:49:38.104610 [debug] [Thread-4 (]: Began compiling node test.real_estate_pipeline.not_null_dim_date_date_id.3077875806
[0m13:49:38.108104 [debug] [Thread-5 (]: Began compiling node test.real_estate_pipeline.not_null_fct_loans_loan_id.1067693330
[0m13:49:38.124631 [debug] [Thread-2 (]: Writing injected SQL for node "test.real_estate_pipeline.not_null_dim_accounts_account_id.cc26245841"
[0m13:49:38.129485 [debug] [Thread-3 (]: Writing injected SQL for node "test.real_estate_pipeline.not_null_dim_customers_customer_id.dd91cd1c8d"
[0m13:49:38.137101 [debug] [Thread-4 (]: Writing injected SQL for node "test.real_estate_pipeline.not_null_dim_date_date_id.3077875806"
[0m13:49:38.142491 [debug] [Thread-5 (]: Writing injected SQL for node "test.real_estate_pipeline.not_null_fct_loans_loan_id.1067693330"
[0m13:49:38.160328 [debug] [Thread-4 (]: Began executing node test.real_estate_pipeline.not_null_dim_date_date_id.3077875806
[0m13:49:38.161831 [debug] [Thread-5 (]: Began executing node test.real_estate_pipeline.not_null_fct_loans_loan_id.1067693330
[0m13:49:38.162400 [debug] [Thread-3 (]: Began executing node test.real_estate_pipeline.not_null_dim_customers_customer_id.dd91cd1c8d
[0m13:49:38.169014 [debug] [Thread-2 (]: Began executing node test.real_estate_pipeline.not_null_dim_accounts_account_id.cc26245841
[0m13:49:38.185219 [debug] [Thread-4 (]: Writing runtime sql for node "test.real_estate_pipeline.not_null_dim_date_date_id.3077875806"
[0m13:49:38.186680 [debug] [Thread-5 (]: Writing runtime sql for node "test.real_estate_pipeline.not_null_fct_loans_loan_id.1067693330"
[0m13:49:38.189405 [debug] [Thread-3 (]: Writing runtime sql for node "test.real_estate_pipeline.not_null_dim_customers_customer_id.dd91cd1c8d"
[0m13:49:38.191812 [debug] [Thread-2 (]: Writing runtime sql for node "test.real_estate_pipeline.not_null_dim_accounts_account_id.cc26245841"
[0m13:49:38.209586 [debug] [Thread-5 (]: Using snowflake connection "test.real_estate_pipeline.not_null_fct_loans_loan_id.1067693330"
[0m13:49:38.210870 [debug] [Thread-2 (]: Using snowflake connection "test.real_estate_pipeline.not_null_dim_accounts_account_id.cc26245841"
[0m13:49:38.211846 [debug] [Thread-4 (]: Using snowflake connection "test.real_estate_pipeline.not_null_dim_date_date_id.3077875806"
[0m13:49:38.212678 [debug] [Thread-5 (]: On test.real_estate_pipeline.not_null_fct_loans_loan_id.1067693330: select
      count(*) as failures,
      count(*) != 0 as should_warn,
      count(*) != 0 as should_error
    from (
      
    
  
    
    



select loan_id
from FINANCE_DW.gold.fct_loans
where loan_id is null



  
  
      
    ) dbt_internal_test
/* {"app": "dbt", "dbt_version": "1.12.0", "profile_name": "dbt_project", "target_name": "dev", "node_id": "test.real_estate_pipeline.not_null_fct_loans_loan_id.1067693330"} */
[0m13:49:38.213636 [debug] [Thread-2 (]: On test.real_estate_pipeline.not_null_dim_accounts_account_id.cc26245841: select
      count(*) as failures,
      count(*) != 0 as should_warn,
      count(*) != 0 as should_error
    from (
      
    
  
    
    



select account_id
from FINANCE_DW.gold.dim_accounts
where account_id is null



  
  
      
    ) dbt_internal_test
/* {"app": "dbt", "dbt_version": "1.12.0", "profile_name": "dbt_project", "target_name": "dev", "node_id": "test.real_estate_pipeline.not_null_dim_accounts_account_id.cc26245841"} */
[0m13:49:38.214339 [debug] [Thread-3 (]: Using snowflake connection "test.real_estate_pipeline.not_null_dim_customers_customer_id.dd91cd1c8d"
[0m13:49:38.215671 [debug] [Thread-4 (]: On test.real_estate_pipeline.not_null_dim_date_date_id.3077875806: select
      count(*) as failures,
      count(*) != 0 as should_warn,
      count(*) != 0 as should_error
    from (
      
    
  
    
    



select date_id
from FINANCE_DW.gold.dim_date
where date_id is null



  
  
      
    ) dbt_internal_test
/* {"app": "dbt", "dbt_version": "1.12.0", "profile_name": "dbt_project", "target_name": "dev", "node_id": "test.real_estate_pipeline.not_null_dim_date_date_id.3077875806"} */
[0m13:49:38.217025 [debug] [Thread-5 (]: Opening a new connection, currently in state init
[0m13:49:38.219832 [debug] [Thread-3 (]: On test.real_estate_pipeline.not_null_dim_customers_customer_id.dd91cd1c8d: select
      count(*) as failures,
      count(*) != 0 as should_warn,
      count(*) != 0 as should_error
    from (
      
    
  
    
    



select customer_id
from FINANCE_DW.gold.dim_customers
where customer_id is null



  
  
      
    ) dbt_internal_test
/* {"app": "dbt", "dbt_version": "1.12.0", "profile_name": "dbt_project", "target_name": "dev", "node_id": "test.real_estate_pipeline.not_null_dim_customers_customer_id.dd91cd1c8d"} */
[0m13:49:38.220919 [debug] [Thread-4 (]: Opening a new connection, currently in state init
[0m13:49:38.420677 [debug] [Thread-2 (]: SQL status: SUCCESS 1 in 0.202 seconds
[0m13:49:38.429697 [info ] [Thread-2 (]: 1 of 21 PASS not_null_dim_accounts_account_id .................................. [[32mPASS[0m in 0.34s]
[0m13:49:38.430849 [debug] [Thread-2 (]: Finished running node test.real_estate_pipeline.not_null_dim_accounts_account_id.cc26245841
[0m13:49:38.431606 [debug] [Thread-2 (]: Began running node test.real_estate_pipeline.not_null_fct_transactions_transaction_id.2c6b5372aa
[0m13:49:38.432205 [info ] [Thread-2 (]: 5 of 21 START test not_null_fct_transactions_transaction_id .................... [RUN]
[0m13:49:38.432924 [debug] [Thread-2 (]: Re-using an available connection from the pool (formerly test.real_estate_pipeline.not_null_dim_accounts_account_id.cc26245841, now test.real_estate_pipeline.not_null_fct_transactions_transaction_id.2c6b5372aa)
[0m13:49:38.433600 [debug] [Thread-2 (]: Began compiling node test.real_estate_pipeline.not_null_fct_transactions_transaction_id.2c6b5372aa
[0m13:49:38.439475 [debug] [Thread-2 (]: Writing injected SQL for node "test.real_estate_pipeline.not_null_fct_transactions_transaction_id.2c6b5372aa"
[0m13:49:38.450752 [debug] [Thread-2 (]: Began executing node test.real_estate_pipeline.not_null_fct_transactions_transaction_id.2c6b5372aa
[0m13:49:38.452640 [debug] [Thread-2 (]: Writing runtime sql for node "test.real_estate_pipeline.not_null_fct_transactions_transaction_id.2c6b5372aa"
[0m13:49:38.477728 [debug] [Thread-2 (]: Using snowflake connection "test.real_estate_pipeline.not_null_fct_transactions_transaction_id.2c6b5372aa"
[0m13:49:38.489558 [debug] [Thread-2 (]: On test.real_estate_pipeline.not_null_fct_transactions_transaction_id.2c6b5372aa: select
      count(*) as failures,
      count(*) != 0 as should_warn,
      count(*) != 0 as should_error
    from (
      
    
  
    
    



select transaction_id
from FINANCE_DW.gold.fct_transactions
where transaction_id is null



  
  
      
    ) dbt_internal_test
/* {"app": "dbt", "dbt_version": "1.12.0", "profile_name": "dbt_project", "target_name": "dev", "node_id": "test.real_estate_pipeline.not_null_fct_transactions_transaction_id.2c6b5372aa"} */
[0m13:49:38.492652 [debug] [Thread-3 (]: SQL status: SUCCESS 1 in 0.269 seconds
[0m13:49:38.495297 [info ] [Thread-3 (]: 2 of 21 PASS not_null_dim_customers_customer_id ................................ [[32mPASS[0m in 0.40s]
[0m13:49:38.496259 [debug] [Thread-3 (]: Finished running node test.real_estate_pipeline.not_null_dim_customers_customer_id.dd91cd1c8d
[0m13:49:38.496904 [debug] [Thread-3 (]: Began running node test.real_estate_pipeline.not_null_stg_accounts_account_id.182dfbc108
[0m13:49:38.497498 [info ] [Thread-3 (]: 6 of 21 START test not_null_stg_accounts_account_id ............................ [RUN]
[0m13:49:38.498355 [debug] [Thread-3 (]: Re-using an available connection from the pool (formerly test.real_estate_pipeline.not_null_dim_customers_customer_id.dd91cd1c8d, now test.real_estate_pipeline.not_null_stg_accounts_account_id.182dfbc108)
[0m13:49:38.499090 [debug] [Thread-3 (]: Began compiling node test.real_estate_pipeline.not_null_stg_accounts_account_id.182dfbc108
[0m13:49:38.504248 [debug] [Thread-3 (]: Writing injected SQL for node "test.real_estate_pipeline.not_null_stg_accounts_account_id.182dfbc108"
[0m13:49:38.524782 [debug] [Thread-3 (]: Began executing node test.real_estate_pipeline.not_null_stg_accounts_account_id.182dfbc108
[0m13:49:38.527891 [debug] [Thread-3 (]: Writing runtime sql for node "test.real_estate_pipeline.not_null_stg_accounts_account_id.182dfbc108"
[0m13:49:38.543775 [debug] [Thread-3 (]: Using snowflake connection "test.real_estate_pipeline.not_null_stg_accounts_account_id.182dfbc108"
[0m13:49:38.544716 [debug] [Thread-3 (]: On test.real_estate_pipeline.not_null_stg_accounts_account_id.182dfbc108: select
      count(*) as failures,
      count(*) != 0 as should_warn,
      count(*) != 0 as should_error
    from (
      
    
  
    
    



select account_id
from FINANCE_DW.silver.stg_accounts
where account_id is null



  
  
      
    ) dbt_internal_test
/* {"app": "dbt", "dbt_version": "1.12.0", "profile_name": "dbt_project", "target_name": "dev", "node_id": "test.real_estate_pipeline.not_null_stg_accounts_account_id.182dfbc108"} */
[0m13:49:38.688256 [debug] [Thread-3 (]: SQL status: SUCCESS 1 in 0.142 seconds
[0m13:49:38.693365 [info ] [Thread-3 (]: 6 of 21 PASS not_null_stg_accounts_account_id .................................. [[32mPASS[0m in 0.19s]
[0m13:49:38.694843 [debug] [Thread-3 (]: Finished running node test.real_estate_pipeline.not_null_stg_accounts_account_id.182dfbc108
[0m13:49:38.695772 [debug] [Thread-3 (]: Began running node test.real_estate_pipeline.not_null_stg_accounts_customer_id.0b54f014a3
[0m13:49:38.696531 [info ] [Thread-3 (]: 7 of 21 START test not_null_stg_accounts_customer_id ........................... [RUN]
[0m13:49:38.697270 [debug] [Thread-3 (]: Re-using an available connection from the pool (formerly test.real_estate_pipeline.not_null_stg_accounts_account_id.182dfbc108, now test.real_estate_pipeline.not_null_stg_accounts_customer_id.0b54f014a3)
[0m13:49:38.697894 [debug] [Thread-3 (]: Began compiling node test.real_estate_pipeline.not_null_stg_accounts_customer_id.0b54f014a3
[0m13:49:38.702937 [debug] [Thread-3 (]: Writing injected SQL for node "test.real_estate_pipeline.not_null_stg_accounts_customer_id.0b54f014a3"
[0m13:49:38.707483 [debug] [Thread-2 (]: SQL status: SUCCESS 1 in 0.217 seconds
[0m13:49:38.709515 [info ] [Thread-2 (]: 5 of 21 PASS not_null_fct_transactions_transaction_id .......................... [[32mPASS[0m in 0.28s]
[0m13:49:38.711782 [debug] [Thread-2 (]: Finished running node test.real_estate_pipeline.not_null_fct_transactions_transaction_id.2c6b5372aa
[0m13:49:38.713589 [debug] [Thread-2 (]: Began running node test.real_estate_pipeline.not_null_stg_customers_customer_id.e2cfb1f9aa
[0m13:49:38.715419 [info ] [Thread-2 (]: 8 of 21 START test not_null_stg_customers_customer_id .......................... [RUN]
[0m13:49:38.717121 [debug] [Thread-2 (]: Re-using an available connection from the pool (formerly test.real_estate_pipeline.not_null_fct_transactions_transaction_id.2c6b5372aa, now test.real_estate_pipeline.not_null_stg_customers_customer_id.e2cfb1f9aa)
[0m13:49:38.719221 [debug] [Thread-2 (]: Began compiling node test.real_estate_pipeline.not_null_stg_customers_customer_id.e2cfb1f9aa
[0m13:49:38.724835 [debug] [Thread-2 (]: Writing injected SQL for node "test.real_estate_pipeline.not_null_stg_customers_customer_id.e2cfb1f9aa"
[0m13:49:38.725982 [debug] [Thread-3 (]: Began executing node test.real_estate_pipeline.not_null_stg_accounts_customer_id.0b54f014a3
[0m13:49:38.741841 [debug] [Thread-3 (]: Writing runtime sql for node "test.real_estate_pipeline.not_null_stg_accounts_customer_id.0b54f014a3"
[0m13:49:38.743277 [debug] [Thread-5 (]: SQL status: SUCCESS 1 in 0.526 seconds
[0m13:49:38.745427 [info ] [Thread-5 (]: 4 of 21 PASS not_null_fct_loans_loan_id ........................................ [[32mPASS[0m in 0.65s]
[0m13:49:38.746361 [debug] [Thread-5 (]: Finished running node test.real_estate_pipeline.not_null_fct_loans_loan_id.1067693330
[0m13:49:38.747063 [debug] [Thread-5 (]: Began running node test.real_estate_pipeline.not_null_stg_loans_loan_id.b77c69982c
[0m13:49:38.748287 [info ] [Thread-5 (]: 9 of 21 START test not_null_stg_loans_loan_id .................................. [RUN]
[0m13:49:38.749743 [debug] [Thread-5 (]: Re-using an available connection from the pool (formerly test.real_estate_pipeline.not_null_fct_loans_loan_id.1067693330, now test.real_estate_pipeline.not_null_stg_loans_loan_id.b77c69982c)
[0m13:49:38.751607 [debug] [Thread-5 (]: Began compiling node test.real_estate_pipeline.not_null_stg_loans_loan_id.b77c69982c
[0m13:49:38.758224 [debug] [Thread-5 (]: Writing injected SQL for node "test.real_estate_pipeline.not_null_stg_loans_loan_id.b77c69982c"
[0m13:49:38.761102 [debug] [Thread-4 (]: SQL status: SUCCESS 1 in 0.540 seconds
[0m13:49:38.762029 [debug] [Thread-2 (]: Began executing node test.real_estate_pipeline.not_null_stg_customers_customer_id.e2cfb1f9aa
[0m13:49:38.764610 [info ] [Thread-4 (]: 3 of 21 PASS not_null_dim_date_date_id ......................................... [[32mPASS[0m in 0.67s]
[0m13:49:38.767613 [debug] [Thread-2 (]: Writing runtime sql for node "test.real_estate_pipeline.not_null_stg_customers_customer_id.e2cfb1f9aa"
[0m13:49:38.768276 [debug] [Thread-3 (]: Using snowflake connection "test.real_estate_pipeline.not_null_stg_accounts_customer_id.0b54f014a3"
[0m13:49:38.769839 [debug] [Thread-4 (]: Finished running node test.real_estate_pipeline.not_null_dim_date_date_id.3077875806
[0m13:49:38.772161 [debug] [Thread-3 (]: On test.real_estate_pipeline.not_null_stg_accounts_customer_id.0b54f014a3: select
      count(*) as failures,
      count(*) != 0 as should_warn,
      count(*) != 0 as should_error
    from (
      
    
  
    
    



select customer_id
from FINANCE_DW.silver.stg_accounts
where customer_id is null



  
  
      
    ) dbt_internal_test
/* {"app": "dbt", "dbt_version": "1.12.0", "profile_name": "dbt_project", "target_name": "dev", "node_id": "test.real_estate_pipeline.not_null_stg_accounts_customer_id.0b54f014a3"} */
[0m13:49:38.773230 [debug] [Thread-4 (]: Began running node test.real_estate_pipeline.not_null_stg_transactions_transaction_id.1d00a8e2e4
[0m13:49:38.775485 [info ] [Thread-4 (]: 10 of 21 START test not_null_stg_transactions_transaction_id ................... [RUN]
[0m13:49:38.776642 [debug] [Thread-4 (]: Re-using an available connection from the pool (formerly test.real_estate_pipeline.not_null_dim_date_date_id.3077875806, now test.real_estate_pipeline.not_null_stg_transactions_transaction_id.1d00a8e2e4)
[0m13:49:38.777828 [debug] [Thread-5 (]: Began executing node test.real_estate_pipeline.not_null_stg_loans_loan_id.b77c69982c
[0m13:49:38.778158 [debug] [Thread-4 (]: Began compiling node test.real_estate_pipeline.not_null_stg_transactions_transaction_id.1d00a8e2e4
[0m13:49:38.781231 [debug] [Thread-5 (]: Writing runtime sql for node "test.real_estate_pipeline.not_null_stg_loans_loan_id.b77c69982c"
[0m13:49:38.787387 [debug] [Thread-4 (]: Writing injected SQL for node "test.real_estate_pipeline.not_null_stg_transactions_transaction_id.1d00a8e2e4"
[0m13:49:38.793850 [debug] [Thread-2 (]: Using snowflake connection "test.real_estate_pipeline.not_null_stg_customers_customer_id.e2cfb1f9aa"
[0m13:49:38.797072 [debug] [Thread-2 (]: On test.real_estate_pipeline.not_null_stg_customers_customer_id.e2cfb1f9aa: select
      count(*) as failures,
      count(*) != 0 as should_warn,
      count(*) != 0 as should_error
    from (
      
    
  
    
    



select customer_id
from FINANCE_DW.silver.stg_customers
where customer_id is null



  
  
      
    ) dbt_internal_test
/* {"app": "dbt", "dbt_version": "1.12.0", "profile_name": "dbt_project", "target_name": "dev", "node_id": "test.real_estate_pipeline.not_null_stg_customers_customer_id.e2cfb1f9aa"} */
[0m13:49:38.804490 [debug] [Thread-5 (]: Using snowflake connection "test.real_estate_pipeline.not_null_stg_loans_loan_id.b77c69982c"
[0m13:49:38.805969 [debug] [Thread-5 (]: On test.real_estate_pipeline.not_null_stg_loans_loan_id.b77c69982c: select
      count(*) as failures,
      count(*) != 0 as should_warn,
      count(*) != 0 as should_error
    from (
      
    
  
    
    



select loan_id
from FINANCE_DW.silver.stg_loans
where loan_id is null



  
  
      
    ) dbt_internal_test
/* {"app": "dbt", "dbt_version": "1.12.0", "profile_name": "dbt_project", "target_name": "dev", "node_id": "test.real_estate_pipeline.not_null_stg_loans_loan_id.b77c69982c"} */
[0m13:49:38.817677 [debug] [Thread-4 (]: Began executing node test.real_estate_pipeline.not_null_stg_transactions_transaction_id.1d00a8e2e4
[0m13:49:38.821419 [debug] [Thread-4 (]: Writing runtime sql for node "test.real_estate_pipeline.not_null_stg_transactions_transaction_id.1d00a8e2e4"
[0m13:49:38.839172 [debug] [Thread-4 (]: Using snowflake connection "test.real_estate_pipeline.not_null_stg_transactions_transaction_id.1d00a8e2e4"
[0m13:49:38.840333 [debug] [Thread-4 (]: On test.real_estate_pipeline.not_null_stg_transactions_transaction_id.1d00a8e2e4: select
      count(*) as failures,
      count(*) != 0 as should_warn,
      count(*) != 0 as should_error
    from (
      
    
  
    
    



select transaction_id
from FINANCE_DW.silver.stg_transactions
where transaction_id is null



  
  
      
    ) dbt_internal_test
/* {"app": "dbt", "dbt_version": "1.12.0", "profile_name": "dbt_project", "target_name": "dev", "node_id": "test.real_estate_pipeline.not_null_stg_transactions_transaction_id.1d00a8e2e4"} */
[0m13:49:38.916900 [debug] [Thread-3 (]: SQL status: SUCCESS 1 in 0.143 seconds
[0m13:49:38.920109 [info ] [Thread-3 (]: 7 of 21 PASS not_null_stg_accounts_customer_id ................................. [[32mPASS[0m in 0.22s]
[0m13:49:38.921460 [debug] [Thread-3 (]: Finished running node test.real_estate_pipeline.not_null_stg_accounts_customer_id.0b54f014a3
[0m13:49:38.922164 [debug] [Thread-3 (]: Began running node test.real_estate_pipeline.relationships_fct_loans_customer_id__customer_id__ref_dim_customers_.7f8ad0794a
[0m13:49:38.922986 [info ] [Thread-3 (]: 11 of 21 START test relationships_fct_loans_customer_id__customer_id__ref_dim_customers_  [RUN]
[0m13:49:38.924541 [debug] [Thread-2 (]: SQL status: SUCCESS 1 in 0.123 seconds
[0m13:49:38.925290 [debug] [Thread-3 (]: Re-using an available connection from the pool (formerly test.real_estate_pipeline.not_null_stg_accounts_customer_id.0b54f014a3, now test.real_estate_pipeline.relationships_fct_loans_customer_id__customer_id__ref_dim_customers_.7f8ad0794a)
[0m13:49:38.927631 [info ] [Thread-2 (]: 8 of 21 PASS not_null_stg_customers_customer_id ................................ [[32mPASS[0m in 0.21s]
[0m13:49:38.928481 [debug] [Thread-3 (]: Began compiling node test.real_estate_pipeline.relationships_fct_loans_customer_id__customer_id__ref_dim_customers_.7f8ad0794a
[0m13:49:38.929382 [debug] [Thread-2 (]: Finished running node test.real_estate_pipeline.not_null_stg_customers_customer_id.e2cfb1f9aa
[0m13:49:38.943238 [debug] [Thread-3 (]: Writing injected SQL for node "test.real_estate_pipeline.relationships_fct_loans_customer_id__customer_id__ref_dim_customers_.7f8ad0794a"
[0m13:49:38.943964 [debug] [Thread-2 (]: Began running node test.real_estate_pipeline.relationships_fct_transactions_origin_customer_id__customer_id__ref_dim_customers_.16c642f691
[0m13:49:38.945259 [info ] [Thread-2 (]: 12 of 21 START test relationships_fct_transactions_origin_customer_id__customer_id__ref_dim_customers_  [RUN]
[0m13:49:38.946010 [debug] [Thread-2 (]: Re-using an available connection from the pool (formerly test.real_estate_pipeline.not_null_stg_customers_customer_id.e2cfb1f9aa, now test.real_estate_pipeline.relationships_fct_transactions_origin_customer_id__customer_id__ref_dim_customers_.16c642f691)
[0m13:49:38.946618 [debug] [Thread-2 (]: Began compiling node test.real_estate_pipeline.relationships_fct_transactions_origin_customer_id__customer_id__ref_dim_customers_.16c642f691
[0m13:49:38.955079 [debug] [Thread-2 (]: Writing injected SQL for node "test.real_estate_pipeline.relationships_fct_transactions_origin_customer_id__customer_id__ref_dim_customers_.16c642f691"
[0m13:49:38.957315 [debug] [Thread-5 (]: SQL status: SUCCESS 1 in 0.150 seconds
[0m13:49:38.960596 [debug] [Thread-3 (]: Began executing node test.real_estate_pipeline.relationships_fct_loans_customer_id__customer_id__ref_dim_customers_.7f8ad0794a
[0m13:49:38.960177 [info ] [Thread-5 (]: 9 of 21 PASS not_null_stg_loans_loan_id ........................................ [[32mPASS[0m in 0.21s]
[0m13:49:38.967499 [debug] [Thread-3 (]: Writing runtime sql for node "test.real_estate_pipeline.relationships_fct_loans_customer_id__customer_id__ref_dim_customers_.7f8ad0794a"
[0m13:49:38.970294 [debug] [Thread-5 (]: Finished running node test.real_estate_pipeline.not_null_stg_loans_loan_id.b77c69982c
[0m13:49:38.974593 [debug] [Thread-5 (]: Began running node test.real_estate_pipeline.unique_dim_accounts_account_id.bfd6344edc
[0m13:49:38.975109 [debug] [Thread-2 (]: Began executing node test.real_estate_pipeline.relationships_fct_transactions_origin_customer_id__customer_id__ref_dim_customers_.16c642f691
[0m13:49:38.975619 [info ] [Thread-5 (]: 13 of 21 START test unique_dim_accounts_account_id ............................. [RUN]
[0m13:49:38.977600 [debug] [Thread-2 (]: Writing runtime sql for node "test.real_estate_pipeline.relationships_fct_transactions_origin_customer_id__customer_id__ref_dim_customers_.16c642f691"
[0m13:49:38.978419 [debug] [Thread-5 (]: Re-using an available connection from the pool (formerly test.real_estate_pipeline.not_null_stg_loans_loan_id.b77c69982c, now test.real_estate_pipeline.unique_dim_accounts_account_id.bfd6344edc)
[0m13:49:38.980884 [debug] [Thread-4 (]: SQL status: SUCCESS 1 in 0.140 seconds
[0m13:49:38.981966 [debug] [Thread-5 (]: Began compiling node test.real_estate_pipeline.unique_dim_accounts_account_id.bfd6344edc
[0m13:49:38.985203 [info ] [Thread-4 (]: 10 of 21 PASS not_null_stg_transactions_transaction_id ......................... [[32mPASS[0m in 0.21s]
[0m13:49:39.002608 [debug] [Thread-5 (]: Writing injected SQL for node "test.real_estate_pipeline.unique_dim_accounts_account_id.bfd6344edc"
[0m13:49:39.004036 [debug] [Thread-4 (]: Finished running node test.real_estate_pipeline.not_null_stg_transactions_transaction_id.1d00a8e2e4
[0m13:49:39.004898 [debug] [Thread-3 (]: Using snowflake connection "test.real_estate_pipeline.relationships_fct_loans_customer_id__customer_id__ref_dim_customers_.7f8ad0794a"
[0m13:49:39.008141 [debug] [Thread-2 (]: Using snowflake connection "test.real_estate_pipeline.relationships_fct_transactions_origin_customer_id__customer_id__ref_dim_customers_.16c642f691"
[0m13:49:39.012419 [debug] [Thread-4 (]: Began running node test.real_estate_pipeline.unique_dim_customers_customer_id.15c9f1e2fd
[0m13:49:39.015843 [debug] [Thread-3 (]: On test.real_estate_pipeline.relationships_fct_loans_customer_id__customer_id__ref_dim_customers_.7f8ad0794a: select
      count(*) as failures,
      count(*) != 0 as should_warn,
      count(*) != 0 as should_error
    from (
      
    
  
    
    

with child as (
    select customer_id as from_field
    from FINANCE_DW.gold.fct_loans
    where customer_id is not null
),

parent as (
    select customer_id as to_field
    from FINANCE_DW.gold.dim_customers
)

select
    from_field

from child
left join parent
    on child.from_field = parent.to_field

where parent.to_field is null



  
  
      
    ) dbt_internal_test
/* {"app": "dbt", "dbt_version": "1.12.0", "profile_name": "dbt_project", "target_name": "dev", "node_id": "test.real_estate_pipeline.relationships_fct_loans_customer_id__customer_id__ref_dim_customers_.7f8ad0794a"} */
[0m13:49:39.017605 [debug] [Thread-2 (]: On test.real_estate_pipeline.relationships_fct_transactions_origin_customer_id__customer_id__ref_dim_customers_.16c642f691: select
      count(*) as failures,
      count(*) != 0 as should_warn,
      count(*) != 0 as should_error
    from (
      
    
  
    
    

with child as (
    select origin_customer_id as from_field
    from FINANCE_DW.gold.fct_transactions
    where origin_customer_id is not null
),

parent as (
    select customer_id as to_field
    from FINANCE_DW.gold.dim_customers
)

select
    from_field

from child
left join parent
    on child.from_field = parent.to_field

where parent.to_field is null



  
  
      
    ) dbt_internal_test
/* {"app": "dbt", "dbt_version": "1.12.0", "profile_name": "dbt_project", "target_name": "dev", "node_id": "test.real_estate_pipeline.relationships_fct_transactions_origin_customer_id__customer_id__ref_dim_customers_.16c642f691"} */
[0m13:49:39.018580 [info ] [Thread-4 (]: 14 of 21 START test unique_dim_customers_customer_id ........................... [RUN]
[0m13:49:39.024307 [debug] [Thread-4 (]: Re-using an available connection from the pool (formerly test.real_estate_pipeline.not_null_stg_transactions_transaction_id.1d00a8e2e4, now test.real_estate_pipeline.unique_dim_customers_customer_id.15c9f1e2fd)
[0m13:49:39.025996 [debug] [Thread-4 (]: Began compiling node test.real_estate_pipeline.unique_dim_customers_customer_id.15c9f1e2fd
[0m13:49:39.032279 [debug] [Thread-4 (]: Writing injected SQL for node "test.real_estate_pipeline.unique_dim_customers_customer_id.15c9f1e2fd"
[0m13:49:39.038480 [debug] [Thread-5 (]: Began executing node test.real_estate_pipeline.unique_dim_accounts_account_id.bfd6344edc
[0m13:49:39.041176 [debug] [Thread-5 (]: Writing runtime sql for node "test.real_estate_pipeline.unique_dim_accounts_account_id.bfd6344edc"
[0m13:49:39.048626 [debug] [Thread-4 (]: Began executing node test.real_estate_pipeline.unique_dim_customers_customer_id.15c9f1e2fd
[0m13:49:39.052717 [debug] [Thread-4 (]: Writing runtime sql for node "test.real_estate_pipeline.unique_dim_customers_customer_id.15c9f1e2fd"
[0m13:49:39.064253 [debug] [Thread-5 (]: Using snowflake connection "test.real_estate_pipeline.unique_dim_accounts_account_id.bfd6344edc"
[0m13:49:39.065389 [debug] [Thread-5 (]: On test.real_estate_pipeline.unique_dim_accounts_account_id.bfd6344edc: select
      count(*) as failures,
      count(*) != 0 as should_warn,
      count(*) != 0 as should_error
    from (
      
    
  
    
    

select
    account_id as unique_field,
    count(*) as n_records

from FINANCE_DW.gold.dim_accounts
where account_id is not null
group by account_id
having count(*) > 1



  
  
      
    ) dbt_internal_test
/* {"app": "dbt", "dbt_version": "1.12.0", "profile_name": "dbt_project", "target_name": "dev", "node_id": "test.real_estate_pipeline.unique_dim_accounts_account_id.bfd6344edc"} */
[0m13:49:39.073769 [debug] [Thread-4 (]: Using snowflake connection "test.real_estate_pipeline.unique_dim_customers_customer_id.15c9f1e2fd"
[0m13:49:39.075147 [debug] [Thread-4 (]: On test.real_estate_pipeline.unique_dim_customers_customer_id.15c9f1e2fd: select
      count(*) as failures,
      count(*) != 0 as should_warn,
      count(*) != 0 as should_error
    from (
      
    
  
    
    

select
    customer_id as unique_field,
    count(*) as n_records

from FINANCE_DW.gold.dim_customers
where customer_id is not null
group by customer_id
having count(*) > 1



  
  
      
    ) dbt_internal_test
/* {"app": "dbt", "dbt_version": "1.12.0", "profile_name": "dbt_project", "target_name": "dev", "node_id": "test.real_estate_pipeline.unique_dim_customers_customer_id.15c9f1e2fd"} */
[0m13:49:39.197796 [debug] [Thread-2 (]: SQL status: SUCCESS 1 in 0.175 seconds
[0m13:49:39.202210 [info ] [Thread-2 (]: 12 of 21 PASS relationships_fct_transactions_origin_customer_id__customer_id__ref_dim_customers_  [[32mPASS[0m in 0.26s]
[0m13:49:39.204235 [debug] [Thread-2 (]: Finished running node test.real_estate_pipeline.relationships_fct_transactions_origin_customer_id__customer_id__ref_dim_customers_.16c642f691
[0m13:49:39.204993 [debug] [Thread-5 (]: SQL status: SUCCESS 1 in 0.133 seconds
[0m13:49:39.205732 [debug] [Thread-2 (]: Began running node test.real_estate_pipeline.unique_dim_date_date_id.7286dcb90d
[0m13:49:39.207942 [info ] [Thread-5 (]: 13 of 21 PASS unique_dim_accounts_account_id ................................... [[32mPASS[0m in 0.23s]
[0m13:49:39.208718 [info ] [Thread-2 (]: 15 of 21 START test unique_dim_date_date_id .................................... [RUN]
[0m13:49:39.209609 [debug] [Thread-5 (]: Finished running node test.real_estate_pipeline.unique_dim_accounts_account_id.bfd6344edc
[0m13:49:39.211169 [debug] [Thread-2 (]: Re-using an available connection from the pool (formerly test.real_estate_pipeline.relationships_fct_transactions_origin_customer_id__customer_id__ref_dim_customers_.16c642f691, now test.real_estate_pipeline.unique_dim_date_date_id.7286dcb90d)
[0m13:49:39.213591 [debug] [Thread-5 (]: Began running node test.real_estate_pipeline.unique_fct_loans_loan_id.b0f955a329
[0m13:49:39.214665 [debug] [Thread-2 (]: Began compiling node test.real_estate_pipeline.unique_dim_date_date_id.7286dcb90d
[0m13:49:39.215890 [info ] [Thread-5 (]: 16 of 21 START test unique_fct_loans_loan_id ................................... [RUN]
[0m13:49:39.222415 [debug] [Thread-2 (]: Writing injected SQL for node "test.real_estate_pipeline.unique_dim_date_date_id.7286dcb90d"
[0m13:49:39.229843 [debug] [Thread-5 (]: Re-using an available connection from the pool (formerly test.real_estate_pipeline.unique_dim_accounts_account_id.bfd6344edc, now test.real_estate_pipeline.unique_fct_loans_loan_id.b0f955a329)
[0m13:49:39.232572 [debug] [Thread-5 (]: Began compiling node test.real_estate_pipeline.unique_fct_loans_loan_id.b0f955a329
[0m13:49:39.238851 [debug] [Thread-5 (]: Writing injected SQL for node "test.real_estate_pipeline.unique_fct_loans_loan_id.b0f955a329"
[0m13:49:39.254208 [debug] [Thread-5 (]: Began executing node test.real_estate_pipeline.unique_fct_loans_loan_id.b0f955a329
[0m13:49:39.254925 [debug] [Thread-2 (]: Began executing node test.real_estate_pipeline.unique_dim_date_date_id.7286dcb90d
[0m13:49:39.259715 [debug] [Thread-5 (]: Writing runtime sql for node "test.real_estate_pipeline.unique_fct_loans_loan_id.b0f955a329"
[0m13:49:39.262497 [debug] [Thread-2 (]: Writing runtime sql for node "test.real_estate_pipeline.unique_dim_date_date_id.7286dcb90d"
[0m13:49:39.264889 [debug] [Thread-4 (]: SQL status: SUCCESS 1 in 0.189 seconds
[0m13:49:39.268384 [info ] [Thread-4 (]: 14 of 21 PASS unique_dim_customers_customer_id ................................. [[32mPASS[0m in 0.24s]
[0m13:49:39.269587 [debug] [Thread-4 (]: Finished running node test.real_estate_pipeline.unique_dim_customers_customer_id.15c9f1e2fd
[0m13:49:39.270429 [debug] [Thread-4 (]: Began running node test.real_estate_pipeline.unique_fct_transactions_transaction_id.c963611c53
[0m13:49:39.271471 [info ] [Thread-4 (]: 17 of 21 START test unique_fct_transactions_transaction_id ..................... [RUN]
[0m13:49:39.272844 [debug] [Thread-4 (]: Re-using an available connection from the pool (formerly test.real_estate_pipeline.unique_dim_customers_customer_id.15c9f1e2fd, now test.real_estate_pipeline.unique_fct_transactions_transaction_id.c963611c53)
[0m13:49:39.274478 [debug] [Thread-4 (]: Began compiling node test.real_estate_pipeline.unique_fct_transactions_transaction_id.c963611c53
[0m13:49:39.280367 [debug] [Thread-4 (]: Writing injected SQL for node "test.real_estate_pipeline.unique_fct_transactions_transaction_id.c963611c53"
[0m13:49:39.282113 [debug] [Thread-3 (]: SQL status: SUCCESS 1 in 0.261 seconds
[0m13:49:39.285775 [info ] [Thread-3 (]: 11 of 21 PASS relationships_fct_loans_customer_id__customer_id__ref_dim_customers_  [[32mPASS[0m in 0.36s]
[0m13:49:39.286654 [debug] [Thread-5 (]: Using snowflake connection "test.real_estate_pipeline.unique_fct_loans_loan_id.b0f955a329"
[0m13:49:39.288489 [debug] [Thread-3 (]: Finished running node test.real_estate_pipeline.relationships_fct_loans_customer_id__customer_id__ref_dim_customers_.7f8ad0794a
[0m13:49:39.289642 [debug] [Thread-2 (]: Using snowflake connection "test.real_estate_pipeline.unique_dim_date_date_id.7286dcb90d"
[0m13:49:39.290158 [debug] [Thread-5 (]: On test.real_estate_pipeline.unique_fct_loans_loan_id.b0f955a329: select
      count(*) as failures,
      count(*) != 0 as should_warn,
      count(*) != 0 as should_error
    from (
      
    
  
    
    

select
    loan_id as unique_field,
    count(*) as n_records

from FINANCE_DW.gold.fct_loans
where loan_id is not null
group by loan_id
having count(*) > 1



  
  
      
    ) dbt_internal_test
/* {"app": "dbt", "dbt_version": "1.12.0", "profile_name": "dbt_project", "target_name": "dev", "node_id": "test.real_estate_pipeline.unique_fct_loans_loan_id.b0f955a329"} */
[0m13:49:39.293062 [debug] [Thread-3 (]: Began running node test.real_estate_pipeline.unique_stg_accounts_account_id.cdf6252c79
[0m13:49:39.295804 [debug] [Thread-2 (]: On test.real_estate_pipeline.unique_dim_date_date_id.7286dcb90d: select
      count(*) as failures,
      count(*) != 0 as should_warn,
      count(*) != 0 as should_error
    from (
      
    
  
    
    

select
    date_id as unique_field,
    count(*) as n_records

from FINANCE_DW.gold.dim_date
where date_id is not null
group by date_id
having count(*) > 1



  
  
      
    ) dbt_internal_test
/* {"app": "dbt", "dbt_version": "1.12.0", "profile_name": "dbt_project", "target_name": "dev", "node_id": "test.real_estate_pipeline.unique_dim_date_date_id.7286dcb90d"} */
[0m13:49:39.299088 [info ] [Thread-3 (]: 18 of 21 START test unique_stg_accounts_account_id ............................. [RUN]
[0m13:49:39.302228 [debug] [Thread-3 (]: Re-using an available connection from the pool (formerly test.real_estate_pipeline.relationships_fct_loans_customer_id__customer_id__ref_dim_customers_.7f8ad0794a, now test.real_estate_pipeline.unique_stg_accounts_account_id.cdf6252c79)
[0m13:49:39.303492 [debug] [Thread-3 (]: Began compiling node test.real_estate_pipeline.unique_stg_accounts_account_id.cdf6252c79
[0m13:49:39.309508 [debug] [Thread-3 (]: Writing injected SQL for node "test.real_estate_pipeline.unique_stg_accounts_account_id.cdf6252c79"
[0m13:49:39.309903 [debug] [Thread-4 (]: Began executing node test.real_estate_pipeline.unique_fct_transactions_transaction_id.c963611c53
[0m13:49:39.312815 [debug] [Thread-4 (]: Writing runtime sql for node "test.real_estate_pipeline.unique_fct_transactions_transaction_id.c963611c53"
[0m13:49:39.330818 [debug] [Thread-3 (]: Began executing node test.real_estate_pipeline.unique_stg_accounts_account_id.cdf6252c79
[0m13:49:39.331970 [debug] [Thread-4 (]: Using snowflake connection "test.real_estate_pipeline.unique_fct_transactions_transaction_id.c963611c53"
[0m13:49:39.334994 [debug] [Thread-3 (]: Writing runtime sql for node "test.real_estate_pipeline.unique_stg_accounts_account_id.cdf6252c79"
[0m13:49:39.336294 [debug] [Thread-4 (]: On test.real_estate_pipeline.unique_fct_transactions_transaction_id.c963611c53: select
      count(*) as failures,
      count(*) != 0 as should_warn,
      count(*) != 0 as should_error
    from (
      
    
  
    
    

select
    transaction_id as unique_field,
    count(*) as n_records

from FINANCE_DW.gold.fct_transactions
where transaction_id is not null
group by transaction_id
having count(*) > 1



  
  
      
    ) dbt_internal_test
/* {"app": "dbt", "dbt_version": "1.12.0", "profile_name": "dbt_project", "target_name": "dev", "node_id": "test.real_estate_pipeline.unique_fct_transactions_transaction_id.c963611c53"} */
[0m13:49:39.356498 [debug] [Thread-3 (]: Using snowflake connection "test.real_estate_pipeline.unique_stg_accounts_account_id.cdf6252c79"
[0m13:49:39.357497 [debug] [Thread-3 (]: On test.real_estate_pipeline.unique_stg_accounts_account_id.cdf6252c79: select
      count(*) as failures,
      count(*) != 0 as should_warn,
      count(*) != 0 as should_error
    from (
      
    
  
    
    

select
    account_id as unique_field,
    count(*) as n_records

from FINANCE_DW.silver.stg_accounts
where account_id is not null
group by account_id
having count(*) > 1



  
  
      
    ) dbt_internal_test
/* {"app": "dbt", "dbt_version": "1.12.0", "profile_name": "dbt_project", "target_name": "dev", "node_id": "test.real_estate_pipeline.unique_stg_accounts_account_id.cdf6252c79"} */
[0m13:49:39.433220 [debug] [Thread-5 (]: SQL status: SUCCESS 1 in 0.136 seconds
[0m13:49:39.435941 [info ] [Thread-5 (]: 16 of 21 PASS unique_fct_loans_loan_id ......................................... [[32mPASS[0m in 0.21s]
[0m13:49:39.437578 [debug] [Thread-5 (]: Finished running node test.real_estate_pipeline.unique_fct_loans_loan_id.b0f955a329
[0m13:49:39.438636 [debug] [Thread-5 (]: Began running node test.real_estate_pipeline.unique_stg_customers_customer_id.c7614daada
[0m13:49:39.439374 [info ] [Thread-5 (]: 19 of 21 START test unique_stg_customers_customer_id ........................... [RUN]
[0m13:49:39.440112 [debug] [Thread-5 (]: Re-using an available connection from the pool (formerly test.real_estate_pipeline.unique_fct_loans_loan_id.b0f955a329, now test.real_estate_pipeline.unique_stg_customers_customer_id.c7614daada)
[0m13:49:39.440750 [debug] [Thread-5 (]: Began compiling node test.real_estate_pipeline.unique_stg_customers_customer_id.c7614daada
[0m13:49:39.447000 [debug] [Thread-5 (]: Writing injected SQL for node "test.real_estate_pipeline.unique_stg_customers_customer_id.c7614daada"
[0m13:49:39.459518 [debug] [Thread-5 (]: Began executing node test.real_estate_pipeline.unique_stg_customers_customer_id.c7614daada
[0m13:49:39.461593 [debug] [Thread-5 (]: Writing runtime sql for node "test.real_estate_pipeline.unique_stg_customers_customer_id.c7614daada"
[0m13:49:39.469216 [debug] [Thread-2 (]: SQL status: SUCCESS 1 in 0.169 seconds
[0m13:49:39.471192 [info ] [Thread-2 (]: 15 of 21 PASS unique_dim_date_date_id .......................................... [[32mPASS[0m in 0.26s]
[0m13:49:39.472905 [debug] [Thread-2 (]: Finished running node test.real_estate_pipeline.unique_dim_date_date_id.7286dcb90d
[0m13:49:39.473838 [debug] [Thread-2 (]: Began running node test.real_estate_pipeline.unique_stg_loans_loan_id.be67636b63
[0m13:49:39.474556 [info ] [Thread-2 (]: 20 of 21 START test unique_stg_loans_loan_id ................................... [RUN]
[0m13:49:39.475400 [debug] [Thread-2 (]: Re-using an available connection from the pool (formerly test.real_estate_pipeline.unique_dim_date_date_id.7286dcb90d, now test.real_estate_pipeline.unique_stg_loans_loan_id.be67636b63)
[0m13:49:39.475978 [debug] [Thread-2 (]: Began compiling node test.real_estate_pipeline.unique_stg_loans_loan_id.be67636b63
[0m13:49:39.481180 [debug] [Thread-2 (]: Writing injected SQL for node "test.real_estate_pipeline.unique_stg_loans_loan_id.be67636b63"
[0m13:49:39.483834 [debug] [Thread-5 (]: Using snowflake connection "test.real_estate_pipeline.unique_stg_customers_customer_id.c7614daada"
[0m13:49:39.484534 [debug] [Thread-5 (]: On test.real_estate_pipeline.unique_stg_customers_customer_id.c7614daada: select
      count(*) as failures,
      count(*) != 0 as should_warn,
      count(*) != 0 as should_error
    from (
      
    
  
    
    

select
    customer_id as unique_field,
    count(*) as n_records

from FINANCE_DW.silver.stg_customers
where customer_id is not null
group by customer_id
having count(*) > 1



  
  
      
    ) dbt_internal_test
/* {"app": "dbt", "dbt_version": "1.12.0", "profile_name": "dbt_project", "target_name": "dev", "node_id": "test.real_estate_pipeline.unique_stg_customers_customer_id.c7614daada"} */
[0m13:49:39.503376 [debug] [Thread-2 (]: Began executing node test.real_estate_pipeline.unique_stg_loans_loan_id.be67636b63
[0m13:49:39.505493 [debug] [Thread-2 (]: Writing runtime sql for node "test.real_estate_pipeline.unique_stg_loans_loan_id.be67636b63"
[0m13:49:39.511247 [debug] [Thread-3 (]: SQL status: SUCCESS 1 in 0.153 seconds
[0m13:49:39.514543 [info ] [Thread-3 (]: 18 of 21 PASS unique_stg_accounts_account_id ................................... [[32mPASS[0m in 0.21s]
[0m13:49:39.516774 [debug] [Thread-3 (]: Finished running node test.real_estate_pipeline.unique_stg_accounts_account_id.cdf6252c79
[0m13:49:39.518612 [debug] [Thread-3 (]: Began running node test.real_estate_pipeline.unique_stg_transactions_transaction_id.ee9a78a396
[0m13:49:39.520477 [info ] [Thread-3 (]: 21 of 21 START test unique_stg_transactions_transaction_id ..................... [RUN]
[0m13:49:39.521251 [debug] [Thread-3 (]: Re-using an available connection from the pool (formerly test.real_estate_pipeline.unique_stg_accounts_account_id.cdf6252c79, now test.real_estate_pipeline.unique_stg_transactions_transaction_id.ee9a78a396)
[0m13:49:39.522376 [debug] [Thread-3 (]: Began compiling node test.real_estate_pipeline.unique_stg_transactions_transaction_id.ee9a78a396
[0m13:49:39.528281 [debug] [Thread-3 (]: Writing injected SQL for node "test.real_estate_pipeline.unique_stg_transactions_transaction_id.ee9a78a396"
[0m13:49:39.529012 [debug] [Thread-2 (]: Using snowflake connection "test.real_estate_pipeline.unique_stg_loans_loan_id.be67636b63"
[0m13:49:39.530085 [debug] [Thread-2 (]: On test.real_estate_pipeline.unique_stg_loans_loan_id.be67636b63: select
      count(*) as failures,
      count(*) != 0 as should_warn,
      count(*) != 0 as should_error
    from (
      
    
  
    
    

select
    loan_id as unique_field,
    count(*) as n_records

from FINANCE_DW.silver.stg_loans
where loan_id is not null
group by loan_id
having count(*) > 1



  
  
      
    ) dbt_internal_test
/* {"app": "dbt", "dbt_version": "1.12.0", "profile_name": "dbt_project", "target_name": "dev", "node_id": "test.real_estate_pipeline.unique_stg_loans_loan_id.be67636b63"} */
[0m13:49:39.541834 [debug] [Thread-3 (]: Began executing node test.real_estate_pipeline.unique_stg_transactions_transaction_id.ee9a78a396
[0m13:49:39.545128 [debug] [Thread-3 (]: Writing runtime sql for node "test.real_estate_pipeline.unique_stg_transactions_transaction_id.ee9a78a396"
[0m13:49:39.547120 [debug] [Thread-4 (]: SQL status: SUCCESS 1 in 0.207 seconds
[0m13:49:39.550263 [info ] [Thread-4 (]: 17 of 21 PASS unique_fct_transactions_transaction_id ........................... [[32mPASS[0m in 0.28s]
[0m13:49:39.552263 [debug] [Thread-4 (]: Finished running node test.real_estate_pipeline.unique_fct_transactions_transaction_id.c963611c53
[0m13:49:39.565342 [debug] [Thread-3 (]: Using snowflake connection "test.real_estate_pipeline.unique_stg_transactions_transaction_id.ee9a78a396"
[0m13:49:39.566233 [debug] [Thread-3 (]: On test.real_estate_pipeline.unique_stg_transactions_transaction_id.ee9a78a396: select
      count(*) as failures,
      count(*) != 0 as should_warn,
      count(*) != 0 as should_error
    from (
      
    
  
    
    

select
    transaction_id as unique_field,
    count(*) as n_records

from FINANCE_DW.silver.stg_transactions
where transaction_id is not null
group by transaction_id
having count(*) > 1



  
  
      
    ) dbt_internal_test
/* {"app": "dbt", "dbt_version": "1.12.0", "profile_name": "dbt_project", "target_name": "dev", "node_id": "test.real_estate_pipeline.unique_stg_transactions_transaction_id.ee9a78a396"} */
[0m13:49:39.665699 [debug] [Thread-5 (]: SQL status: SUCCESS 1 in 0.180 seconds
[0m13:49:39.668946 [info ] [Thread-5 (]: 19 of 21 PASS unique_stg_customers_customer_id ................................. [[32mPASS[0m in 0.23s]
[0m13:49:39.669919 [debug] [Thread-5 (]: Finished running node test.real_estate_pipeline.unique_stg_customers_customer_id.c7614daada
[0m13:49:39.674951 [debug] [Thread-2 (]: SQL status: SUCCESS 1 in 0.144 seconds
[0m13:49:39.677315 [info ] [Thread-2 (]: 20 of 21 PASS unique_stg_loans_loan_id ......................................... [[32mPASS[0m in 0.20s]
[0m13:49:39.678291 [debug] [Thread-2 (]: Finished running node test.real_estate_pipeline.unique_stg_loans_loan_id.be67636b63
[0m13:49:39.753767 [debug] [Thread-3 (]: SQL status: SUCCESS 1 in 0.187 seconds
[0m13:49:39.757499 [info ] [Thread-3 (]: 21 of 21 PASS unique_stg_transactions_transaction_id ........................... [[32mPASS[0m in 0.24s]
[0m13:49:39.759862 [debug] [Thread-3 (]: Finished running node test.real_estate_pipeline.unique_stg_transactions_transaction_id.ee9a78a396
[0m13:49:39.763408 [debug] [MainThread]: Connection 'master' was properly closed.
[0m13:49:39.764383 [debug] [MainThread]: Connection 'test.real_estate_pipeline.unique_stg_loans_loan_id.be67636b63' was left open.
[0m13:49:39.765022 [debug] [MainThread]: On test.real_estate_pipeline.unique_stg_loans_loan_id.be67636b63: Close
[0m13:49:39.921925 [debug] [MainThread]: Connection 'test.real_estate_pipeline.unique_stg_transactions_transaction_id.ee9a78a396' was left open.
[0m13:49:39.924302 [debug] [MainThread]: On test.real_estate_pipeline.unique_stg_transactions_transaction_id.ee9a78a396: Close
[0m13:49:40.077038 [debug] [MainThread]: Connection 'test.real_estate_pipeline.unique_fct_transactions_transaction_id.c963611c53' was left open.
[0m13:49:40.078126 [debug] [MainThread]: On test.real_estate_pipeline.unique_fct_transactions_transaction_id.c963611c53: Close
[0m13:49:40.223825 [debug] [MainThread]: Connection 'test.real_estate_pipeline.unique_stg_customers_customer_id.c7614daada' was left open.
[0m13:49:40.226054 [debug] [MainThread]: On test.real_estate_pipeline.unique_stg_customers_customer_id.c7614daada: Close
[0m13:49:40.366929 [info ] [MainThread]: 
[0m13:49:40.368276 [info ] [MainThread]: Finished running 21 data tests in 0 hours 0 minutes and 3.00 seconds (3.00s).
[0m13:49:40.370992 [debug] [MainThread]: Command end result
[0m13:49:40.432467 [debug] [MainThread]: Wrote artifact WritableManifest to /opt/airflow/dbt_project/target/manifest.json
[0m13:49:40.438340 [debug] [MainThread]: Wrote artifact SemanticManifest to /opt/airflow/dbt_project/target/semantic_manifest.json
[0m13:49:40.451720 [debug] [MainThread]: Wrote artifact OsiDocument to /opt/airflow/dbt_project/target/osi_document.json
[0m13:49:40.462674 [debug] [MainThread]: Wrote artifact RunExecutionResult to /opt/airflow/dbt_project/target/run_results.json
[0m13:49:40.463527 [info ] [MainThread]: 
[0m13:49:40.469570 [info ] [MainThread]: [32mCompleted successfully[0m
[0m13:49:40.475705 [info ] [MainThread]: 
[0m13:49:40.477998 [info ] [MainThread]: Done. PASS=21 WARN=0 ERROR=0 SKIP=0 NO-OP=0 REUSED=0 TOTAL=21
[0m13:49:40.479519 [debug] [MainThread]: Resource report: {"command_name": "test", "command_success": true, "command_wall_clock_time": 4.497311, "process_in_blocks": "1144", "process_kernel_time": 1.343537, "process_mem_max_rss": "226484", "process_out_blocks": "16", "process_user_time": 3.191405}
[0m13:49:40.480349 [debug] [MainThread]: Command `dbt test` succeeded at 13:49:40.480264 after 4.50 seconds
[0m13:49:40.481125 [debug] [MainThread]: Sending event: {'category': 'dbt', 'action': 'invocation', 'label': 'end', 'context': [<snowplow_tracker.self_describing_json.SelfDescribingJson object at 0x7261f3a71cf0>, <snowplow_tracker.self_describing_json.SelfDescribingJson object at 0x7261bded6d10>, <snowplow_tracker.self_describing_json.SelfDescribingJson object at 0x7261f2634910>]}
[0m13:49:40.481874 [debug] [MainThread]: Flushing usage events
[0m13:49:40.993584 [debug] [MainThread]: An error was encountered while trying to flush usage events
[0m08:48:25.484065 [debug] [MainThread]: Sending event: {'category': 'dbt', 'action': 'invocation', 'label': 'start', 'context': [<snowplow_tracker.self_describing_json.SelfDescribingJson object at 0x7e47155b9f60>, <snowplow_tracker.self_describing_json.SelfDescribingJson object at 0x7e4713e7a620>, <snowplow_tracker.self_describing_json.SelfDescribingJson object at 0x7e4713e7a5c0>]}


============================== 08:48:25.490042 | a48dc18b-ff0b-4df5-b4ed-59c176913e9e ==============================
[0m08:48:25.490042 [info ] [MainThread]: Running with dbt=1.12.0
[0m08:48:25.491139 [debug] [MainThread]: running dbt with arguments {'fail_fast': 'False', 'target_path': 'None', 'static_parser': 'True', 'version_check': 'True', 'no_print': 'None', 'log_path': '/opt/airflow/dbt_project/logs', 'warn_error_options': 'WarnErrorOptionsV2(error=[], warn=[], silence=[])', 'quiet': 'False', 'invocation_command': 'dbt run', 'log_cache_events': 'False', 'cache_selected_only': 'False', 'debug': 'False', 'use_experimental_parser': 'False', 'indirect_selection': 'eager', 'partial_parse': 'True', 'use_colors': 'True', 'send_anonymous_usage_stats': 'True', 'log_format': 'default', 'empty': 'False', 'introspect': 'True', 'hints_enabled': 'True', 'printer_width': '80', 'write_json': 'True', 'maximum_seed_size_mib': '1', 'warn_error': 'None', 'profiles_dir': '/opt/airflow/dbt_project'}
[0m08:48:26.385540 [debug] [MainThread]: Snowflake adapter: Setting snowflake.connector to ERROR (file logging only)
[0m08:48:26.386856 [debug] [MainThread]: Snowflake adapter: Setting botocore to ERROR (file logging only)
[0m08:48:26.387873 [debug] [MainThread]: Snowflake adapter: Setting boto3 to ERROR (file logging only)
[0m08:48:26.610276 [debug] [MainThread]: Sending event: {'category': 'dbt', 'action': 'project_id', 'label': 'a48dc18b-ff0b-4df5-b4ed-59c176913e9e', 'context': [<snowplow_tracker.self_describing_json.SelfDescribingJson object at 0x7e46de497220>]}
[0m08:48:26.661452 [debug] [MainThread]: Sending event: {'category': 'dbt', 'action': 'adapter_info', 'label': 'a48dc18b-ff0b-4df5-b4ed-59c176913e9e', 'context': [<snowplow_tracker.self_describing_json.SelfDescribingJson object at 0x7e4713e995a0>]}
[0m08:48:26.664150 [info ] [MainThread]: Registered adapter: snowflake=1.12.0
[0m08:48:26.757732 [debug] [MainThread]: checksum: 17b8c0eed372bdc76158915a5b86153b95ebcdfebef695d6713d3c569800f71e, vars: {}, profile: dbt_project, target: dev, version: 1.12.0
[0m08:48:27.248494 [debug] [MainThread]: Partial parsing enabled: 0 files deleted, 0 files added, 0 files changed.
[0m08:48:27.250407 [debug] [MainThread]: Nothing changed, skipping partial parsing.
[0m08:48:27.252137 [debug] [MainThread]: Partial parsing enabled, no changes found, skipping parsing
[0m08:48:27.263884 [debug] [MainThread]: Sending event: {'category': 'dbt', 'action': 'load_project', 'label': 'a48dc18b-ff0b-4df5-b4ed-59c176913e9e', 'context': [<snowplow_tracker.self_describing_json.SelfDescribingJson object at 0x7e46de12df90>]}
[0m08:48:27.457604 [debug] [MainThread]: Wrote artifact WritableManifest to /opt/airflow/dbt_project/target/manifest.json
[0m08:48:27.479810 [debug] [MainThread]: Wrote artifact SemanticManifest to /opt/airflow/dbt_project/target/semantic_manifest.json
[0m08:48:27.511210 [debug] [MainThread]: Wrote artifact OsiDocument to /opt/airflow/dbt_project/target/osi_document.json
[0m08:48:27.579854 [debug] [MainThread]: Sending event: {'category': 'dbt', 'action': 'resource_counts', 'label': 'a48dc18b-ff0b-4df5-b4ed-59c176913e9e', 'context': [<snowplow_tracker.self_describing_json.SelfDescribingJson object at 0x7e46dddd09d0>]}
[0m08:48:27.581089 [info ] [MainThread]: Found 9 models, 21 data tests, 4 sources, 546 macros
[0m08:48:27.582684 [debug] [MainThread]: Sending event: {'category': 'dbt', 'action': 'runnable_timing', 'label': 'a48dc18b-ff0b-4df5-b4ed-59c176913e9e', 'context': [<snowplow_tracker.self_describing_json.SelfDescribingJson object at 0x7e46dddd0f40>]}
[0m08:48:27.587417 [info ] [MainThread]: 
[0m08:48:27.588858 [info ] [MainThread]: Concurrency: 4 threads (target='dev')
[0m08:48:27.590061 [info ] [MainThread]: 
[0m08:48:27.591386 [debug] [MainThread]: Acquiring new snowflake connection 'master'
[0m08:48:27.600072 [debug] [ThreadPool]: Acquiring new snowflake connection 'list_FINANCE_DW'
[0m08:48:27.600917 [debug] [ThreadPool]: Acquiring new snowflake connection 'list_FINANCE_DW'
[0m08:48:27.618779 [debug] [ThreadPool]: Using snowflake connection "list_FINANCE_DW"
[0m08:48:27.619247 [debug] [ThreadPool]: Using snowflake connection "list_FINANCE_DW"
[0m08:48:27.620319 [debug] [ThreadPool]: On list_FINANCE_DW: show terse schemas in database FINANCE_DW
    limit 10000
/* {"app": "dbt", "dbt_version": "1.12.0", "profile_name": "dbt_project", "target_name": "dev", "connection_name": "list_FINANCE_DW"} */
[0m08:48:27.624130 [debug] [ThreadPool]: On list_FINANCE_DW: show terse schemas in database FINANCE_DW
    limit 10000
/* {"app": "dbt", "dbt_version": "1.12.0", "profile_name": "dbt_project", "target_name": "dev", "connection_name": "list_FINANCE_DW"} */
[0m08:48:27.625443 [debug] [ThreadPool]: Opening a new connection, currently in state init
[0m08:48:27.627291 [debug] [ThreadPool]: Opening a new connection, currently in state init
[0m08:48:31.377046 [debug] [ThreadPool]: SQL status: SUCCESS 5 in 3.750 seconds
[0m08:48:31.656324 [debug] [ThreadPool]: SQL status: SUCCESS 5 in 4.031 seconds
[0m08:48:31.660752 [debug] [ThreadPool]: Re-using an available connection from the pool (formerly list_FINANCE_DW, now list_FINANCE_DW_silver)
[0m08:48:31.661357 [debug] [ThreadPool]: Re-using an available connection from the pool (formerly list_FINANCE_DW, now list_FINANCE_DW_gold)
[0m08:48:31.670228 [debug] [ThreadPool]: Using snowflake connection "list_FINANCE_DW_silver"
[0m08:48:31.671766 [debug] [ThreadPool]: Using snowflake connection "list_FINANCE_DW_gold"
[0m08:48:31.672695 [debug] [ThreadPool]: On list_FINANCE_DW_silver: show objects in FINANCE_DW.silver
    limit 10000
    

/* {"app": "dbt", "dbt_version": "1.12.0", "profile_name": "dbt_project", "target_name": "dev", "connection_name": "list_FINANCE_DW_silver"} */;
[0m08:48:31.673597 [debug] [ThreadPool]: On list_FINANCE_DW_gold: show objects in FINANCE_DW.gold
    limit 10000
    

/* {"app": "dbt", "dbt_version": "1.12.0", "profile_name": "dbt_project", "target_name": "dev", "connection_name": "list_FINANCE_DW_gold"} */;
[0m08:48:32.046448 [debug] [ThreadPool]: SQL status: SUCCESS 4 in 0.372 seconds
[0m08:48:32.051773 [debug] [ThreadPool]: Using snowflake connection "list_FINANCE_DW_silver"
[0m08:48:32.052757 [debug] [ThreadPool]: On list_FINANCE_DW_silver: show user functions in FINANCE_DW.silver
/* {"app": "dbt", "dbt_version": "1.12.0", "profile_name": "dbt_project", "target_name": "dev", "connection_name": "list_FINANCE_DW_silver"} */
[0m08:48:32.058970 [debug] [ThreadPool]: SQL status: SUCCESS 5 in 0.383 seconds
[0m08:48:32.062581 [debug] [ThreadPool]: Using snowflake connection "list_FINANCE_DW_gold"
[0m08:48:32.063579 [debug] [ThreadPool]: On list_FINANCE_DW_gold: show user functions in FINANCE_DW.gold
/* {"app": "dbt", "dbt_version": "1.12.0", "profile_name": "dbt_project", "target_name": "dev", "connection_name": "list_FINANCE_DW_gold"} */
[0m08:48:32.166907 [debug] [ThreadPool]: SQL status: SUCCESS 0 in 0.102 seconds
[0m08:48:32.168539 [debug] [ThreadPool]: SQL status: SUCCESS 0 in 0.115 seconds
[0m08:48:32.174482 [debug] [MainThread]: Sending event: {'category': 'dbt', 'action': 'runnable_timing', 'label': 'a48dc18b-ff0b-4df5-b4ed-59c176913e9e', 'context': [<snowplow_tracker.self_describing_json.SelfDescribingJson object at 0x7e46ddf391e0>]}
[0m08:48:32.180396 [debug] [Thread-2 (]: Began running node model.real_estate_pipeline.stg_accounts
[0m08:48:32.180739 [debug] [Thread-3 (]: Began running node model.real_estate_pipeline.stg_customers
[0m08:48:32.181057 [debug] [Thread-4 (]: Began running node model.real_estate_pipeline.stg_loans
[0m08:48:32.181352 [debug] [Thread-5 (]: Began running node model.real_estate_pipeline.stg_transactions
[0m08:48:32.181921 [info ] [Thread-2 (]: 1 of 9 START sql view model silver.stg_accounts ................................ [RUN]
[0m08:48:32.183171 [info ] [Thread-3 (]: 2 of 9 START sql view model silver.stg_customers ............................... [RUN]
[0m08:48:32.184283 [info ] [Thread-4 (]: 3 of 9 START sql view model silver.stg_loans ................................... [RUN]
[0m08:48:32.184901 [info ] [Thread-5 (]: 4 of 9 START sql view model silver.stg_transactions ............................ [RUN]
[0m08:48:32.185536 [debug] [Thread-2 (]: Re-using an available connection from the pool (formerly list_FINANCE_DW_silver, now model.real_estate_pipeline.stg_accounts)
[0m08:48:32.186240 [debug] [Thread-3 (]: Re-using an available connection from the pool (formerly list_FINANCE_DW_gold, now model.real_estate_pipeline.stg_customers)
[0m08:48:32.187313 [debug] [Thread-4 (]: Acquiring new snowflake connection 'model.real_estate_pipeline.stg_loans'
[0m08:48:32.189567 [debug] [Thread-5 (]: Acquiring new snowflake connection 'model.real_estate_pipeline.stg_transactions'
[0m08:48:32.190684 [debug] [Thread-2 (]: Began compiling node model.real_estate_pipeline.stg_accounts
[0m08:48:32.192297 [debug] [Thread-3 (]: Began compiling node model.real_estate_pipeline.stg_customers
[0m08:48:32.193716 [debug] [Thread-4 (]: Began compiling node model.real_estate_pipeline.stg_loans
[0m08:48:32.195824 [debug] [Thread-5 (]: Began compiling node model.real_estate_pipeline.stg_transactions
[0m08:48:32.203375 [debug] [Thread-2 (]: Writing injected SQL for node "model.real_estate_pipeline.stg_accounts"
[0m08:48:32.206875 [debug] [Thread-3 (]: Writing injected SQL for node "model.real_estate_pipeline.stg_customers"
[0m08:48:32.210194 [debug] [Thread-4 (]: Writing injected SQL for node "model.real_estate_pipeline.stg_loans"
[0m08:48:32.212484 [debug] [Thread-5 (]: Writing injected SQL for node "model.real_estate_pipeline.stg_transactions"
[0m08:48:32.234777 [debug] [Thread-2 (]: Began executing node model.real_estate_pipeline.stg_accounts
[0m08:48:32.241908 [debug] [Thread-5 (]: Began executing node model.real_estate_pipeline.stg_transactions
[0m08:48:32.248553 [debug] [Thread-3 (]: Began executing node model.real_estate_pipeline.stg_customers
[0m08:48:32.248941 [debug] [Thread-4 (]: Began executing node model.real_estate_pipeline.stg_loans
[0m08:48:32.257956 [debug] [Thread-2 (]: Writing runtime sql for node "model.real_estate_pipeline.stg_accounts"
[0m08:48:32.259699 [debug] [Thread-5 (]: Writing runtime sql for node "model.real_estate_pipeline.stg_transactions"
[0m08:48:32.262668 [debug] [Thread-3 (]: Writing runtime sql for node "model.real_estate_pipeline.stg_customers"
[0m08:48:32.265098 [debug] [Thread-4 (]: Writing runtime sql for node "model.real_estate_pipeline.stg_loans"
[0m08:48:32.286155 [debug] [Thread-3 (]: Using snowflake connection "model.real_estate_pipeline.stg_customers"
[0m08:48:32.287996 [debug] [Thread-5 (]: Using snowflake connection "model.real_estate_pipeline.stg_transactions"
[0m08:48:32.289438 [debug] [Thread-4 (]: Using snowflake connection "model.real_estate_pipeline.stg_loans"
[0m08:48:32.294335 [debug] [Thread-3 (]: On model.real_estate_pipeline.stg_customers: create or replace   view FINANCE_DW.silver.stg_customers
  
  
  
  
  as (
    with source as (
    select
        $1::int as customer_id,
        trim($2)::varchar as first_name,
        trim($3)::varchar as last_name,
        try_to_timestamp(nullif(trim($4::varchar), 'NaT')) as date_of_birth,
        $5::int as address_id,
        $6::int as customer_type_id,
        row_number() over (
            partition by $1::int 
            order by $1::int
        ) as rn
    from FINANCE_DW.BRONZE.RAW_CUSTOMERS
)

select
    customer_id,
    first_name,
    last_name,
    date_of_birth,
    address_id,
    customer_type_id
from source
where rn = 1
  )
/* {"app": "dbt", "dbt_version": "1.12.0", "profile_name": "dbt_project", "target_name": "dev", "node_id": "model.real_estate_pipeline.stg_customers"} */;
[0m08:48:32.295989 [debug] [Thread-5 (]: On model.real_estate_pipeline.stg_transactions: create or replace   view FINANCE_DW.silver.stg_transactions
  
  
  
  
  as (
    with source as (
    select
        $1::int as transaction_id,
        $2::int as account_origin_id,
        $3::int as account_destination_id,
        $4::int as transaction_type_id,
        $5::numeric(15,2) as amount,
        $6::timestamp as transaction_date,
        $7::int as branch_id,
        trim($8)::varchar as description,
        row_number() over (
            partition by $1::int 
            order by $6::timestamp desc
        ) as rn
    from FINANCE_DW.BRONZE.RAW_TRANSACTIONS
)

select
    transaction_id,
    account_origin_id,
    account_destination_id,
    transaction_type_id,
    amount,
    transaction_date,
    branch_id,
    description
from source
where rn = 1
  )
/* {"app": "dbt", "dbt_version": "1.12.0", "profile_name": "dbt_project", "target_name": "dev", "node_id": "model.real_estate_pipeline.stg_transactions"} */;
[0m08:48:32.298592 [debug] [Thread-4 (]: On model.real_estate_pipeline.stg_loans: create or replace   view FINANCE_DW.silver.stg_loans
  
  
  
  
  as (
    with source as (
    select
        $1::int as loan_id,
        $2::int as account_id,
        $3::int as loan_status_id,
        $4::numeric(15,2) as principal_amount,
        $5::numeric(5,4) as interest_rate,
        $6::timestamp as start_date,
        $7::timestamp as estimated_end_date,
        row_number() over (
            partition by $1::int 
            order by $6::timestamp desc
        ) as rn
    from FINANCE_DW.BRONZE.RAW_LOANS
)

select
    loan_id,
    account_id,
    loan_status_id,
    principal_amount,
    interest_rate,
    start_date,
    estimated_end_date
from source
where rn = 1
  )
/* {"app": "dbt", "dbt_version": "1.12.0", "profile_name": "dbt_project", "target_name": "dev", "node_id": "model.real_estate_pipeline.stg_loans"} */;
[0m08:48:32.304468 [debug] [Thread-2 (]: Using snowflake connection "model.real_estate_pipeline.stg_accounts"
[0m08:48:32.308151 [debug] [Thread-5 (]: Opening a new connection, currently in state init
[0m08:48:32.309137 [debug] [Thread-4 (]: Opening a new connection, currently in state init
[0m08:48:32.309849 [debug] [Thread-2 (]: On model.real_estate_pipeline.stg_accounts: create or replace   view FINANCE_DW.silver.stg_accounts
  
  
  
  
  as (
    with source as (
    select
        $1::int as account_id,
        $2::int as customer_id,
        $3::int as account_type_id,
        $4::int as account_status_id,
        $5::numeric(15,2) as balance,
        try_to_timestamp($6::varchar) as opening_date,
        row_number() over (
            partition by $1::int 
            order by try_to_timestamp($6::varchar) desc
        ) as rn
    from FINANCE_DW.BRONZE.RAW_ACCOUNTS
)

select
    account_id,
    customer_id,
    account_type_id,
    account_status_id,
    balance,
    opening_date
from source
where rn = 1
  )
/* {"app": "dbt", "dbt_version": "1.12.0", "profile_name": "dbt_project", "target_name": "dev", "node_id": "model.real_estate_pipeline.stg_accounts"} */;
[0m08:48:32.680372 [debug] [Thread-2 (]: SQL status: SUCCESS 1 in 0.363 seconds
[0m08:48:32.709024 [debug] [Thread-2 (]: Sending event: {'category': 'dbt', 'action': 'run_model', 'label': 'a48dc18b-ff0b-4df5-b4ed-59c176913e9e', 'context': [<snowplow_tracker.self_describing_json.SelfDescribingJson object at 0x7e46dd2a9210>]}
[0m08:48:32.710418 [info ] [Thread-2 (]: 1 of 9 OK created sql view model silver.stg_accounts ........................... [[32mSUCCESS 1[0m in 0.52s]
[0m08:48:32.711445 [debug] [Thread-2 (]: Finished running node model.real_estate_pipeline.stg_accounts
[0m08:48:32.712545 [debug] [Thread-2 (]: Began running node model.real_estate_pipeline.dim_accounts
[0m08:48:32.713394 [info ] [Thread-2 (]: 5 of 9 START sql table model gold.dim_accounts ................................. [RUN]
[0m08:48:32.714169 [debug] [Thread-2 (]: Re-using an available connection from the pool (formerly model.real_estate_pipeline.stg_accounts, now model.real_estate_pipeline.dim_accounts)
[0m08:48:32.714840 [debug] [Thread-2 (]: Began compiling node model.real_estate_pipeline.dim_accounts
[0m08:48:32.717367 [debug] [Thread-2 (]: Writing injected SQL for node "model.real_estate_pipeline.dim_accounts"
[0m08:48:32.731526 [debug] [Thread-2 (]: Began executing node model.real_estate_pipeline.dim_accounts
[0m08:48:32.755811 [debug] [Thread-2 (]: Writing runtime sql for node "model.real_estate_pipeline.dim_accounts"
[0m08:48:32.771146 [debug] [Thread-2 (]: Using snowflake connection "model.real_estate_pipeline.dim_accounts"
[0m08:48:32.772030 [debug] [Thread-2 (]: On model.real_estate_pipeline.dim_accounts: create or replace transient table FINANCE_DW.gold.dim_accounts
    
    
    
    
    

    as (select
    account_id,
    customer_id,
    account_type_id,
    account_status_id,
    balance,
    opening_date
from FINANCE_DW.silver.stg_accounts
    )

/* {"app": "dbt", "dbt_version": "1.12.0", "profile_name": "dbt_project", "target_name": "dev", "node_id": "model.real_estate_pipeline.dim_accounts"} */;
[0m08:48:33.518027 [debug] [Thread-3 (]: SQL status: SUCCESS 1 in 1.211 seconds
[0m08:48:33.522235 [debug] [Thread-3 (]: Sending event: {'category': 'dbt', 'action': 'run_model', 'label': 'a48dc18b-ff0b-4df5-b4ed-59c176913e9e', 'context': [<snowplow_tracker.self_describing_json.SelfDescribingJson object at 0x7e46ce700310>]}
[0m08:48:33.523568 [info ] [Thread-3 (]: 2 of 9 OK created sql view model silver.stg_customers .......................... [[32mSUCCESS 1[0m in 1.34s]
[0m08:48:33.524759 [debug] [Thread-3 (]: Finished running node model.real_estate_pipeline.stg_customers
[0m08:48:33.525806 [debug] [Thread-3 (]: Began running node model.real_estate_pipeline.dim_customers
[0m08:48:33.526849 [info ] [Thread-3 (]: 6 of 9 START sql table model gold.dim_customers ................................ [RUN]
[0m08:48:33.527723 [debug] [Thread-3 (]: Re-using an available connection from the pool (formerly model.real_estate_pipeline.stg_customers, now model.real_estate_pipeline.dim_customers)
[0m08:48:33.528359 [debug] [Thread-3 (]: Began compiling node model.real_estate_pipeline.dim_customers
[0m08:48:33.530499 [debug] [Thread-3 (]: Writing injected SQL for node "model.real_estate_pipeline.dim_customers"
[0m08:48:33.542179 [debug] [Thread-3 (]: Began executing node model.real_estate_pipeline.dim_customers
[0m08:48:33.544853 [debug] [Thread-3 (]: Writing runtime sql for node "model.real_estate_pipeline.dim_customers"
[0m08:48:33.561077 [debug] [Thread-3 (]: Using snowflake connection "model.real_estate_pipeline.dim_customers"
[0m08:48:33.561973 [debug] [Thread-3 (]: On model.real_estate_pipeline.dim_customers: create or replace transient table FINANCE_DW.gold.dim_customers
    
    
    
    
    

    as (with customers as (
    select * from FINANCE_DW.silver.stg_customers
),
accounts as (
    select 
        customer_id,
        count(account_id) as total_accounts,
        sum(balance) as total_balance
    from FINANCE_DW.silver.stg_accounts
    group by customer_id
)

select
    c.customer_id,
    c.first_name,
    c.last_name,
    c.date_of_birth,
    c.customer_type_id,
    coalesce(a.total_accounts, 0) as total_accounts,
    coalesce(a.total_balance, 0) as total_balance
from customers c
left join accounts a on c.customer_id = a.customer_id
    )

/* {"app": "dbt", "dbt_version": "1.12.0", "profile_name": "dbt_project", "target_name": "dev", "node_id": "model.real_estate_pipeline.dim_customers"} */;
[0m08:48:34.032086 [debug] [Thread-5 (]: SQL status: SUCCESS 1 in 1.724 seconds
[0m08:48:34.037601 [debug] [Thread-5 (]: Sending event: {'category': 'dbt', 'action': 'run_model', 'label': 'a48dc18b-ff0b-4df5-b4ed-59c176913e9e', 'context': [<snowplow_tracker.self_describing_json.SelfDescribingJson object at 0x7e46ce702c80>]}
[0m08:48:34.039895 [info ] [Thread-5 (]: 4 of 9 OK created sql view model silver.stg_transactions ....................... [[32mSUCCESS 1[0m in 1.85s]
[0m08:48:34.041978 [debug] [Thread-5 (]: Finished running node model.real_estate_pipeline.stg_transactions
[0m08:48:34.043476 [debug] [Thread-5 (]: Began running node model.real_estate_pipeline.fct_transactions
[0m08:48:34.044541 [info ] [Thread-5 (]: 7 of 9 START sql table model gold.fct_transactions ............................. [RUN]
[0m08:48:34.045566 [debug] [Thread-5 (]: Re-using an available connection from the pool (formerly model.real_estate_pipeline.stg_transactions, now model.real_estate_pipeline.fct_transactions)
[0m08:48:34.046236 [debug] [Thread-5 (]: Began compiling node model.real_estate_pipeline.fct_transactions
[0m08:48:34.048415 [debug] [Thread-5 (]: Writing injected SQL for node "model.real_estate_pipeline.fct_transactions"
[0m08:48:34.077271 [debug] [Thread-5 (]: Began executing node model.real_estate_pipeline.fct_transactions
[0m08:48:34.080259 [debug] [Thread-5 (]: Writing runtime sql for node "model.real_estate_pipeline.fct_transactions"
[0m08:48:34.092860 [debug] [Thread-5 (]: Using snowflake connection "model.real_estate_pipeline.fct_transactions"
[0m08:48:34.095125 [debug] [Thread-5 (]: On model.real_estate_pipeline.fct_transactions: create or replace transient table FINANCE_DW.gold.fct_transactions
    
    
    
    
    

    as (select
    t.transaction_id,
    t.account_origin_id,
    t.account_destination_id,
    a.customer_id as origin_customer_id,
    t.transaction_type_id,
    t.branch_id,
    to_char(t.transaction_date::date, 'YYYYMMDD')::int as date_id,
    t.transaction_date,
    t.amount
from FINANCE_DW.silver.stg_transactions t
left join FINANCE_DW.silver.stg_accounts a on t.account_origin_id = a.account_id
    )

/* {"app": "dbt", "dbt_version": "1.12.0", "profile_name": "dbt_project", "target_name": "dev", "node_id": "model.real_estate_pipeline.fct_transactions"} */;
[0m08:48:34.564531 [debug] [Thread-4 (]: SQL status: SUCCESS 1 in 2.255 seconds
[0m08:48:34.570241 [debug] [Thread-4 (]: Sending event: {'category': 'dbt', 'action': 'run_model', 'label': 'a48dc18b-ff0b-4df5-b4ed-59c176913e9e', 'context': [<snowplow_tracker.self_describing_json.SelfDescribingJson object at 0x7e46ce70dcf0>]}
[0m08:48:34.572290 [info ] [Thread-4 (]: 3 of 9 OK created sql view model silver.stg_loans .............................. [[32mSUCCESS 1[0m in 2.38s]
[0m08:48:34.574926 [debug] [Thread-4 (]: Finished running node model.real_estate_pipeline.stg_loans
[0m08:48:34.576419 [debug] [Thread-4 (]: Began running node model.real_estate_pipeline.dim_date
[0m08:48:34.577246 [info ] [Thread-4 (]: 8 of 9 START sql table model gold.dim_date ..................................... [RUN]
[0m08:48:34.578036 [debug] [Thread-4 (]: Re-using an available connection from the pool (formerly model.real_estate_pipeline.stg_loans, now model.real_estate_pipeline.dim_date)
[0m08:48:34.578717 [debug] [Thread-4 (]: Began compiling node model.real_estate_pipeline.dim_date
[0m08:48:34.580680 [debug] [Thread-4 (]: Writing injected SQL for node "model.real_estate_pipeline.dim_date"
[0m08:48:34.601600 [debug] [Thread-4 (]: Began executing node model.real_estate_pipeline.dim_date
[0m08:48:34.604884 [debug] [Thread-4 (]: Writing runtime sql for node "model.real_estate_pipeline.dim_date"
[0m08:48:34.630256 [debug] [Thread-4 (]: Using snowflake connection "model.real_estate_pipeline.dim_date"
[0m08:48:34.631164 [debug] [Thread-4 (]: On model.real_estate_pipeline.dim_date: create or replace transient table FINANCE_DW.gold.dim_date
    
    
    
    
    

    as (with dates as (
    select transaction_date::date as date_day from FINANCE_DW.silver.stg_transactions
    union
    select start_date::date as date_day from FINANCE_DW.silver.stg_loans
    union
    select opening_date::date as date_day from FINANCE_DW.silver.stg_accounts
)

select distinct
    to_char(date_day, 'YYYYMMDD')::int as date_id,
    date_day as full_date,
    year(date_day) as year,
    quarter(date_day) as quarter,
    month(date_day) as month,
    monthname(date_day) as month_name,
    day(date_day) as day,
    dayname(date_day) as day_of_week
from dates
where date_day is not null
    )

/* {"app": "dbt", "dbt_version": "1.12.0", "profile_name": "dbt_project", "target_name": "dev", "node_id": "model.real_estate_pipeline.dim_date"} */;
[0m08:48:35.708291 [debug] [Thread-2 (]: SQL status: SUCCESS 1651 in 2.935 seconds
[0m08:48:35.712734 [debug] [Thread-2 (]: Sending event: {'category': 'dbt', 'action': 'run_model', 'label': 'a48dc18b-ff0b-4df5-b4ed-59c176913e9e', 'context': [<snowplow_tracker.self_describing_json.SelfDescribingJson object at 0x7e4715320a00>]}
[0m08:48:35.714379 [info ] [Thread-2 (]: 5 of 9 OK created sql table model gold.dim_accounts ............................ [[32mSUCCESS 1651[0m in 3.00s]
[0m08:48:35.715551 [debug] [Thread-2 (]: Finished running node model.real_estate_pipeline.dim_accounts
[0m08:48:35.717391 [debug] [Thread-2 (]: Began running node model.real_estate_pipeline.fct_loans
[0m08:48:35.719807 [info ] [Thread-2 (]: 9 of 9 START sql table model gold.fct_loans .................................... [RUN]
[0m08:48:35.720607 [debug] [Thread-2 (]: Re-using an available connection from the pool (formerly model.real_estate_pipeline.dim_accounts, now model.real_estate_pipeline.fct_loans)
[0m08:48:35.721222 [debug] [Thread-2 (]: Began compiling node model.real_estate_pipeline.fct_loans
[0m08:48:35.723167 [debug] [Thread-2 (]: Writing injected SQL for node "model.real_estate_pipeline.fct_loans"
[0m08:48:35.745023 [debug] [Thread-2 (]: Began executing node model.real_estate_pipeline.fct_loans
[0m08:48:35.747621 [debug] [Thread-2 (]: Writing runtime sql for node "model.real_estate_pipeline.fct_loans"
[0m08:48:35.774677 [debug] [Thread-2 (]: Using snowflake connection "model.real_estate_pipeline.fct_loans"
[0m08:48:35.775576 [debug] [Thread-2 (]: On model.real_estate_pipeline.fct_loans: create or replace transient table FINANCE_DW.gold.fct_loans
    
    
    
    
    

    as (select
    l.loan_id,
    l.account_id,
    a.customer_id,
    l.loan_status_id,
    to_char(l.start_date::date, 'YYYYMMDD')::int as date_id,
    l.principal_amount,
    l.interest_rate,
    l.start_date,
    l.estimated_end_date
from FINANCE_DW.silver.stg_loans l
left join FINANCE_DW.silver.stg_accounts a on l.account_id = a.account_id
    )

/* {"app": "dbt", "dbt_version": "1.12.0", "profile_name": "dbt_project", "target_name": "dev", "node_id": "model.real_estate_pipeline.fct_loans"} */;
[0m08:48:35.793207 [debug] [Thread-3 (]: SQL status: SUCCESS 1100 in 2.230 seconds
[0m08:48:35.796108 [debug] [Thread-3 (]: Sending event: {'category': 'dbt', 'action': 'run_model', 'label': 'a48dc18b-ff0b-4df5-b4ed-59c176913e9e', 'context': [<snowplow_tracker.self_describing_json.SelfDescribingJson object at 0x7e46ce70d780>]}
[0m08:48:35.797357 [info ] [Thread-3 (]: 6 of 9 OK created sql table model gold.dim_customers ........................... [[32mSUCCESS 1100[0m in 2.27s]
[0m08:48:35.798395 [debug] [Thread-3 (]: Finished running node model.real_estate_pipeline.dim_customers
[0m08:48:36.027728 [debug] [Thread-5 (]: SQL status: SUCCESS 49500 in 1.928 seconds
[0m08:48:36.032100 [debug] [Thread-5 (]: Sending event: {'category': 'dbt', 'action': 'run_model', 'label': 'a48dc18b-ff0b-4df5-b4ed-59c176913e9e', 'context': [<snowplow_tracker.self_describing_json.SelfDescribingJson object at 0x7e46ce7008e0>]}
[0m08:48:36.033833 [info ] [Thread-5 (]: 7 of 9 OK created sql table model gold.fct_transactions ........................ [[32mSUCCESS 49500[0m in 1.99s]
[0m08:48:36.034974 [debug] [Thread-5 (]: Finished running node model.real_estate_pipeline.fct_transactions
[0m08:48:36.392382 [debug] [Thread-4 (]: SQL status: SUCCESS 2253 in 1.760 seconds
[0m08:48:36.397255 [debug] [Thread-4 (]: Sending event: {'category': 'dbt', 'action': 'run_model', 'label': 'a48dc18b-ff0b-4df5-b4ed-59c176913e9e', 'context': [<snowplow_tracker.self_describing_json.SelfDescribingJson object at 0x7e46ce70e290>]}
[0m08:48:36.399120 [info ] [Thread-4 (]: 8 of 9 OK created sql table model gold.dim_date ................................ [[32mSUCCESS 2253[0m in 1.82s]
[0m08:48:36.400309 [debug] [Thread-4 (]: Finished running node model.real_estate_pipeline.dim_date
[0m08:48:36.883498 [debug] [Thread-2 (]: SQL status: SUCCESS 330 in 1.107 seconds
[0m08:48:36.888370 [debug] [Thread-2 (]: Sending event: {'category': 'dbt', 'action': 'run_model', 'label': 'a48dc18b-ff0b-4df5-b4ed-59c176913e9e', 'context': [<snowplow_tracker.self_describing_json.SelfDescribingJson object at 0x7e46dd26b4f0>]}
[0m08:48:36.890432 [info ] [Thread-2 (]: 9 of 9 OK created sql table model gold.fct_loans ............................... [[32mSUCCESS 330[0m in 1.17s]
[0m08:48:36.891484 [debug] [Thread-2 (]: Finished running node model.real_estate_pipeline.fct_loans
[0m08:48:36.893625 [debug] [MainThread]: Connection 'master' was properly closed.
[0m08:48:36.894496 [debug] [MainThread]: Connection 'model.real_estate_pipeline.fct_loans' was left open.
[0m08:48:36.895209 [debug] [MainThread]: On model.real_estate_pipeline.fct_loans: Close
[0m08:48:37.070458 [debug] [MainThread]: Connection 'model.real_estate_pipeline.dim_customers' was left open.
[0m08:48:37.073173 [debug] [MainThread]: On model.real_estate_pipeline.dim_customers: Close
[0m08:48:37.218569 [debug] [MainThread]: Connection 'model.real_estate_pipeline.dim_date' was left open.
[0m08:48:37.221784 [debug] [MainThread]: On model.real_estate_pipeline.dim_date: Close
[0m08:48:37.410175 [debug] [MainThread]: Connection 'model.real_estate_pipeline.fct_transactions' was left open.
[0m08:48:37.412245 [debug] [MainThread]: On model.real_estate_pipeline.fct_transactions: Close
[0m08:48:37.559776 [info ] [MainThread]: 
[0m08:48:37.563177 [info ] [MainThread]: Finished running 5 table models, 4 view models in 0 hours 0 minutes and 9.97 seconds (9.97s).
[0m08:48:37.565625 [debug] [MainThread]: Command end result
[0m08:48:37.609779 [debug] [MainThread]: Wrote artifact WritableManifest to /opt/airflow/dbt_project/target/manifest.json
[0m08:48:37.613671 [debug] [MainThread]: Wrote artifact SemanticManifest to /opt/airflow/dbt_project/target/semantic_manifest.json
[0m08:48:37.617382 [debug] [MainThread]: Wrote artifact OsiDocument to /opt/airflow/dbt_project/target/osi_document.json
[0m08:48:37.644475 [debug] [MainThread]: Wrote artifact RunExecutionResult to /opt/airflow/dbt_project/target/run_results.json
[0m08:48:37.645218 [info ] [MainThread]: 
[0m08:48:37.645976 [info ] [MainThread]: [32mCompleted successfully[0m
[0m08:48:37.646690 [info ] [MainThread]: 
[0m08:48:37.647337 [info ] [MainThread]: Done. PASS=9 WARN=0 ERROR=0 SKIP=0 NO-OP=0 REUSED=0 TOTAL=9
[0m08:48:37.650147 [debug] [MainThread]: Resource report: {"command_name": "run", "command_success": true, "command_wall_clock_time": 12.286814, "process_in_blocks": "69048", "process_kernel_time": 1.543647, "process_mem_max_rss": "233952", "process_out_blocks": "16080", "process_user_time": 4.606759}
[0m08:48:37.650948 [debug] [MainThread]: Command `dbt run` succeeded at 08:48:37.650847 after 12.29 seconds
[0m08:48:37.651569 [debug] [MainThread]: Sending event: {'category': 'dbt', 'action': 'invocation', 'label': 'end', 'context': [<snowplow_tracker.self_describing_json.SelfDescribingJson object at 0x7e47155b9f60>, <snowplow_tracker.self_describing_json.SelfDescribingJson object at 0x7e46dd217970>, <snowplow_tracker.self_describing_json.SelfDescribingJson object at 0x7e4713e995a0>]}
[0m08:48:37.652295 [debug] [MainThread]: Flushing usage events
[0m08:48:38.386594 [debug] [MainThread]: An error was encountered while trying to flush usage events
[0m08:48:40.909482 [debug] [MainThread]: Sending event: {'category': 'dbt', 'action': 'invocation', 'label': 'start', 'context': [<snowplow_tracker.self_describing_json.SelfDescribingJson object at 0x720b3661dfc0>, <snowplow_tracker.self_describing_json.SelfDescribingJson object at 0x720b34eba740>, <snowplow_tracker.self_describing_json.SelfDescribingJson object at 0x720b34eba6e0>]}


============================== 08:48:40.913830 | 30d0bbcd-62fb-4158-a890-33d85acae487 ==============================
[0m08:48:40.913830 [info ] [MainThread]: Running with dbt=1.12.0
[0m08:48:40.914695 [debug] [MainThread]: running dbt with arguments {'send_anonymous_usage_stats': 'True', 'log_format': 'default', 'printer_width': '80', 'log_path': '/opt/airflow/dbt_project/logs', 'empty': 'None', 'partial_parse': 'True', 'maximum_seed_size_mib': '1', 'introspect': 'True', 'profiles_dir': '/opt/airflow/dbt_project', 'warn_error': 'None', 'debug': 'False', 'write_json': 'True', 'warn_error_options': 'WarnErrorOptionsV2(error=[], warn=[], silence=[])', 'use_experimental_parser': 'False', 'hints_enabled': 'True', 'target_path': 'None', 'indirect_selection': 'eager', 'version_check': 'True', 'cache_selected_only': 'False', 'static_parser': 'True', 'fail_fast': 'False', 'invocation_command': 'dbt test', 'quiet': 'False', 'log_cache_events': 'False', 'use_colors': 'True', 'no_print': 'None'}
[0m08:48:41.430205 [debug] [MainThread]: Snowflake adapter: Setting snowflake.connector to ERROR (file logging only)
[0m08:48:41.431417 [debug] [MainThread]: Snowflake adapter: Setting botocore to ERROR (file logging only)
[0m08:48:41.434434 [debug] [MainThread]: Snowflake adapter: Setting boto3 to ERROR (file logging only)
[0m08:48:41.585999 [debug] [MainThread]: Sending event: {'category': 'dbt', 'action': 'project_id', 'label': '30d0bbcd-62fb-4158-a890-33d85acae487', 'context': [<snowplow_tracker.self_describing_json.SelfDescribingJson object at 0x720b34ce2650>]}
[0m08:48:41.631602 [debug] [MainThread]: Sending event: {'category': 'dbt', 'action': 'adapter_info', 'label': '30d0bbcd-62fb-4158-a890-33d85acae487', 'context': [<snowplow_tracker.self_describing_json.SelfDescribingJson object at 0x720b351bce50>]}
[0m08:48:41.633265 [info ] [MainThread]: Registered adapter: snowflake=1.12.0
[0m08:48:41.709035 [debug] [MainThread]: checksum: 17b8c0eed372bdc76158915a5b86153b95ebcdfebef695d6713d3c569800f71e, vars: {}, profile: dbt_project, target: dev, version: 1.12.0
[0m08:48:42.017315 [debug] [MainThread]: Partial parsing enabled: 0 files deleted, 0 files added, 0 files changed.
[0m08:48:42.018309 [debug] [MainThread]: Nothing changed, skipping partial parsing.
[0m08:48:42.019199 [debug] [MainThread]: Partial parsing enabled, no changes found, skipping parsing
[0m08:48:42.027887 [debug] [MainThread]: Sending event: {'category': 'dbt', 'action': 'load_project', 'label': '30d0bbcd-62fb-4158-a890-33d85acae487', 'context': [<snowplow_tracker.self_describing_json.SelfDescribingJson object at 0x720afeecdf30>]}
[0m08:48:42.170899 [debug] [MainThread]: Wrote artifact WritableManifest to /opt/airflow/dbt_project/target/manifest.json
[0m08:48:42.188434 [debug] [MainThread]: Wrote artifact SemanticManifest to /opt/airflow/dbt_project/target/semantic_manifest.json
[0m08:48:42.199280 [debug] [MainThread]: Wrote artifact OsiDocument to /opt/airflow/dbt_project/target/osi_document.json
[0m08:48:42.239288 [debug] [MainThread]: Sending event: {'category': 'dbt', 'action': 'resource_counts', 'label': '30d0bbcd-62fb-4158-a890-33d85acae487', 'context': [<snowplow_tracker.self_describing_json.SelfDescribingJson object at 0x720afec25420>]}
[0m08:48:42.240333 [info ] [MainThread]: Found 9 models, 21 data tests, 4 sources, 546 macros
[0m08:48:42.241099 [debug] [MainThread]: Sending event: {'category': 'dbt', 'action': 'runnable_timing', 'label': '30d0bbcd-62fb-4158-a890-33d85acae487', 'context': [<snowplow_tracker.self_describing_json.SelfDescribingJson object at 0x720afec24c70>]}
[0m08:48:42.245613 [info ] [MainThread]: 
[0m08:48:42.246378 [info ] [MainThread]: Concurrency: 4 threads (target='dev')
[0m08:48:42.247076 [info ] [MainThread]: 
[0m08:48:42.247874 [debug] [MainThread]: Acquiring new snowflake connection 'master'
[0m08:48:42.252371 [debug] [ThreadPool]: Acquiring new snowflake connection 'list_FINANCE_DW_gold'
[0m08:48:42.253097 [debug] [ThreadPool]: Acquiring new snowflake connection 'list_FINANCE_DW_silver'
[0m08:48:42.268099 [debug] [ThreadPool]: Using snowflake connection "list_FINANCE_DW_gold"
[0m08:48:42.269221 [debug] [ThreadPool]: Using snowflake connection "list_FINANCE_DW_silver"
[0m08:48:42.270022 [debug] [ThreadPool]: On list_FINANCE_DW_gold: show objects in FINANCE_DW.gold
    limit 10000
    

/* {"app": "dbt", "dbt_version": "1.12.0", "profile_name": "dbt_project", "target_name": "dev", "connection_name": "list_FINANCE_DW_gold"} */;
[0m08:48:42.270847 [debug] [ThreadPool]: On list_FINANCE_DW_silver: show objects in FINANCE_DW.silver
    limit 10000
    

/* {"app": "dbt", "dbt_version": "1.12.0", "profile_name": "dbt_project", "target_name": "dev", "connection_name": "list_FINANCE_DW_silver"} */;
[0m08:48:42.271514 [debug] [ThreadPool]: Opening a new connection, currently in state init
[0m08:48:42.272094 [debug] [ThreadPool]: Opening a new connection, currently in state init
[0m08:48:42.777732 [debug] [ThreadPool]: SQL status: SUCCESS 4 in 0.505 seconds
[0m08:48:42.779735 [debug] [ThreadPool]: SQL status: SUCCESS 5 in 0.508 seconds
[0m08:48:42.786853 [debug] [ThreadPool]: Using snowflake connection "list_FINANCE_DW_silver"
[0m08:48:42.790370 [debug] [ThreadPool]: Using snowflake connection "list_FINANCE_DW_gold"
[0m08:48:42.791996 [debug] [ThreadPool]: On list_FINANCE_DW_silver: show user functions in FINANCE_DW.silver
/* {"app": "dbt", "dbt_version": "1.12.0", "profile_name": "dbt_project", "target_name": "dev", "connection_name": "list_FINANCE_DW_silver"} */
[0m08:48:42.793299 [debug] [ThreadPool]: On list_FINANCE_DW_gold: show user functions in FINANCE_DW.gold
/* {"app": "dbt", "dbt_version": "1.12.0", "profile_name": "dbt_project", "target_name": "dev", "connection_name": "list_FINANCE_DW_gold"} */
[0m08:48:42.881916 [debug] [ThreadPool]: SQL status: SUCCESS 0 in 0.086 seconds
[0m08:48:42.885908 [debug] [ThreadPool]: SQL status: SUCCESS 0 in 0.091 seconds
[0m08:48:42.888215 [debug] [MainThread]: Sending event: {'category': 'dbt', 'action': 'runnable_timing', 'label': '30d0bbcd-62fb-4158-a890-33d85acae487', 'context': [<snowplow_tracker.self_describing_json.SelfDescribingJson object at 0x720b34f70250>]}
[0m08:48:42.892144 [debug] [Thread-2 (]: Began running node test.real_estate_pipeline.not_null_dim_accounts_account_id.cc26245841
[0m08:48:42.892515 [debug] [Thread-3 (]: Began running node test.real_estate_pipeline.not_null_dim_customers_customer_id.dd91cd1c8d
[0m08:48:42.893033 [debug] [Thread-4 (]: Began running node test.real_estate_pipeline.not_null_dim_date_date_id.3077875806
[0m08:48:42.893363 [debug] [Thread-5 (]: Began running node test.real_estate_pipeline.not_null_fct_loans_loan_id.1067693330
[0m08:48:42.894054 [info ] [Thread-2 (]: 1 of 21 START test not_null_dim_accounts_account_id ............................ [RUN]
[0m08:48:42.895126 [info ] [Thread-3 (]: 2 of 21 START test not_null_dim_customers_customer_id .......................... [RUN]
[0m08:48:42.896046 [info ] [Thread-4 (]: 3 of 21 START test not_null_dim_date_date_id ................................... [RUN]
[0m08:48:42.896685 [info ] [Thread-5 (]: 4 of 21 START test not_null_fct_loans_loan_id .................................. [RUN]
[0m08:48:42.897393 [debug] [Thread-2 (]: Re-using an available connection from the pool (formerly list_FINANCE_DW_silver, now test.real_estate_pipeline.not_null_dim_accounts_account_id.cc26245841)
[0m08:48:42.898136 [debug] [Thread-3 (]: Re-using an available connection from the pool (formerly list_FINANCE_DW_gold, now test.real_estate_pipeline.not_null_dim_customers_customer_id.dd91cd1c8d)
[0m08:48:42.898879 [debug] [Thread-4 (]: Acquiring new snowflake connection 'test.real_estate_pipeline.not_null_dim_date_date_id.3077875806'
[0m08:48:42.899601 [debug] [Thread-5 (]: Acquiring new snowflake connection 'test.real_estate_pipeline.not_null_fct_loans_loan_id.1067693330'
[0m08:48:42.900154 [debug] [Thread-2 (]: Began compiling node test.real_estate_pipeline.not_null_dim_accounts_account_id.cc26245841
[0m08:48:42.900702 [debug] [Thread-3 (]: Began compiling node test.real_estate_pipeline.not_null_dim_customers_customer_id.dd91cd1c8d
[0m08:48:42.902017 [debug] [Thread-4 (]: Began compiling node test.real_estate_pipeline.not_null_dim_date_date_id.3077875806
[0m08:48:42.902702 [debug] [Thread-5 (]: Began compiling node test.real_estate_pipeline.not_null_fct_loans_loan_id.1067693330
[0m08:48:42.915835 [debug] [Thread-2 (]: Writing injected SQL for node "test.real_estate_pipeline.not_null_dim_accounts_account_id.cc26245841"
[0m08:48:42.920330 [debug] [Thread-3 (]: Writing injected SQL for node "test.real_estate_pipeline.not_null_dim_customers_customer_id.dd91cd1c8d"
[0m08:48:42.925573 [debug] [Thread-4 (]: Writing injected SQL for node "test.real_estate_pipeline.not_null_dim_date_date_id.3077875806"
[0m08:48:42.930229 [debug] [Thread-5 (]: Writing injected SQL for node "test.real_estate_pipeline.not_null_fct_loans_loan_id.1067693330"
[0m08:48:42.952535 [debug] [Thread-5 (]: Began executing node test.real_estate_pipeline.not_null_fct_loans_loan_id.1067693330
[0m08:48:42.953014 [debug] [Thread-3 (]: Began executing node test.real_estate_pipeline.not_null_dim_customers_customer_id.dd91cd1c8d
[0m08:48:42.969901 [debug] [Thread-5 (]: Writing runtime sql for node "test.real_estate_pipeline.not_null_fct_loans_loan_id.1067693330"
[0m08:48:42.972106 [debug] [Thread-3 (]: Writing runtime sql for node "test.real_estate_pipeline.not_null_dim_customers_customer_id.dd91cd1c8d"
[0m08:48:42.972615 [debug] [Thread-2 (]: Began executing node test.real_estate_pipeline.not_null_dim_accounts_account_id.cc26245841
[0m08:48:42.973000 [debug] [Thread-4 (]: Began executing node test.real_estate_pipeline.not_null_dim_date_date_id.3077875806
[0m08:48:42.975686 [debug] [Thread-2 (]: Writing runtime sql for node "test.real_estate_pipeline.not_null_dim_accounts_account_id.cc26245841"
[0m08:48:42.977670 [debug] [Thread-4 (]: Writing runtime sql for node "test.real_estate_pipeline.not_null_dim_date_date_id.3077875806"
[0m08:48:42.994595 [debug] [Thread-3 (]: Using snowflake connection "test.real_estate_pipeline.not_null_dim_customers_customer_id.dd91cd1c8d"
[0m08:48:42.995485 [debug] [Thread-5 (]: Using snowflake connection "test.real_estate_pipeline.not_null_fct_loans_loan_id.1067693330"
[0m08:48:42.997497 [debug] [Thread-4 (]: Using snowflake connection "test.real_estate_pipeline.not_null_dim_date_date_id.3077875806"
[0m08:48:42.998866 [debug] [Thread-3 (]: On test.real_estate_pipeline.not_null_dim_customers_customer_id.dd91cd1c8d: select
      count(*) as failures,
      count(*) != 0 as should_warn,
      count(*) != 0 as should_error
    from (
      
    
  
    
    



select customer_id
from FINANCE_DW.gold.dim_customers
where customer_id is null



  
  
      
    ) dbt_internal_test
/* {"app": "dbt", "dbt_version": "1.12.0", "profile_name": "dbt_project", "target_name": "dev", "node_id": "test.real_estate_pipeline.not_null_dim_customers_customer_id.dd91cd1c8d"} */
[0m08:48:43.004745 [debug] [Thread-5 (]: On test.real_estate_pipeline.not_null_fct_loans_loan_id.1067693330: select
      count(*) as failures,
      count(*) != 0 as should_warn,
      count(*) != 0 as should_error
    from (
      
    
  
    
    



select loan_id
from FINANCE_DW.gold.fct_loans
where loan_id is null



  
  
      
    ) dbt_internal_test
/* {"app": "dbt", "dbt_version": "1.12.0", "profile_name": "dbt_project", "target_name": "dev", "node_id": "test.real_estate_pipeline.not_null_fct_loans_loan_id.1067693330"} */
[0m08:48:43.005416 [debug] [Thread-2 (]: Using snowflake connection "test.real_estate_pipeline.not_null_dim_accounts_account_id.cc26245841"
[0m08:48:43.007488 [debug] [Thread-4 (]: On test.real_estate_pipeline.not_null_dim_date_date_id.3077875806: select
      count(*) as failures,
      count(*) != 0 as should_warn,
      count(*) != 0 as should_error
    from (
      
    
  
    
    



select date_id
from FINANCE_DW.gold.dim_date
where date_id is null



  
  
      
    ) dbt_internal_test
/* {"app": "dbt", "dbt_version": "1.12.0", "profile_name": "dbt_project", "target_name": "dev", "node_id": "test.real_estate_pipeline.not_null_dim_date_date_id.3077875806"} */
[0m08:48:43.009501 [debug] [Thread-5 (]: Opening a new connection, currently in state init
[0m08:48:43.010461 [debug] [Thread-2 (]: On test.real_estate_pipeline.not_null_dim_accounts_account_id.cc26245841: select
      count(*) as failures,
      count(*) != 0 as should_warn,
      count(*) != 0 as should_error
    from (
      
    
  
    
    



select account_id
from FINANCE_DW.gold.dim_accounts
where account_id is null



  
  
      
    ) dbt_internal_test
/* {"app": "dbt", "dbt_version": "1.12.0", "profile_name": "dbt_project", "target_name": "dev", "node_id": "test.real_estate_pipeline.not_null_dim_accounts_account_id.cc26245841"} */
[0m08:48:43.011209 [debug] [Thread-4 (]: Opening a new connection, currently in state init
[0m08:48:43.224314 [debug] [Thread-3 (]: SQL status: SUCCESS 1 in 0.216 seconds
[0m08:48:43.225150 [debug] [Thread-2 (]: SQL status: SUCCESS 1 in 0.212 seconds
[0m08:48:43.232939 [info ] [Thread-3 (]: 2 of 21 PASS not_null_dim_customers_customer_id ................................ [[32mPASS[0m in 0.33s]
[0m08:48:43.234790 [info ] [Thread-2 (]: 1 of 21 PASS not_null_dim_accounts_account_id .................................. [[32mPASS[0m in 0.34s]
[0m08:48:43.235751 [debug] [Thread-3 (]: Finished running node test.real_estate_pipeline.not_null_dim_customers_customer_id.dd91cd1c8d
[0m08:48:43.236530 [debug] [Thread-2 (]: Finished running node test.real_estate_pipeline.not_null_dim_accounts_account_id.cc26245841
[0m08:48:43.237270 [debug] [Thread-3 (]: Began running node test.real_estate_pipeline.not_null_fct_transactions_transaction_id.2c6b5372aa
[0m08:48:43.238010 [debug] [Thread-2 (]: Began running node test.real_estate_pipeline.not_null_stg_accounts_account_id.182dfbc108
[0m08:48:43.238725 [info ] [Thread-3 (]: 5 of 21 START test not_null_fct_transactions_transaction_id .................... [RUN]
[0m08:48:43.239453 [info ] [Thread-2 (]: 6 of 21 START test not_null_stg_accounts_account_id ............................ [RUN]
[0m08:48:43.240300 [debug] [Thread-3 (]: Re-using an available connection from the pool (formerly test.real_estate_pipeline.not_null_dim_customers_customer_id.dd91cd1c8d, now test.real_estate_pipeline.not_null_fct_transactions_transaction_id.2c6b5372aa)
[0m08:48:43.241099 [debug] [Thread-2 (]: Re-using an available connection from the pool (formerly test.real_estate_pipeline.not_null_dim_accounts_account_id.cc26245841, now test.real_estate_pipeline.not_null_stg_accounts_account_id.182dfbc108)
[0m08:48:43.242130 [debug] [Thread-3 (]: Began compiling node test.real_estate_pipeline.not_null_fct_transactions_transaction_id.2c6b5372aa
[0m08:48:43.243264 [debug] [Thread-2 (]: Began compiling node test.real_estate_pipeline.not_null_stg_accounts_account_id.182dfbc108
[0m08:48:43.248860 [debug] [Thread-3 (]: Writing injected SQL for node "test.real_estate_pipeline.not_null_fct_transactions_transaction_id.2c6b5372aa"
[0m08:48:43.254894 [debug] [Thread-2 (]: Writing injected SQL for node "test.real_estate_pipeline.not_null_stg_accounts_account_id.182dfbc108"
[0m08:48:43.279805 [debug] [Thread-2 (]: Began executing node test.real_estate_pipeline.not_null_stg_accounts_account_id.182dfbc108
[0m08:48:43.281172 [debug] [Thread-3 (]: Began executing node test.real_estate_pipeline.not_null_fct_transactions_transaction_id.2c6b5372aa
[0m08:48:43.282916 [debug] [Thread-2 (]: Writing runtime sql for node "test.real_estate_pipeline.not_null_stg_accounts_account_id.182dfbc108"
[0m08:48:43.285791 [debug] [Thread-3 (]: Writing runtime sql for node "test.real_estate_pipeline.not_null_fct_transactions_transaction_id.2c6b5372aa"
[0m08:48:43.304063 [debug] [Thread-3 (]: Using snowflake connection "test.real_estate_pipeline.not_null_fct_transactions_transaction_id.2c6b5372aa"
[0m08:48:43.304755 [debug] [Thread-2 (]: Using snowflake connection "test.real_estate_pipeline.not_null_stg_accounts_account_id.182dfbc108"
[0m08:48:43.305584 [debug] [Thread-3 (]: On test.real_estate_pipeline.not_null_fct_transactions_transaction_id.2c6b5372aa: select
      count(*) as failures,
      count(*) != 0 as should_warn,
      count(*) != 0 as should_error
    from (
      
    
  
    
    



select transaction_id
from FINANCE_DW.gold.fct_transactions
where transaction_id is null



  
  
      
    ) dbt_internal_test
/* {"app": "dbt", "dbt_version": "1.12.0", "profile_name": "dbt_project", "target_name": "dev", "node_id": "test.real_estate_pipeline.not_null_fct_transactions_transaction_id.2c6b5372aa"} */
[0m08:48:43.308950 [debug] [Thread-2 (]: On test.real_estate_pipeline.not_null_stg_accounts_account_id.182dfbc108: select
      count(*) as failures,
      count(*) != 0 as should_warn,
      count(*) != 0 as should_error
    from (
      
    
  
    
    



select account_id
from FINANCE_DW.silver.stg_accounts
where account_id is null



  
  
      
    ) dbt_internal_test
/* {"app": "dbt", "dbt_version": "1.12.0", "profile_name": "dbt_project", "target_name": "dev", "node_id": "test.real_estate_pipeline.not_null_stg_accounts_account_id.182dfbc108"} */
[0m08:48:43.471670 [debug] [Thread-2 (]: SQL status: SUCCESS 1 in 0.159 seconds
[0m08:48:43.490193 [info ] [Thread-2 (]: 6 of 21 PASS not_null_stg_accounts_account_id .................................. [[32mPASS[0m in 0.25s]
[0m08:48:43.508283 [debug] [Thread-2 (]: Finished running node test.real_estate_pipeline.not_null_stg_accounts_account_id.182dfbc108
[0m08:48:43.513483 [debug] [Thread-2 (]: Began running node test.real_estate_pipeline.not_null_stg_accounts_customer_id.0b54f014a3
[0m08:48:43.516525 [info ] [Thread-2 (]: 7 of 21 START test not_null_stg_accounts_customer_id ........................... [RUN]
[0m08:48:43.527991 [debug] [Thread-2 (]: Re-using an available connection from the pool (formerly test.real_estate_pipeline.not_null_stg_accounts_account_id.182dfbc108, now test.real_estate_pipeline.not_null_stg_accounts_customer_id.0b54f014a3)
[0m08:48:43.535861 [debug] [Thread-2 (]: Began compiling node test.real_estate_pipeline.not_null_stg_accounts_customer_id.0b54f014a3
[0m08:48:43.548459 [debug] [Thread-2 (]: Writing injected SQL for node "test.real_estate_pipeline.not_null_stg_accounts_customer_id.0b54f014a3"
[0m08:48:43.562706 [debug] [Thread-2 (]: Began executing node test.real_estate_pipeline.not_null_stg_accounts_customer_id.0b54f014a3
[0m08:48:43.564611 [debug] [Thread-2 (]: Writing runtime sql for node "test.real_estate_pipeline.not_null_stg_accounts_customer_id.0b54f014a3"
[0m08:48:43.565841 [debug] [Thread-3 (]: SQL status: SUCCESS 1 in 0.255 seconds
[0m08:48:43.569050 [info ] [Thread-3 (]: 5 of 21 PASS not_null_fct_transactions_transaction_id .......................... [[32mPASS[0m in 0.33s]
[0m08:48:43.570514 [debug] [Thread-3 (]: Finished running node test.real_estate_pipeline.not_null_fct_transactions_transaction_id.2c6b5372aa
[0m08:48:43.572417 [debug] [Thread-3 (]: Began running node test.real_estate_pipeline.not_null_stg_customers_customer_id.e2cfb1f9aa
[0m08:48:43.573816 [info ] [Thread-3 (]: 8 of 21 START test not_null_stg_customers_customer_id .......................... [RUN]
[0m08:48:43.575210 [debug] [Thread-3 (]: Re-using an available connection from the pool (formerly test.real_estate_pipeline.not_null_fct_transactions_transaction_id.2c6b5372aa, now test.real_estate_pipeline.not_null_stg_customers_customer_id.e2cfb1f9aa)
[0m08:48:43.576474 [debug] [Thread-3 (]: Began compiling node test.real_estate_pipeline.not_null_stg_customers_customer_id.e2cfb1f9aa
[0m08:48:43.581565 [debug] [Thread-3 (]: Writing injected SQL for node "test.real_estate_pipeline.not_null_stg_customers_customer_id.e2cfb1f9aa"
[0m08:48:43.585682 [debug] [Thread-2 (]: Using snowflake connection "test.real_estate_pipeline.not_null_stg_accounts_customer_id.0b54f014a3"
[0m08:48:43.590312 [debug] [Thread-2 (]: On test.real_estate_pipeline.not_null_stg_accounts_customer_id.0b54f014a3: select
      count(*) as failures,
      count(*) != 0 as should_warn,
      count(*) != 0 as should_error
    from (
      
    
  
    
    



select customer_id
from FINANCE_DW.silver.stg_accounts
where customer_id is null



  
  
      
    ) dbt_internal_test
/* {"app": "dbt", "dbt_version": "1.12.0", "profile_name": "dbt_project", "target_name": "dev", "node_id": "test.real_estate_pipeline.not_null_stg_accounts_customer_id.0b54f014a3"} */
[0m08:48:43.605640 [debug] [Thread-3 (]: Began executing node test.real_estate_pipeline.not_null_stg_customers_customer_id.e2cfb1f9aa
[0m08:48:43.608200 [debug] [Thread-3 (]: Writing runtime sql for node "test.real_estate_pipeline.not_null_stg_customers_customer_id.e2cfb1f9aa"
[0m08:48:43.619248 [debug] [Thread-3 (]: Using snowflake connection "test.real_estate_pipeline.not_null_stg_customers_customer_id.e2cfb1f9aa"
[0m08:48:43.620072 [debug] [Thread-3 (]: On test.real_estate_pipeline.not_null_stg_customers_customer_id.e2cfb1f9aa: select
      count(*) as failures,
      count(*) != 0 as should_warn,
      count(*) != 0 as should_error
    from (
      
    
  
    
    



select customer_id
from FINANCE_DW.silver.stg_customers
where customer_id is null



  
  
      
    ) dbt_internal_test
/* {"app": "dbt", "dbt_version": "1.12.0", "profile_name": "dbt_project", "target_name": "dev", "node_id": "test.real_estate_pipeline.not_null_stg_customers_customer_id.e2cfb1f9aa"} */
[0m08:48:43.730384 [debug] [Thread-2 (]: SQL status: SUCCESS 1 in 0.138 seconds
[0m08:48:43.736540 [info ] [Thread-2 (]: 7 of 21 PASS not_null_stg_accounts_customer_id ................................. [[32mPASS[0m in 0.21s]
[0m08:48:43.738991 [debug] [Thread-2 (]: Finished running node test.real_estate_pipeline.not_null_stg_accounts_customer_id.0b54f014a3
[0m08:48:43.741053 [debug] [Thread-2 (]: Began running node test.real_estate_pipeline.not_null_stg_loans_loan_id.b77c69982c
[0m08:48:43.742505 [info ] [Thread-2 (]: 9 of 21 START test not_null_stg_loans_loan_id .................................. [RUN]
[0m08:48:43.743694 [debug] [Thread-2 (]: Re-using an available connection from the pool (formerly test.real_estate_pipeline.not_null_stg_accounts_customer_id.0b54f014a3, now test.real_estate_pipeline.not_null_stg_loans_loan_id.b77c69982c)
[0m08:48:43.744663 [debug] [Thread-2 (]: Began compiling node test.real_estate_pipeline.not_null_stg_loans_loan_id.b77c69982c
[0m08:48:43.749897 [debug] [Thread-2 (]: Writing injected SQL for node "test.real_estate_pipeline.not_null_stg_loans_loan_id.b77c69982c"
[0m08:48:43.759634 [debug] [Thread-3 (]: SQL status: SUCCESS 1 in 0.139 seconds
[0m08:48:43.762595 [info ] [Thread-3 (]: 8 of 21 PASS not_null_stg_customers_customer_id ................................ [[32mPASS[0m in 0.19s]
[0m08:48:43.764267 [debug] [Thread-3 (]: Finished running node test.real_estate_pipeline.not_null_stg_customers_customer_id.e2cfb1f9aa
[0m08:48:43.766010 [debug] [Thread-2 (]: Began executing node test.real_estate_pipeline.not_null_stg_loans_loan_id.b77c69982c
[0m08:48:43.766377 [debug] [Thread-3 (]: Began running node test.real_estate_pipeline.not_null_stg_transactions_transaction_id.1d00a8e2e4
[0m08:48:43.769523 [debug] [Thread-2 (]: Writing runtime sql for node "test.real_estate_pipeline.not_null_stg_loans_loan_id.b77c69982c"
[0m08:48:43.773402 [info ] [Thread-3 (]: 10 of 21 START test not_null_stg_transactions_transaction_id ................... [RUN]
[0m08:48:43.780511 [debug] [Thread-3 (]: Re-using an available connection from the pool (formerly test.real_estate_pipeline.not_null_stg_customers_customer_id.e2cfb1f9aa, now test.real_estate_pipeline.not_null_stg_transactions_transaction_id.1d00a8e2e4)
[0m08:48:43.782157 [debug] [Thread-3 (]: Began compiling node test.real_estate_pipeline.not_null_stg_transactions_transaction_id.1d00a8e2e4
[0m08:48:43.787497 [debug] [Thread-3 (]: Writing injected SQL for node "test.real_estate_pipeline.not_null_stg_transactions_transaction_id.1d00a8e2e4"
[0m08:48:43.812829 [debug] [Thread-2 (]: Using snowflake connection "test.real_estate_pipeline.not_null_stg_loans_loan_id.b77c69982c"
[0m08:48:43.814155 [debug] [Thread-2 (]: On test.real_estate_pipeline.not_null_stg_loans_loan_id.b77c69982c: select
      count(*) as failures,
      count(*) != 0 as should_warn,
      count(*) != 0 as should_error
    from (
      
    
  
    
    



select loan_id
from FINANCE_DW.silver.stg_loans
where loan_id is null



  
  
      
    ) dbt_internal_test
/* {"app": "dbt", "dbt_version": "1.12.0", "profile_name": "dbt_project", "target_name": "dev", "node_id": "test.real_estate_pipeline.not_null_stg_loans_loan_id.b77c69982c"} */
[0m08:48:43.814667 [debug] [Thread-3 (]: Began executing node test.real_estate_pipeline.not_null_stg_transactions_transaction_id.1d00a8e2e4
[0m08:48:43.821325 [debug] [Thread-3 (]: Writing runtime sql for node "test.real_estate_pipeline.not_null_stg_transactions_transaction_id.1d00a8e2e4"
[0m08:48:43.837336 [debug] [Thread-3 (]: Using snowflake connection "test.real_estate_pipeline.not_null_stg_transactions_transaction_id.1d00a8e2e4"
[0m08:48:43.838209 [debug] [Thread-3 (]: On test.real_estate_pipeline.not_null_stg_transactions_transaction_id.1d00a8e2e4: select
      count(*) as failures,
      count(*) != 0 as should_warn,
      count(*) != 0 as should_error
    from (
      
    
  
    
    



select transaction_id
from FINANCE_DW.silver.stg_transactions
where transaction_id is null



  
  
      
    ) dbt_internal_test
/* {"app": "dbt", "dbt_version": "1.12.0", "profile_name": "dbt_project", "target_name": "dev", "node_id": "test.real_estate_pipeline.not_null_stg_transactions_transaction_id.1d00a8e2e4"} */
[0m08:48:43.956105 [debug] [Thread-2 (]: SQL status: SUCCESS 1 in 0.138 seconds
[0m08:48:43.961930 [info ] [Thread-2 (]: 9 of 21 PASS not_null_stg_loans_loan_id ........................................ [[32mPASS[0m in 0.22s]
[0m08:48:43.963670 [debug] [Thread-2 (]: Finished running node test.real_estate_pipeline.not_null_stg_loans_loan_id.b77c69982c
[0m08:48:43.964865 [debug] [Thread-2 (]: Began running node test.real_estate_pipeline.relationships_fct_loans_customer_id__customer_id__ref_dim_customers_.7f8ad0794a
[0m08:48:43.966023 [info ] [Thread-2 (]: 11 of 21 START test relationships_fct_loans_customer_id__customer_id__ref_dim_customers_  [RUN]
[0m08:48:43.967192 [debug] [Thread-2 (]: Re-using an available connection from the pool (formerly test.real_estate_pipeline.not_null_stg_loans_loan_id.b77c69982c, now test.real_estate_pipeline.relationships_fct_loans_customer_id__customer_id__ref_dim_customers_.7f8ad0794a)
[0m08:48:43.968021 [debug] [Thread-2 (]: Began compiling node test.real_estate_pipeline.relationships_fct_loans_customer_id__customer_id__ref_dim_customers_.7f8ad0794a
[0m08:48:43.980315 [debug] [Thread-2 (]: Writing injected SQL for node "test.real_estate_pipeline.relationships_fct_loans_customer_id__customer_id__ref_dim_customers_.7f8ad0794a"
[0m08:48:43.995029 [debug] [Thread-2 (]: Began executing node test.real_estate_pipeline.relationships_fct_loans_customer_id__customer_id__ref_dim_customers_.7f8ad0794a
[0m08:48:43.997205 [debug] [Thread-2 (]: Writing runtime sql for node "test.real_estate_pipeline.relationships_fct_loans_customer_id__customer_id__ref_dim_customers_.7f8ad0794a"
[0m08:48:44.008745 [debug] [Thread-2 (]: Using snowflake connection "test.real_estate_pipeline.relationships_fct_loans_customer_id__customer_id__ref_dim_customers_.7f8ad0794a"
[0m08:48:44.010088 [debug] [Thread-2 (]: On test.real_estate_pipeline.relationships_fct_loans_customer_id__customer_id__ref_dim_customers_.7f8ad0794a: select
      count(*) as failures,
      count(*) != 0 as should_warn,
      count(*) != 0 as should_error
    from (
      
    
  
    
    

with child as (
    select customer_id as from_field
    from FINANCE_DW.gold.fct_loans
    where customer_id is not null
),

parent as (
    select customer_id as to_field
    from FINANCE_DW.gold.dim_customers
)

select
    from_field

from child
left join parent
    on child.from_field = parent.to_field

where parent.to_field is null



  
  
      
    ) dbt_internal_test
/* {"app": "dbt", "dbt_version": "1.12.0", "profile_name": "dbt_project", "target_name": "dev", "node_id": "test.real_estate_pipeline.relationships_fct_loans_customer_id__customer_id__ref_dim_customers_.7f8ad0794a"} */
[0m08:48:44.097657 [debug] [Thread-3 (]: SQL status: SUCCESS 1 in 0.258 seconds
[0m08:48:44.100292 [info ] [Thread-3 (]: 10 of 21 PASS not_null_stg_transactions_transaction_id ......................... [[32mPASS[0m in 0.32s]
[0m08:48:44.101649 [debug] [Thread-3 (]: Finished running node test.real_estate_pipeline.not_null_stg_transactions_transaction_id.1d00a8e2e4
[0m08:48:44.102567 [debug] [Thread-3 (]: Began running node test.real_estate_pipeline.relationships_fct_transactions_origin_customer_id__customer_id__ref_dim_customers_.16c642f691
[0m08:48:44.103382 [info ] [Thread-3 (]: 12 of 21 START test relationships_fct_transactions_origin_customer_id__customer_id__ref_dim_customers_  [RUN]
[0m08:48:44.104287 [debug] [Thread-3 (]: Re-using an available connection from the pool (formerly test.real_estate_pipeline.not_null_stg_transactions_transaction_id.1d00a8e2e4, now test.real_estate_pipeline.relationships_fct_transactions_origin_customer_id__customer_id__ref_dim_customers_.16c642f691)
[0m08:48:44.104928 [debug] [Thread-3 (]: Began compiling node test.real_estate_pipeline.relationships_fct_transactions_origin_customer_id__customer_id__ref_dim_customers_.16c642f691
[0m08:48:44.112497 [debug] [Thread-3 (]: Writing injected SQL for node "test.real_estate_pipeline.relationships_fct_transactions_origin_customer_id__customer_id__ref_dim_customers_.16c642f691"
[0m08:48:44.134552 [debug] [Thread-3 (]: Began executing node test.real_estate_pipeline.relationships_fct_transactions_origin_customer_id__customer_id__ref_dim_customers_.16c642f691
[0m08:48:44.139841 [debug] [Thread-3 (]: Writing runtime sql for node "test.real_estate_pipeline.relationships_fct_transactions_origin_customer_id__customer_id__ref_dim_customers_.16c642f691"
[0m08:48:44.161142 [debug] [Thread-3 (]: Using snowflake connection "test.real_estate_pipeline.relationships_fct_transactions_origin_customer_id__customer_id__ref_dim_customers_.16c642f691"
[0m08:48:44.161906 [debug] [Thread-3 (]: On test.real_estate_pipeline.relationships_fct_transactions_origin_customer_id__customer_id__ref_dim_customers_.16c642f691: select
      count(*) as failures,
      count(*) != 0 as should_warn,
      count(*) != 0 as should_error
    from (
      
    
  
    
    

with child as (
    select origin_customer_id as from_field
    from FINANCE_DW.gold.fct_transactions
    where origin_customer_id is not null
),

parent as (
    select customer_id as to_field
    from FINANCE_DW.gold.dim_customers
)

select
    from_field

from child
left join parent
    on child.from_field = parent.to_field

where parent.to_field is null



  
  
      
    ) dbt_internal_test
/* {"app": "dbt", "dbt_version": "1.12.0", "profile_name": "dbt_project", "target_name": "dev", "node_id": "test.real_estate_pipeline.relationships_fct_transactions_origin_customer_id__customer_id__ref_dim_customers_.16c642f691"} */
[0m08:48:44.276351 [debug] [Thread-5 (]: SQL status: SUCCESS 1 in 1.267 seconds
[0m08:48:44.279333 [info ] [Thread-5 (]: 4 of 21 PASS not_null_fct_loans_loan_id ........................................ [[32mPASS[0m in 1.38s]
[0m08:48:44.280782 [debug] [Thread-5 (]: Finished running node test.real_estate_pipeline.not_null_fct_loans_loan_id.1067693330
[0m08:48:44.281798 [debug] [Thread-5 (]: Began running node test.real_estate_pipeline.unique_dim_accounts_account_id.bfd6344edc
[0m08:48:44.283020 [info ] [Thread-5 (]: 13 of 21 START test unique_dim_accounts_account_id ............................. [RUN]
[0m08:48:44.284197 [debug] [Thread-5 (]: Re-using an available connection from the pool (formerly test.real_estate_pipeline.not_null_fct_loans_loan_id.1067693330, now test.real_estate_pipeline.unique_dim_accounts_account_id.bfd6344edc)
[0m08:48:44.284888 [debug] [Thread-5 (]: Began compiling node test.real_estate_pipeline.unique_dim_accounts_account_id.bfd6344edc
[0m08:48:44.291512 [debug] [Thread-5 (]: Writing injected SQL for node "test.real_estate_pipeline.unique_dim_accounts_account_id.bfd6344edc"
[0m08:48:44.314238 [debug] [Thread-5 (]: Began executing node test.real_estate_pipeline.unique_dim_accounts_account_id.bfd6344edc
[0m08:48:44.319780 [debug] [Thread-5 (]: Writing runtime sql for node "test.real_estate_pipeline.unique_dim_accounts_account_id.bfd6344edc"
[0m08:48:44.345214 [debug] [Thread-5 (]: Using snowflake connection "test.real_estate_pipeline.unique_dim_accounts_account_id.bfd6344edc"
[0m08:48:44.348927 [debug] [Thread-5 (]: On test.real_estate_pipeline.unique_dim_accounts_account_id.bfd6344edc: select
      count(*) as failures,
      count(*) != 0 as should_warn,
      count(*) != 0 as should_error
    from (
      
    
  
    
    

select
    account_id as unique_field,
    count(*) as n_records

from FINANCE_DW.gold.dim_accounts
where account_id is not null
group by account_id
having count(*) > 1



  
  
      
    ) dbt_internal_test
/* {"app": "dbt", "dbt_version": "1.12.0", "profile_name": "dbt_project", "target_name": "dev", "node_id": "test.real_estate_pipeline.unique_dim_accounts_account_id.bfd6344edc"} */
[0m08:48:44.357204 [debug] [Thread-4 (]: SQL status: SUCCESS 1 in 1.346 seconds
[0m08:48:44.359342 [info ] [Thread-4 (]: 3 of 21 PASS not_null_dim_date_date_id ......................................... [[32mPASS[0m in 1.46s]
[0m08:48:44.360297 [debug] [Thread-4 (]: Finished running node test.real_estate_pipeline.not_null_dim_date_date_id.3077875806
[0m08:48:44.361113 [debug] [Thread-4 (]: Began running node test.real_estate_pipeline.unique_dim_customers_customer_id.15c9f1e2fd
[0m08:48:44.361833 [info ] [Thread-4 (]: 14 of 21 START test unique_dim_customers_customer_id ........................... [RUN]
[0m08:48:44.362587 [debug] [Thread-4 (]: Re-using an available connection from the pool (formerly test.real_estate_pipeline.not_null_dim_date_date_id.3077875806, now test.real_estate_pipeline.unique_dim_customers_customer_id.15c9f1e2fd)
[0m08:48:44.363331 [debug] [Thread-4 (]: Began compiling node test.real_estate_pipeline.unique_dim_customers_customer_id.15c9f1e2fd
[0m08:48:44.364491 [debug] [Thread-2 (]: SQL status: SUCCESS 1 in 0.354 seconds
[0m08:48:44.369643 [debug] [Thread-4 (]: Writing injected SQL for node "test.real_estate_pipeline.unique_dim_customers_customer_id.15c9f1e2fd"
[0m08:48:44.372603 [info ] [Thread-2 (]: 11 of 21 PASS relationships_fct_loans_customer_id__customer_id__ref_dim_customers_  [[32mPASS[0m in 0.41s]
[0m08:48:44.373897 [debug] [Thread-2 (]: Finished running node test.real_estate_pipeline.relationships_fct_loans_customer_id__customer_id__ref_dim_customers_.7f8ad0794a
[0m08:48:44.374549 [debug] [Thread-2 (]: Began running node test.real_estate_pipeline.unique_dim_date_date_id.7286dcb90d
[0m08:48:44.375798 [info ] [Thread-2 (]: 15 of 21 START test unique_dim_date_date_id .................................... [RUN]
[0m08:48:44.376582 [debug] [Thread-2 (]: Re-using an available connection from the pool (formerly test.real_estate_pipeline.relationships_fct_loans_customer_id__customer_id__ref_dim_customers_.7f8ad0794a, now test.real_estate_pipeline.unique_dim_date_date_id.7286dcb90d)
[0m08:48:44.377192 [debug] [Thread-2 (]: Began compiling node test.real_estate_pipeline.unique_dim_date_date_id.7286dcb90d
[0m08:48:44.382297 [debug] [Thread-2 (]: Writing injected SQL for node "test.real_estate_pipeline.unique_dim_date_date_id.7286dcb90d"
[0m08:48:44.385576 [debug] [Thread-3 (]: SQL status: SUCCESS 1 in 0.223 seconds
[0m08:48:44.387972 [debug] [Thread-4 (]: Began executing node test.real_estate_pipeline.unique_dim_customers_customer_id.15c9f1e2fd
[0m08:48:44.387656 [info ] [Thread-3 (]: 12 of 21 PASS relationships_fct_transactions_origin_customer_id__customer_id__ref_dim_customers_  [[32mPASS[0m in 0.28s]
[0m08:48:44.391116 [debug] [Thread-4 (]: Writing runtime sql for node "test.real_estate_pipeline.unique_dim_customers_customer_id.15c9f1e2fd"
[0m08:48:44.392660 [debug] [Thread-3 (]: Finished running node test.real_estate_pipeline.relationships_fct_transactions_origin_customer_id__customer_id__ref_dim_customers_.16c642f691
[0m08:48:44.394282 [debug] [Thread-2 (]: Began executing node test.real_estate_pipeline.unique_dim_date_date_id.7286dcb90d
[0m08:48:44.395262 [debug] [Thread-3 (]: Began running node test.real_estate_pipeline.unique_fct_loans_loan_id.b0f955a329
[0m08:48:44.397999 [debug] [Thread-2 (]: Writing runtime sql for node "test.real_estate_pipeline.unique_dim_date_date_id.7286dcb90d"
[0m08:48:44.400185 [info ] [Thread-3 (]: 16 of 21 START test unique_fct_loans_loan_id ................................... [RUN]
[0m08:48:44.404731 [debug] [Thread-3 (]: Re-using an available connection from the pool (formerly test.real_estate_pipeline.relationships_fct_transactions_origin_customer_id__customer_id__ref_dim_customers_.16c642f691, now test.real_estate_pipeline.unique_fct_loans_loan_id.b0f955a329)
[0m08:48:44.409070 [debug] [Thread-3 (]: Began compiling node test.real_estate_pipeline.unique_fct_loans_loan_id.b0f955a329
[0m08:48:44.414739 [debug] [Thread-3 (]: Writing injected SQL for node "test.real_estate_pipeline.unique_fct_loans_loan_id.b0f955a329"
[0m08:48:44.419983 [debug] [Thread-4 (]: Using snowflake connection "test.real_estate_pipeline.unique_dim_customers_customer_id.15c9f1e2fd"
[0m08:48:44.423943 [debug] [Thread-4 (]: On test.real_estate_pipeline.unique_dim_customers_customer_id.15c9f1e2fd: select
      count(*) as failures,
      count(*) != 0 as should_warn,
      count(*) != 0 as should_error
    from (
      
    
  
    
    

select
    customer_id as unique_field,
    count(*) as n_records

from FINANCE_DW.gold.dim_customers
where customer_id is not null
group by customer_id
having count(*) > 1



  
  
      
    ) dbt_internal_test
/* {"app": "dbt", "dbt_version": "1.12.0", "profile_name": "dbt_project", "target_name": "dev", "node_id": "test.real_estate_pipeline.unique_dim_customers_customer_id.15c9f1e2fd"} */
[0m08:48:44.434786 [debug] [Thread-2 (]: Using snowflake connection "test.real_estate_pipeline.unique_dim_date_date_id.7286dcb90d"
[0m08:48:44.436281 [debug] [Thread-2 (]: On test.real_estate_pipeline.unique_dim_date_date_id.7286dcb90d: select
      count(*) as failures,
      count(*) != 0 as should_warn,
      count(*) != 0 as should_error
    from (
      
    
  
    
    

select
    date_id as unique_field,
    count(*) as n_records

from FINANCE_DW.gold.dim_date
where date_id is not null
group by date_id
having count(*) > 1



  
  
      
    ) dbt_internal_test
/* {"app": "dbt", "dbt_version": "1.12.0", "profile_name": "dbt_project", "target_name": "dev", "node_id": "test.real_estate_pipeline.unique_dim_date_date_id.7286dcb90d"} */
[0m08:48:44.440564 [debug] [Thread-3 (]: Began executing node test.real_estate_pipeline.unique_fct_loans_loan_id.b0f955a329
[0m08:48:44.443862 [debug] [Thread-3 (]: Writing runtime sql for node "test.real_estate_pipeline.unique_fct_loans_loan_id.b0f955a329"
[0m08:48:44.459133 [debug] [Thread-3 (]: Using snowflake connection "test.real_estate_pipeline.unique_fct_loans_loan_id.b0f955a329"
[0m08:48:44.460000 [debug] [Thread-3 (]: On test.real_estate_pipeline.unique_fct_loans_loan_id.b0f955a329: select
      count(*) as failures,
      count(*) != 0 as should_warn,
      count(*) != 0 as should_error
    from (
      
    
  
    
    

select
    loan_id as unique_field,
    count(*) as n_records

from FINANCE_DW.gold.fct_loans
where loan_id is not null
group by loan_id
having count(*) > 1



  
  
      
    ) dbt_internal_test
/* {"app": "dbt", "dbt_version": "1.12.0", "profile_name": "dbt_project", "target_name": "dev", "node_id": "test.real_estate_pipeline.unique_fct_loans_loan_id.b0f955a329"} */
[0m08:48:44.548983 [debug] [Thread-4 (]: SQL status: SUCCESS 1 in 0.119 seconds
[0m08:48:44.552296 [info ] [Thread-4 (]: 14 of 21 PASS unique_dim_customers_customer_id ................................. [[32mPASS[0m in 0.19s]
[0m08:48:44.553709 [debug] [Thread-4 (]: Finished running node test.real_estate_pipeline.unique_dim_customers_customer_id.15c9f1e2fd
[0m08:48:44.554744 [debug] [Thread-4 (]: Began running node test.real_estate_pipeline.unique_fct_transactions_transaction_id.c963611c53
[0m08:48:44.555758 [info ] [Thread-4 (]: 17 of 21 START test unique_fct_transactions_transaction_id ..................... [RUN]
[0m08:48:44.556753 [debug] [Thread-4 (]: Re-using an available connection from the pool (formerly test.real_estate_pipeline.unique_dim_customers_customer_id.15c9f1e2fd, now test.real_estate_pipeline.unique_fct_transactions_transaction_id.c963611c53)
[0m08:48:44.557405 [debug] [Thread-4 (]: Began compiling node test.real_estate_pipeline.unique_fct_transactions_transaction_id.c963611c53
[0m08:48:44.562678 [debug] [Thread-4 (]: Writing injected SQL for node "test.real_estate_pipeline.unique_fct_transactions_transaction_id.c963611c53"
[0m08:48:44.563782 [debug] [Thread-5 (]: SQL status: SUCCESS 1 in 0.212 seconds
[0m08:48:44.565856 [info ] [Thread-5 (]: 13 of 21 PASS unique_dim_accounts_account_id ................................... [[32mPASS[0m in 0.28s]
[0m08:48:44.567299 [debug] [Thread-5 (]: Finished running node test.real_estate_pipeline.unique_dim_accounts_account_id.bfd6344edc
[0m08:48:44.568041 [debug] [Thread-5 (]: Began running node test.real_estate_pipeline.unique_stg_accounts_account_id.cdf6252c79
[0m08:48:44.569122 [info ] [Thread-5 (]: 18 of 21 START test unique_stg_accounts_account_id ............................. [RUN]
[0m08:48:44.570340 [debug] [Thread-5 (]: Re-using an available connection from the pool (formerly test.real_estate_pipeline.unique_dim_accounts_account_id.bfd6344edc, now test.real_estate_pipeline.unique_stg_accounts_account_id.cdf6252c79)
[0m08:48:44.571897 [debug] [Thread-5 (]: Began compiling node test.real_estate_pipeline.unique_stg_accounts_account_id.cdf6252c79
[0m08:48:44.578070 [debug] [Thread-5 (]: Writing injected SQL for node "test.real_estate_pipeline.unique_stg_accounts_account_id.cdf6252c79"
[0m08:48:44.582607 [debug] [Thread-3 (]: SQL status: SUCCESS 1 in 0.122 seconds
[0m08:48:44.585478 [debug] [Thread-4 (]: Began executing node test.real_estate_pipeline.unique_fct_transactions_transaction_id.c963611c53
[0m08:48:44.585166 [info ] [Thread-3 (]: 16 of 21 PASS unique_fct_loans_loan_id ......................................... [[32mPASS[0m in 0.18s]
[0m08:48:44.588681 [debug] [Thread-4 (]: Writing runtime sql for node "test.real_estate_pipeline.unique_fct_transactions_transaction_id.c963611c53"
[0m08:48:44.590602 [debug] [Thread-3 (]: Finished running node test.real_estate_pipeline.unique_fct_loans_loan_id.b0f955a329
[0m08:48:44.594199 [debug] [Thread-3 (]: Began running node test.real_estate_pipeline.unique_stg_customers_customer_id.c7614daada
[0m08:48:44.595584 [info ] [Thread-3 (]: 19 of 21 START test unique_stg_customers_customer_id ........................... [RUN]
[0m08:48:44.596951 [debug] [Thread-3 (]: Re-using an available connection from the pool (formerly test.real_estate_pipeline.unique_fct_loans_loan_id.b0f955a329, now test.real_estate_pipeline.unique_stg_customers_customer_id.c7614daada)
[0m08:48:44.597350 [debug] [Thread-5 (]: Began executing node test.real_estate_pipeline.unique_stg_accounts_account_id.cdf6252c79
[0m08:48:44.597973 [debug] [Thread-3 (]: Began compiling node test.real_estate_pipeline.unique_stg_customers_customer_id.c7614daada
[0m08:48:44.600015 [debug] [Thread-5 (]: Writing runtime sql for node "test.real_estate_pipeline.unique_stg_accounts_account_id.cdf6252c79"
[0m08:48:44.606065 [debug] [Thread-3 (]: Writing injected SQL for node "test.real_estate_pipeline.unique_stg_customers_customer_id.c7614daada"
[0m08:48:44.614004 [debug] [Thread-4 (]: Using snowflake connection "test.real_estate_pipeline.unique_fct_transactions_transaction_id.c963611c53"
[0m08:48:44.615011 [debug] [Thread-4 (]: On test.real_estate_pipeline.unique_fct_transactions_transaction_id.c963611c53: select
      count(*) as failures,
      count(*) != 0 as should_warn,
      count(*) != 0 as should_error
    from (
      
    
  
    
    

select
    transaction_id as unique_field,
    count(*) as n_records

from FINANCE_DW.gold.fct_transactions
where transaction_id is not null
group by transaction_id
having count(*) > 1



  
  
      
    ) dbt_internal_test
/* {"app": "dbt", "dbt_version": "1.12.0", "profile_name": "dbt_project", "target_name": "dev", "node_id": "test.real_estate_pipeline.unique_fct_transactions_transaction_id.c963611c53"} */
[0m08:48:44.627478 [debug] [Thread-5 (]: Using snowflake connection "test.real_estate_pipeline.unique_stg_accounts_account_id.cdf6252c79"
[0m08:48:44.627951 [debug] [Thread-3 (]: Began executing node test.real_estate_pipeline.unique_stg_customers_customer_id.c7614daada
[0m08:48:44.628700 [debug] [Thread-5 (]: On test.real_estate_pipeline.unique_stg_accounts_account_id.cdf6252c79: select
      count(*) as failures,
      count(*) != 0 as should_warn,
      count(*) != 0 as should_error
    from (
      
    
  
    
    

select
    account_id as unique_field,
    count(*) as n_records

from FINANCE_DW.silver.stg_accounts
where account_id is not null
group by account_id
having count(*) > 1



  
  
      
    ) dbt_internal_test
/* {"app": "dbt", "dbt_version": "1.12.0", "profile_name": "dbt_project", "target_name": "dev", "node_id": "test.real_estate_pipeline.unique_stg_accounts_account_id.cdf6252c79"} */
[0m08:48:44.630822 [debug] [Thread-3 (]: Writing runtime sql for node "test.real_estate_pipeline.unique_stg_customers_customer_id.c7614daada"
[0m08:48:44.644335 [debug] [Thread-3 (]: Using snowflake connection "test.real_estate_pipeline.unique_stg_customers_customer_id.c7614daada"
[0m08:48:44.645188 [debug] [Thread-3 (]: On test.real_estate_pipeline.unique_stg_customers_customer_id.c7614daada: select
      count(*) as failures,
      count(*) != 0 as should_warn,
      count(*) != 0 as should_error
    from (
      
    
  
    
    

select
    customer_id as unique_field,
    count(*) as n_records

from FINANCE_DW.silver.stg_customers
where customer_id is not null
group by customer_id
having count(*) > 1



  
  
      
    ) dbt_internal_test
/* {"app": "dbt", "dbt_version": "1.12.0", "profile_name": "dbt_project", "target_name": "dev", "node_id": "test.real_estate_pipeline.unique_stg_customers_customer_id.c7614daada"} */
[0m08:48:44.652653 [debug] [Thread-2 (]: SQL status: SUCCESS 1 in 0.215 seconds
[0m08:48:44.654883 [info ] [Thread-2 (]: 15 of 21 PASS unique_dim_date_date_id .......................................... [[32mPASS[0m in 0.28s]
[0m08:48:44.656156 [debug] [Thread-2 (]: Finished running node test.real_estate_pipeline.unique_dim_date_date_id.7286dcb90d
[0m08:48:44.656823 [debug] [Thread-2 (]: Began running node test.real_estate_pipeline.unique_stg_loans_loan_id.be67636b63
[0m08:48:44.657486 [info ] [Thread-2 (]: 20 of 21 START test unique_stg_loans_loan_id ................................... [RUN]
[0m08:48:44.658305 [debug] [Thread-2 (]: Re-using an available connection from the pool (formerly test.real_estate_pipeline.unique_dim_date_date_id.7286dcb90d, now test.real_estate_pipeline.unique_stg_loans_loan_id.be67636b63)
[0m08:48:44.658991 [debug] [Thread-2 (]: Began compiling node test.real_estate_pipeline.unique_stg_loans_loan_id.be67636b63
[0m08:48:44.664176 [debug] [Thread-2 (]: Writing injected SQL for node "test.real_estate_pipeline.unique_stg_loans_loan_id.be67636b63"
[0m08:48:44.677751 [debug] [Thread-2 (]: Began executing node test.real_estate_pipeline.unique_stg_loans_loan_id.be67636b63
[0m08:48:44.679746 [debug] [Thread-2 (]: Writing runtime sql for node "test.real_estate_pipeline.unique_stg_loans_loan_id.be67636b63"
[0m08:48:44.693299 [debug] [Thread-2 (]: Using snowflake connection "test.real_estate_pipeline.unique_stg_loans_loan_id.be67636b63"
[0m08:48:44.694194 [debug] [Thread-2 (]: On test.real_estate_pipeline.unique_stg_loans_loan_id.be67636b63: select
      count(*) as failures,
      count(*) != 0 as should_warn,
      count(*) != 0 as should_error
    from (
      
    
  
    
    

select
    loan_id as unique_field,
    count(*) as n_records

from FINANCE_DW.silver.stg_loans
where loan_id is not null
group by loan_id
having count(*) > 1



  
  
      
    ) dbt_internal_test
/* {"app": "dbt", "dbt_version": "1.12.0", "profile_name": "dbt_project", "target_name": "dev", "node_id": "test.real_estate_pipeline.unique_stg_loans_loan_id.be67636b63"} */
[0m08:48:44.753732 [debug] [Thread-4 (]: SQL status: SUCCESS 1 in 0.138 seconds
[0m08:48:44.756171 [info ] [Thread-4 (]: 17 of 21 PASS unique_fct_transactions_transaction_id ........................... [[32mPASS[0m in 0.20s]
[0m08:48:44.757238 [debug] [Thread-4 (]: Finished running node test.real_estate_pipeline.unique_fct_transactions_transaction_id.c963611c53
[0m08:48:44.759019 [debug] [Thread-4 (]: Began running node test.real_estate_pipeline.unique_stg_transactions_transaction_id.ee9a78a396
[0m08:48:44.760246 [info ] [Thread-4 (]: 21 of 21 START test unique_stg_transactions_transaction_id ..................... [RUN]
[0m08:48:44.761835 [debug] [Thread-4 (]: Re-using an available connection from the pool (formerly test.real_estate_pipeline.unique_fct_transactions_transaction_id.c963611c53, now test.real_estate_pipeline.unique_stg_transactions_transaction_id.ee9a78a396)
[0m08:48:44.762671 [debug] [Thread-4 (]: Began compiling node test.real_estate_pipeline.unique_stg_transactions_transaction_id.ee9a78a396
[0m08:48:44.767777 [debug] [Thread-4 (]: Writing injected SQL for node "test.real_estate_pipeline.unique_stg_transactions_transaction_id.ee9a78a396"
[0m08:48:44.778956 [debug] [Thread-4 (]: Began executing node test.real_estate_pipeline.unique_stg_transactions_transaction_id.ee9a78a396
[0m08:48:44.780916 [debug] [Thread-4 (]: Writing runtime sql for node "test.real_estate_pipeline.unique_stg_transactions_transaction_id.ee9a78a396"
[0m08:48:44.791770 [debug] [Thread-5 (]: SQL status: SUCCESS 1 in 0.160 seconds
[0m08:48:44.793805 [info ] [Thread-5 (]: 18 of 21 PASS unique_stg_accounts_account_id ................................... [[32mPASS[0m in 0.22s]
[0m08:48:44.794821 [debug] [Thread-5 (]: Finished running node test.real_estate_pipeline.unique_stg_accounts_account_id.cdf6252c79
[0m08:48:44.803428 [debug] [Thread-4 (]: Using snowflake connection "test.real_estate_pipeline.unique_stg_transactions_transaction_id.ee9a78a396"
[0m08:48:44.804272 [debug] [Thread-4 (]: On test.real_estate_pipeline.unique_stg_transactions_transaction_id.ee9a78a396: select
      count(*) as failures,
      count(*) != 0 as should_warn,
      count(*) != 0 as should_error
    from (
      
    
  
    
    

select
    transaction_id as unique_field,
    count(*) as n_records

from FINANCE_DW.silver.stg_transactions
where transaction_id is not null
group by transaction_id
having count(*) > 1



  
  
      
    ) dbt_internal_test
/* {"app": "dbt", "dbt_version": "1.12.0", "profile_name": "dbt_project", "target_name": "dev", "node_id": "test.real_estate_pipeline.unique_stg_transactions_transaction_id.ee9a78a396"} */
[0m08:48:44.838348 [debug] [Thread-2 (]: SQL status: SUCCESS 1 in 0.143 seconds
[0m08:48:44.842541 [info ] [Thread-2 (]: 20 of 21 PASS unique_stg_loans_loan_id ......................................... [[32mPASS[0m in 0.18s]
[0m08:48:44.843774 [debug] [Thread-2 (]: Finished running node test.real_estate_pipeline.unique_stg_loans_loan_id.be67636b63
[0m08:48:44.929830 [debug] [Thread-3 (]: SQL status: SUCCESS 1 in 0.284 seconds
[0m08:48:44.932777 [info ] [Thread-3 (]: 19 of 21 PASS unique_stg_customers_customer_id ................................. [[32mPASS[0m in 0.34s]
[0m08:48:44.933832 [debug] [Thread-3 (]: Finished running node test.real_estate_pipeline.unique_stg_customers_customer_id.c7614daada
[0m08:48:45.043317 [debug] [Thread-4 (]: SQL status: SUCCESS 1 in 0.238 seconds
[0m08:48:45.047929 [info ] [Thread-4 (]: 21 of 21 PASS unique_stg_transactions_transaction_id ........................... [[32mPASS[0m in 0.29s]
[0m08:48:45.050031 [debug] [Thread-4 (]: Finished running node test.real_estate_pipeline.unique_stg_transactions_transaction_id.ee9a78a396
[0m08:48:45.053142 [debug] [MainThread]: Connection 'master' was properly closed.
[0m08:48:45.057147 [debug] [MainThread]: Connection 'test.real_estate_pipeline.unique_stg_customers_customer_id.c7614daada' was left open.
[0m08:48:45.058074 [debug] [MainThread]: On test.real_estate_pipeline.unique_stg_customers_customer_id.c7614daada: Close
[0m08:48:45.186549 [debug] [MainThread]: Connection 'test.real_estate_pipeline.unique_stg_loans_loan_id.be67636b63' was left open.
[0m08:48:45.187862 [debug] [MainThread]: On test.real_estate_pipeline.unique_stg_loans_loan_id.be67636b63: Close
[0m08:48:45.328801 [debug] [MainThread]: Connection 'test.real_estate_pipeline.unique_stg_transactions_transaction_id.ee9a78a396' was left open.
[0m08:48:45.331524 [debug] [MainThread]: On test.real_estate_pipeline.unique_stg_transactions_transaction_id.ee9a78a396: Close
[0m08:48:45.464192 [debug] [MainThread]: Connection 'test.real_estate_pipeline.unique_stg_accounts_account_id.cdf6252c79' was left open.
[0m08:48:45.465419 [debug] [MainThread]: On test.real_estate_pipeline.unique_stg_accounts_account_id.cdf6252c79: Close
[0m08:48:45.597013 [info ] [MainThread]: 
[0m08:48:45.599749 [info ] [MainThread]: Finished running 21 data tests in 0 hours 0 minutes and 3.35 seconds (3.35s).
[0m08:48:45.604657 [debug] [MainThread]: Command end result
[0m08:48:45.652437 [debug] [MainThread]: Wrote artifact WritableManifest to /opt/airflow/dbt_project/target/manifest.json
[0m08:48:45.658562 [debug] [MainThread]: Wrote artifact SemanticManifest to /opt/airflow/dbt_project/target/semantic_manifest.json
[0m08:48:45.671931 [debug] [MainThread]: Wrote artifact OsiDocument to /opt/airflow/dbt_project/target/osi_document.json
[0m08:48:45.682684 [debug] [MainThread]: Wrote artifact RunExecutionResult to /opt/airflow/dbt_project/target/run_results.json
[0m08:48:45.683364 [info ] [MainThread]: 
[0m08:48:45.684167 [info ] [MainThread]: [32mCompleted successfully[0m
[0m08:48:45.684912 [info ] [MainThread]: 
[0m08:48:45.685572 [info ] [MainThread]: Done. PASS=21 WARN=0 ERROR=0 SKIP=0 NO-OP=0 REUSED=0 TOTAL=21
[0m08:48:45.686732 [debug] [MainThread]: Resource report: {"command_name": "test", "command_success": true, "command_wall_clock_time": 4.842281, "process_in_blocks": "624", "process_kernel_time": 1.305768, "process_mem_max_rss": "228616", "process_out_blocks": "16", "process_user_time": 3.175119}
[0m08:48:45.687467 [debug] [MainThread]: Command `dbt test` succeeded at 08:48:45.687338 after 4.84 seconds
[0m08:48:45.688158 [debug] [MainThread]: Sending event: {'category': 'dbt', 'action': 'invocation', 'label': 'end', 'context': [<snowplow_tracker.self_describing_json.SelfDescribingJson object at 0x720b3661dfc0>, <snowplow_tracker.self_describing_json.SelfDescribingJson object at 0x720b34ce2650>, <snowplow_tracker.self_describing_json.SelfDescribingJson object at 0x720afeec29b0>]}
[0m08:48:45.688914 [debug] [MainThread]: Flushing usage events
[0m08:48:46.223742 [debug] [MainThread]: An error was encountered while trying to flush usage events
[0m08:48:58.112876 [debug] [MainThread]: Sending event: {'category': 'dbt', 'action': 'invocation', 'label': 'start', 'context': [<snowplow_tracker.self_describing_json.SelfDescribingJson object at 0x7aa8893f5fc0>, <snowplow_tracker.self_describing_json.SelfDescribingJson object at 0x7aa887cb6590>, <snowplow_tracker.self_describing_json.SelfDescribingJson object at 0x7aa887cb6530>]}


============================== 08:48:58.118700 | 219cf14b-6be2-4ad7-86e2-e5121c8dba57 ==============================
[0m08:48:58.118700 [info ] [MainThread]: Running with dbt=1.12.0
[0m08:48:58.121099 [debug] [MainThread]: running dbt with arguments {'quiet': 'False', 'fail_fast': 'False', 'empty': 'False', 'indirect_selection': 'eager', 'cache_selected_only': 'False', 'hints_enabled': 'True', 'use_colors': 'True', 'printer_width': '80', 'version_check': 'True', 'static_parser': 'True', 'maximum_seed_size_mib': '1', 'partial_parse': 'True', 'warn_error_options': 'WarnErrorOptionsV2(error=[], warn=[], silence=[])', 'write_json': 'True', 'debug': 'False', 'target_path': 'None', 'invocation_command': 'dbt run', 'log_cache_events': 'False', 'send_anonymous_usage_stats': 'True', 'introspect': 'True', 'profiles_dir': '/opt/airflow/dbt_project', 'log_path': '/opt/airflow/dbt_project/logs', 'use_experimental_parser': 'False', 'warn_error': 'None', 'no_print': 'None', 'log_format': 'default'}
[0m08:48:58.650590 [debug] [MainThread]: Snowflake adapter: Setting snowflake.connector to ERROR (file logging only)
[0m08:48:58.652074 [debug] [MainThread]: Snowflake adapter: Setting botocore to ERROR (file logging only)
[0m08:48:58.652895 [debug] [MainThread]: Snowflake adapter: Setting boto3 to ERROR (file logging only)
[0m08:48:58.812190 [debug] [MainThread]: Sending event: {'category': 'dbt', 'action': 'project_id', 'label': '219cf14b-6be2-4ad7-86e2-e5121c8dba57', 'context': [<snowplow_tracker.self_describing_json.SelfDescribingJson object at 0x7aa887cd62f0>]}
[0m08:48:58.860826 [debug] [MainThread]: Sending event: {'category': 'dbt', 'action': 'adapter_info', 'label': '219cf14b-6be2-4ad7-86e2-e5121c8dba57', 'context': [<snowplow_tracker.self_describing_json.SelfDescribingJson object at 0x7aa888737340>]}
[0m08:48:58.862915 [info ] [MainThread]: Registered adapter: snowflake=1.12.0
[0m08:48:58.948480 [debug] [MainThread]: checksum: 17b8c0eed372bdc76158915a5b86153b95ebcdfebef695d6713d3c569800f71e, vars: {}, profile: dbt_project, target: dev, version: 1.12.0
[0m08:48:59.198209 [debug] [MainThread]: Partial parsing enabled: 0 files deleted, 0 files added, 0 files changed.
[0m08:48:59.199011 [debug] [MainThread]: Nothing changed, skipping partial parsing.
[0m08:48:59.199712 [debug] [MainThread]: Partial parsing enabled, no changes found, skipping parsing
[0m08:48:59.207487 [debug] [MainThread]: Sending event: {'category': 'dbt', 'action': 'load_project', 'label': '219cf14b-6be2-4ad7-86e2-e5121c8dba57', 'context': [<snowplow_tracker.self_describing_json.SelfDescribingJson object at 0x7aa851f95f30>]}
[0m08:48:59.345213 [debug] [MainThread]: Wrote artifact WritableManifest to /opt/airflow/dbt_project/target/manifest.json
[0m08:48:59.367395 [debug] [MainThread]: Wrote artifact SemanticManifest to /opt/airflow/dbt_project/target/semantic_manifest.json
[0m08:48:59.382757 [debug] [MainThread]: Wrote artifact OsiDocument to /opt/airflow/dbt_project/target/osi_document.json
[0m08:48:59.400235 [debug] [MainThread]: Sending event: {'category': 'dbt', 'action': 'resource_counts', 'label': '219cf14b-6be2-4ad7-86e2-e5121c8dba57', 'context': [<snowplow_tracker.self_describing_json.SelfDescribingJson object at 0x7aa851c2c910>]}
[0m08:48:59.401142 [info ] [MainThread]: Found 9 models, 21 data tests, 4 sources, 546 macros
[0m08:48:59.401929 [debug] [MainThread]: Sending event: {'category': 'dbt', 'action': 'runnable_timing', 'label': '219cf14b-6be2-4ad7-86e2-e5121c8dba57', 'context': [<snowplow_tracker.self_describing_json.SelfDescribingJson object at 0x7aa851c2d210>]}
[0m08:48:59.404032 [info ] [MainThread]: 
[0m08:48:59.404960 [info ] [MainThread]: Concurrency: 4 threads (target='dev')
[0m08:48:59.406132 [info ] [MainThread]: 
[0m08:48:59.407125 [debug] [MainThread]: Acquiring new snowflake connection 'master'
[0m08:48:59.411701 [debug] [ThreadPool]: Acquiring new snowflake connection 'list_FINANCE_DW'
[0m08:48:59.412368 [debug] [ThreadPool]: Acquiring new snowflake connection 'list_FINANCE_DW'
[0m08:48:59.424065 [debug] [ThreadPool]: Using snowflake connection "list_FINANCE_DW"
[0m08:48:59.425667 [debug] [ThreadPool]: Using snowflake connection "list_FINANCE_DW"
[0m08:48:59.426623 [debug] [ThreadPool]: On list_FINANCE_DW: show terse schemas in database FINANCE_DW
    limit 10000
/* {"app": "dbt", "dbt_version": "1.12.0", "profile_name": "dbt_project", "target_name": "dev", "connection_name": "list_FINANCE_DW"} */
[0m08:48:59.427348 [debug] [ThreadPool]: On list_FINANCE_DW: show terse schemas in database FINANCE_DW
    limit 10000
/* {"app": "dbt", "dbt_version": "1.12.0", "profile_name": "dbt_project", "target_name": "dev", "connection_name": "list_FINANCE_DW"} */
[0m08:48:59.427966 [debug] [ThreadPool]: Opening a new connection, currently in state init
[0m08:48:59.428488 [debug] [ThreadPool]: Opening a new connection, currently in state init
[0m08:49:00.782673 [debug] [ThreadPool]: SQL status: SUCCESS 5 in 1.354 seconds
[0m08:49:00.785773 [debug] [ThreadPool]: SQL status: SUCCESS 5 in 1.358 seconds
[0m08:49:00.789183 [debug] [ThreadPool]: Re-using an available connection from the pool (formerly list_FINANCE_DW, now list_FINANCE_DW_gold)
[0m08:49:00.789770 [debug] [ThreadPool]: Re-using an available connection from the pool (formerly list_FINANCE_DW, now list_FINANCE_DW_silver)
[0m08:49:00.799079 [debug] [ThreadPool]: Using snowflake connection "list_FINANCE_DW_gold"
[0m08:49:00.801262 [debug] [ThreadPool]: Using snowflake connection "list_FINANCE_DW_silver"
[0m08:49:00.802680 [debug] [ThreadPool]: On list_FINANCE_DW_gold: show objects in FINANCE_DW.gold
    limit 10000
    

/* {"app": "dbt", "dbt_version": "1.12.0", "profile_name": "dbt_project", "target_name": "dev", "connection_name": "list_FINANCE_DW_gold"} */;
[0m08:49:00.807229 [debug] [ThreadPool]: On list_FINANCE_DW_silver: show objects in FINANCE_DW.silver
    limit 10000
    

/* {"app": "dbt", "dbt_version": "1.12.0", "profile_name": "dbt_project", "target_name": "dev", "connection_name": "list_FINANCE_DW_silver"} */;
[0m08:49:00.950614 [debug] [ThreadPool]: SQL status: SUCCESS 4 in 0.139 seconds
[0m08:49:00.952646 [debug] [ThreadPool]: SQL status: SUCCESS 5 in 0.144 seconds
[0m08:49:00.960020 [debug] [ThreadPool]: Using snowflake connection "list_FINANCE_DW_silver"
[0m08:49:00.962130 [debug] [ThreadPool]: Using snowflake connection "list_FINANCE_DW_gold"
[0m08:49:00.962818 [debug] [ThreadPool]: On list_FINANCE_DW_silver: show user functions in FINANCE_DW.silver
/* {"app": "dbt", "dbt_version": "1.12.0", "profile_name": "dbt_project", "target_name": "dev", "connection_name": "list_FINANCE_DW_silver"} */
[0m08:49:00.963428 [debug] [ThreadPool]: On list_FINANCE_DW_gold: show user functions in FINANCE_DW.gold
/* {"app": "dbt", "dbt_version": "1.12.0", "profile_name": "dbt_project", "target_name": "dev", "connection_name": "list_FINANCE_DW_gold"} */
[0m08:49:01.079659 [debug] [ThreadPool]: SQL status: SUCCESS 0 in 0.116 seconds
[0m08:49:01.085965 [debug] [ThreadPool]: SQL status: SUCCESS 0 in 0.121 seconds
[0m08:49:01.091166 [debug] [MainThread]: Sending event: {'category': 'dbt', 'action': 'runnable_timing', 'label': '219cf14b-6be2-4ad7-86e2-e5121c8dba57', 'context': [<snowplow_tracker.self_describing_json.SelfDescribingJson object at 0x7aa852907a00>]}
[0m08:49:01.097534 [debug] [Thread-2 (]: Began running node model.real_estate_pipeline.stg_accounts
[0m08:49:01.098199 [debug] [Thread-3 (]: Began running node model.real_estate_pipeline.stg_customers
[0m08:49:01.098852 [debug] [Thread-4 (]: Began running node model.real_estate_pipeline.stg_loans
[0m08:49:01.099238 [debug] [Thread-5 (]: Began running node model.real_estate_pipeline.stg_transactions
[0m08:49:01.100234 [info ] [Thread-2 (]: 1 of 9 START sql view model silver.stg_accounts ................................ [RUN]
[0m08:49:01.101183 [info ] [Thread-3 (]: 2 of 9 START sql view model silver.stg_customers ............................... [RUN]
[0m08:49:01.102645 [info ] [Thread-4 (]: 3 of 9 START sql view model silver.stg_loans ................................... [RUN]
[0m08:49:01.103527 [info ] [Thread-5 (]: 4 of 9 START sql view model silver.stg_transactions ............................ [RUN]
[0m08:49:01.104604 [debug] [Thread-2 (]: Re-using an available connection from the pool (formerly list_FINANCE_DW_gold, now model.real_estate_pipeline.stg_accounts)
[0m08:49:01.106188 [debug] [Thread-3 (]: Re-using an available connection from the pool (formerly list_FINANCE_DW_silver, now model.real_estate_pipeline.stg_customers)
[0m08:49:01.107748 [debug] [Thread-4 (]: Acquiring new snowflake connection 'model.real_estate_pipeline.stg_loans'
[0m08:49:01.108693 [debug] [Thread-5 (]: Acquiring new snowflake connection 'model.real_estate_pipeline.stg_transactions'
[0m08:49:01.109823 [debug] [Thread-2 (]: Began compiling node model.real_estate_pipeline.stg_accounts
[0m08:49:01.111158 [debug] [Thread-3 (]: Began compiling node model.real_estate_pipeline.stg_customers
[0m08:49:01.111996 [debug] [Thread-4 (]: Began compiling node model.real_estate_pipeline.stg_loans
[0m08:49:01.112712 [debug] [Thread-5 (]: Began compiling node model.real_estate_pipeline.stg_transactions
[0m08:49:01.118388 [debug] [Thread-2 (]: Writing injected SQL for node "model.real_estate_pipeline.stg_accounts"
[0m08:49:01.120741 [debug] [Thread-3 (]: Writing injected SQL for node "model.real_estate_pipeline.stg_customers"
[0m08:49:01.122760 [debug] [Thread-4 (]: Writing injected SQL for node "model.real_estate_pipeline.stg_loans"
[0m08:49:01.124698 [debug] [Thread-5 (]: Writing injected SQL for node "model.real_estate_pipeline.stg_transactions"
[0m08:49:01.131473 [debug] [Thread-3 (]: Began executing node model.real_estate_pipeline.stg_customers
[0m08:49:01.132076 [debug] [Thread-2 (]: Began executing node model.real_estate_pipeline.stg_accounts
[0m08:49:01.138307 [debug] [Thread-4 (]: Began executing node model.real_estate_pipeline.stg_loans
[0m08:49:01.138960 [debug] [Thread-5 (]: Began executing node model.real_estate_pipeline.stg_transactions
[0m08:49:01.175663 [debug] [Thread-3 (]: Writing runtime sql for node "model.real_estate_pipeline.stg_customers"
[0m08:49:01.176711 [debug] [Thread-2 (]: Writing runtime sql for node "model.real_estate_pipeline.stg_accounts"
[0m08:49:01.179732 [debug] [Thread-4 (]: Writing runtime sql for node "model.real_estate_pipeline.stg_loans"
[0m08:49:01.182036 [debug] [Thread-5 (]: Writing runtime sql for node "model.real_estate_pipeline.stg_transactions"
[0m08:49:01.190025 [debug] [Thread-3 (]: Using snowflake connection "model.real_estate_pipeline.stg_customers"
[0m08:49:01.191164 [debug] [Thread-4 (]: Using snowflake connection "model.real_estate_pipeline.stg_loans"
[0m08:49:01.192190 [debug] [Thread-3 (]: On model.real_estate_pipeline.stg_customers: create or replace   view FINANCE_DW.silver.stg_customers
  
  
  
  
  as (
    with source as (
    select
        $1::int as customer_id,
        trim($2)::varchar as first_name,
        trim($3)::varchar as last_name,
        try_to_timestamp(nullif(trim($4::varchar), 'NaT')) as date_of_birth,
        $5::int as address_id,
        $6::int as customer_type_id,
        row_number() over (
            partition by $1::int 
            order by $1::int
        ) as rn
    from FINANCE_DW.BRONZE.RAW_CUSTOMERS
)

select
    customer_id,
    first_name,
    last_name,
    date_of_birth,
    address_id,
    customer_type_id
from source
where rn = 1
  )
/* {"app": "dbt", "dbt_version": "1.12.0", "profile_name": "dbt_project", "target_name": "dev", "node_id": "model.real_estate_pipeline.stg_customers"} */;
[0m08:49:01.193028 [debug] [Thread-5 (]: Using snowflake connection "model.real_estate_pipeline.stg_transactions"
[0m08:49:01.194283 [debug] [Thread-4 (]: On model.real_estate_pipeline.stg_loans: create or replace   view FINANCE_DW.silver.stg_loans
  
  
  
  
  as (
    with source as (
    select
        $1::int as loan_id,
        $2::int as account_id,
        $3::int as loan_status_id,
        $4::numeric(15,2) as principal_amount,
        $5::numeric(5,4) as interest_rate,
        $6::timestamp as start_date,
        $7::timestamp as estimated_end_date,
        row_number() over (
            partition by $1::int 
            order by $6::timestamp desc
        ) as rn
    from FINANCE_DW.BRONZE.RAW_LOANS
)

select
    loan_id,
    account_id,
    loan_status_id,
    principal_amount,
    interest_rate,
    start_date,
    estimated_end_date
from source
where rn = 1
  )
/* {"app": "dbt", "dbt_version": "1.12.0", "profile_name": "dbt_project", "target_name": "dev", "node_id": "model.real_estate_pipeline.stg_loans"} */;
[0m08:49:01.195676 [debug] [Thread-2 (]: Using snowflake connection "model.real_estate_pipeline.stg_accounts"
[0m08:49:01.198156 [debug] [Thread-5 (]: On model.real_estate_pipeline.stg_transactions: create or replace   view FINANCE_DW.silver.stg_transactions
  
  
  
  
  as (
    with source as (
    select
        $1::int as transaction_id,
        $2::int as account_origin_id,
        $3::int as account_destination_id,
        $4::int as transaction_type_id,
        $5::numeric(15,2) as amount,
        $6::timestamp as transaction_date,
        $7::int as branch_id,
        trim($8)::varchar as description,
        row_number() over (
            partition by $1::int 
            order by $6::timestamp desc
        ) as rn
    from FINANCE_DW.BRONZE.RAW_TRANSACTIONS
)

select
    transaction_id,
    account_origin_id,
    account_destination_id,
    transaction_type_id,
    amount,
    transaction_date,
    branch_id,
    description
from source
where rn = 1
  )
/* {"app": "dbt", "dbt_version": "1.12.0", "profile_name": "dbt_project", "target_name": "dev", "node_id": "model.real_estate_pipeline.stg_transactions"} */;
[0m08:49:01.199328 [debug] [Thread-4 (]: Opening a new connection, currently in state init
[0m08:49:01.200485 [debug] [Thread-2 (]: On model.real_estate_pipeline.stg_accounts: create or replace   view FINANCE_DW.silver.stg_accounts
  
  
  
  
  as (
    with source as (
    select
        $1::int as account_id,
        $2::int as customer_id,
        $3::int as account_type_id,
        $4::int as account_status_id,
        $5::numeric(15,2) as balance,
        try_to_timestamp($6::varchar) as opening_date,
        row_number() over (
            partition by $1::int 
            order by try_to_timestamp($6::varchar) desc
        ) as rn
    from FINANCE_DW.BRONZE.RAW_ACCOUNTS
)

select
    account_id,
    customer_id,
    account_type_id,
    account_status_id,
    balance,
    opening_date
from source
where rn = 1
  )
/* {"app": "dbt", "dbt_version": "1.12.0", "profile_name": "dbt_project", "target_name": "dev", "node_id": "model.real_estate_pipeline.stg_accounts"} */;
[0m08:49:01.201461 [debug] [Thread-5 (]: Opening a new connection, currently in state init
[0m08:49:01.457775 [debug] [Thread-3 (]: SQL status: SUCCESS 1 in 0.261 seconds
[0m08:49:01.458894 [debug] [Thread-2 (]: SQL status: SUCCESS 1 in 0.253 seconds
[0m08:49:01.478386 [debug] [Thread-3 (]: Sending event: {'category': 'dbt', 'action': 'run_model', 'label': '219cf14b-6be2-4ad7-86e2-e5121c8dba57', 'context': [<snowplow_tracker.self_describing_json.SelfDescribingJson object at 0x7aa887cd5480>]}
[0m08:49:01.480558 [debug] [Thread-2 (]: Sending event: {'category': 'dbt', 'action': 'run_model', 'label': '219cf14b-6be2-4ad7-86e2-e5121c8dba57', 'context': [<snowplow_tracker.self_describing_json.SelfDescribingJson object at 0x7aa84270cb20>]}
[0m08:49:01.481984 [info ] [Thread-3 (]: 2 of 9 OK created sql view model silver.stg_customers .......................... [[32mSUCCESS 1[0m in 0.37s]
[0m08:49:01.483279 [info ] [Thread-2 (]: 1 of 9 OK created sql view model silver.stg_accounts ........................... [[32mSUCCESS 1[0m in 0.38s]
[0m08:49:01.486281 [debug] [Thread-3 (]: Finished running node model.real_estate_pipeline.stg_customers
[0m08:49:01.487510 [debug] [Thread-2 (]: Finished running node model.real_estate_pipeline.stg_accounts
[0m08:49:01.489557 [debug] [Thread-3 (]: Began running node model.real_estate_pipeline.dim_accounts
[0m08:49:01.489968 [debug] [Thread-2 (]: Began running node model.real_estate_pipeline.dim_customers
[0m08:49:01.490778 [info ] [Thread-3 (]: 5 of 9 START sql table model gold.dim_accounts ................................. [RUN]
[0m08:49:01.491779 [info ] [Thread-2 (]: 6 of 9 START sql table model gold.dim_customers ................................ [RUN]
[0m08:49:01.492822 [debug] [Thread-3 (]: Re-using an available connection from the pool (formerly model.real_estate_pipeline.stg_customers, now model.real_estate_pipeline.dim_accounts)
[0m08:49:01.495634 [debug] [Thread-2 (]: Re-using an available connection from the pool (formerly model.real_estate_pipeline.stg_accounts, now model.real_estate_pipeline.dim_customers)
[0m08:49:01.497460 [debug] [Thread-3 (]: Began compiling node model.real_estate_pipeline.dim_accounts
[0m08:49:01.498597 [debug] [Thread-2 (]: Began compiling node model.real_estate_pipeline.dim_customers
[0m08:49:01.500625 [debug] [Thread-3 (]: Writing injected SQL for node "model.real_estate_pipeline.dim_accounts"
[0m08:49:01.502780 [debug] [Thread-2 (]: Writing injected SQL for node "model.real_estate_pipeline.dim_customers"
[0m08:49:01.509874 [debug] [Thread-3 (]: Began executing node model.real_estate_pipeline.dim_accounts
[0m08:49:01.517199 [debug] [Thread-2 (]: Began executing node model.real_estate_pipeline.dim_customers
[0m08:49:01.530817 [debug] [Thread-3 (]: Writing runtime sql for node "model.real_estate_pipeline.dim_accounts"
[0m08:49:01.532662 [debug] [Thread-2 (]: Writing runtime sql for node "model.real_estate_pipeline.dim_customers"
[0m08:49:01.541716 [debug] [Thread-3 (]: Using snowflake connection "model.real_estate_pipeline.dim_accounts"
[0m08:49:01.543255 [debug] [Thread-3 (]: On model.real_estate_pipeline.dim_accounts: create or replace transient table FINANCE_DW.gold.dim_accounts
    
    
    
    
    

    as (select
    account_id,
    customer_id,
    account_type_id,
    account_status_id,
    balance,
    opening_date
from FINANCE_DW.silver.stg_accounts
    )

/* {"app": "dbt", "dbt_version": "1.12.0", "profile_name": "dbt_project", "target_name": "dev", "node_id": "model.real_estate_pipeline.dim_accounts"} */;
[0m08:49:01.545001 [debug] [Thread-2 (]: Using snowflake connection "model.real_estate_pipeline.dim_customers"
[0m08:49:01.547072 [debug] [Thread-2 (]: On model.real_estate_pipeline.dim_customers: create or replace transient table FINANCE_DW.gold.dim_customers
    
    
    
    
    

    as (with customers as (
    select * from FINANCE_DW.silver.stg_customers
),
accounts as (
    select 
        customer_id,
        count(account_id) as total_accounts,
        sum(balance) as total_balance
    from FINANCE_DW.silver.stg_accounts
    group by customer_id
)

select
    c.customer_id,
    c.first_name,
    c.last_name,
    c.date_of_birth,
    c.customer_type_id,
    coalesce(a.total_accounts, 0) as total_accounts,
    coalesce(a.total_balance, 0) as total_balance
from customers c
left join accounts a on c.customer_id = a.customer_id
    )

/* {"app": "dbt", "dbt_version": "1.12.0", "profile_name": "dbt_project", "target_name": "dev", "node_id": "model.real_estate_pipeline.dim_customers"} */;
[0m08:49:01.780137 [debug] [Thread-4 (]: SQL status: SUCCESS 1 in 0.581 seconds
[0m08:49:01.785651 [debug] [Thread-4 (]: Sending event: {'category': 'dbt', 'action': 'run_model', 'label': '219cf14b-6be2-4ad7-86e2-e5121c8dba57', 'context': [<snowplow_tracker.self_describing_json.SelfDescribingJson object at 0x7aa851136a40>]}
[0m08:49:01.787816 [info ] [Thread-4 (]: 3 of 9 OK created sql view model silver.stg_loans .............................. [[32mSUCCESS 1[0m in 0.68s]
[0m08:49:01.789362 [debug] [Thread-4 (]: Finished running node model.real_estate_pipeline.stg_loans
[0m08:49:01.791106 [debug] [Thread-4 (]: Began running node model.real_estate_pipeline.fct_loans
[0m08:49:01.792284 [info ] [Thread-4 (]: 7 of 9 START sql table model gold.fct_loans .................................... [RUN]
[0m08:49:01.793651 [debug] [Thread-4 (]: Re-using an available connection from the pool (formerly model.real_estate_pipeline.stg_loans, now model.real_estate_pipeline.fct_loans)
[0m08:49:01.797773 [debug] [Thread-4 (]: Began compiling node model.real_estate_pipeline.fct_loans
[0m08:49:01.800615 [debug] [Thread-4 (]: Writing injected SQL for node "model.real_estate_pipeline.fct_loans"
[0m08:49:01.812870 [debug] [Thread-4 (]: Began executing node model.real_estate_pipeline.fct_loans
[0m08:49:01.819910 [debug] [Thread-4 (]: Writing runtime sql for node "model.real_estate_pipeline.fct_loans"
[0m08:49:01.834854 [debug] [Thread-4 (]: Using snowflake connection "model.real_estate_pipeline.fct_loans"
[0m08:49:01.836336 [debug] [Thread-4 (]: On model.real_estate_pipeline.fct_loans: create or replace transient table FINANCE_DW.gold.fct_loans
    
    
    
    
    

    as (select
    l.loan_id,
    l.account_id,
    a.customer_id,
    l.loan_status_id,
    to_char(l.start_date::date, 'YYYYMMDD')::int as date_id,
    l.principal_amount,
    l.interest_rate,
    l.start_date,
    l.estimated_end_date
from FINANCE_DW.silver.stg_loans l
left join FINANCE_DW.silver.stg_accounts a on l.account_id = a.account_id
    )

/* {"app": "dbt", "dbt_version": "1.12.0", "profile_name": "dbt_project", "target_name": "dev", "node_id": "model.real_estate_pipeline.fct_loans"} */;
[0m08:49:02.228748 [debug] [Thread-3 (]: SQL status: SUCCESS 1651 in 0.683 seconds
[0m08:49:02.232357 [debug] [Thread-3 (]: Sending event: {'category': 'dbt', 'action': 'run_model', 'label': '219cf14b-6be2-4ad7-86e2-e5121c8dba57', 'context': [<snowplow_tracker.self_describing_json.SelfDescribingJson object at 0x7aa8427bf910>]}
[0m08:49:02.233491 [info ] [Thread-3 (]: 5 of 9 OK created sql table model gold.dim_accounts ............................ [[32mSUCCESS 1651[0m in 0.74s]
[0m08:49:02.234719 [debug] [Thread-3 (]: Finished running node model.real_estate_pipeline.dim_accounts
[0m08:49:02.293926 [debug] [Thread-2 (]: SQL status: SUCCESS 1100 in 0.746 seconds
[0m08:49:02.298250 [debug] [Thread-2 (]: Sending event: {'category': 'dbt', 'action': 'run_model', 'label': '219cf14b-6be2-4ad7-86e2-e5121c8dba57', 'context': [<snowplow_tracker.self_describing_json.SelfDescribingJson object at 0x7aa852907a00>]}
[0m08:49:02.299378 [info ] [Thread-2 (]: 6 of 9 OK created sql table model gold.dim_customers ........................... [[32mSUCCESS 1100[0m in 0.80s]
[0m08:49:02.300353 [debug] [Thread-2 (]: Finished running node model.real_estate_pipeline.dim_customers
[0m08:49:02.570959 [debug] [Thread-4 (]: SQL status: SUCCESS 330 in 0.733 seconds
[0m08:49:02.576489 [debug] [Thread-4 (]: Sending event: {'category': 'dbt', 'action': 'run_model', 'label': '219cf14b-6be2-4ad7-86e2-e5121c8dba57', 'context': [<snowplow_tracker.self_describing_json.SelfDescribingJson object at 0x7aa8427bf460>]}
[0m08:49:02.577955 [info ] [Thread-4 (]: 7 of 9 OK created sql table model gold.fct_loans ............................... [[32mSUCCESS 330[0m in 0.78s]
[0m08:49:02.579133 [debug] [Thread-4 (]: Finished running node model.real_estate_pipeline.fct_loans
[0m08:49:03.553059 [debug] [Thread-5 (]: SQL status: SUCCESS 1 in 2.351 seconds
[0m08:49:03.558689 [debug] [Thread-5 (]: Sending event: {'category': 'dbt', 'action': 'run_model', 'label': '219cf14b-6be2-4ad7-86e2-e5121c8dba57', 'context': [<snowplow_tracker.self_describing_json.SelfDescribingJson object at 0x7aa8511372b0>]}
[0m08:49:03.561048 [info ] [Thread-5 (]: 4 of 9 OK created sql view model silver.stg_transactions ....................... [[32mSUCCESS 1[0m in 2.45s]
[0m08:49:03.562800 [debug] [Thread-5 (]: Finished running node model.real_estate_pipeline.stg_transactions
[0m08:49:03.567151 [debug] [Thread-3 (]: Began running node model.real_estate_pipeline.dim_date
[0m08:49:03.567614 [debug] [Thread-2 (]: Began running node model.real_estate_pipeline.fct_transactions
[0m08:49:03.568482 [info ] [Thread-3 (]: 8 of 9 START sql table model gold.dim_date ..................................... [RUN]
[0m08:49:03.569302 [info ] [Thread-2 (]: 9 of 9 START sql table model gold.fct_transactions ............................. [RUN]
[0m08:49:03.570102 [debug] [Thread-3 (]: Re-using an available connection from the pool (formerly model.real_estate_pipeline.dim_accounts, now model.real_estate_pipeline.dim_date)
[0m08:49:03.570811 [debug] [Thread-2 (]: Re-using an available connection from the pool (formerly model.real_estate_pipeline.dim_customers, now model.real_estate_pipeline.fct_transactions)
[0m08:49:03.571442 [debug] [Thread-3 (]: Began compiling node model.real_estate_pipeline.dim_date
[0m08:49:03.572046 [debug] [Thread-2 (]: Began compiling node model.real_estate_pipeline.fct_transactions
[0m08:49:03.574046 [debug] [Thread-3 (]: Writing injected SQL for node "model.real_estate_pipeline.dim_date"
[0m08:49:03.576641 [debug] [Thread-2 (]: Writing injected SQL for node "model.real_estate_pipeline.fct_transactions"
[0m08:49:03.581736 [debug] [Thread-3 (]: Began executing node model.real_estate_pipeline.dim_date
[0m08:49:03.582425 [debug] [Thread-2 (]: Began executing node model.real_estate_pipeline.fct_transactions
[0m08:49:03.584101 [debug] [Thread-3 (]: Writing runtime sql for node "model.real_estate_pipeline.dim_date"
[0m08:49:03.587213 [debug] [Thread-2 (]: Writing runtime sql for node "model.real_estate_pipeline.fct_transactions"
[0m08:49:03.591305 [debug] [Thread-2 (]: Using snowflake connection "model.real_estate_pipeline.fct_transactions"
[0m08:49:03.592899 [debug] [Thread-3 (]: Using snowflake connection "model.real_estate_pipeline.dim_date"
[0m08:49:03.593237 [debug] [Thread-2 (]: On model.real_estate_pipeline.fct_transactions: create or replace transient table FINANCE_DW.gold.fct_transactions
    
    
    
    
    

    as (select
    t.transaction_id,
    t.account_origin_id,
    t.account_destination_id,
    a.customer_id as origin_customer_id,
    t.transaction_type_id,
    t.branch_id,
    to_char(t.transaction_date::date, 'YYYYMMDD')::int as date_id,
    t.transaction_date,
    t.amount
from FINANCE_DW.silver.stg_transactions t
left join FINANCE_DW.silver.stg_accounts a on t.account_origin_id = a.account_id
    )

/* {"app": "dbt", "dbt_version": "1.12.0", "profile_name": "dbt_project", "target_name": "dev", "node_id": "model.real_estate_pipeline.fct_transactions"} */;
[0m08:49:03.595256 [debug] [Thread-3 (]: On model.real_estate_pipeline.dim_date: create or replace transient table FINANCE_DW.gold.dim_date
    
    
    
    
    

    as (with dates as (
    select transaction_date::date as date_day from FINANCE_DW.silver.stg_transactions
    union
    select start_date::date as date_day from FINANCE_DW.silver.stg_loans
    union
    select opening_date::date as date_day from FINANCE_DW.silver.stg_accounts
)

select distinct
    to_char(date_day, 'YYYYMMDD')::int as date_id,
    date_day as full_date,
    year(date_day) as year,
    quarter(date_day) as quarter,
    month(date_day) as month,
    monthname(date_day) as month_name,
    day(date_day) as day,
    dayname(date_day) as day_of_week
from dates
where date_day is not null
    )

/* {"app": "dbt", "dbt_version": "1.12.0", "profile_name": "dbt_project", "target_name": "dev", "node_id": "model.real_estate_pipeline.dim_date"} */;
[0m08:49:04.368808 [debug] [Thread-2 (]: SQL status: SUCCESS 49500 in 0.771 seconds
[0m08:49:04.374403 [debug] [Thread-2 (]: Sending event: {'category': 'dbt', 'action': 'run_model', 'label': '219cf14b-6be2-4ad7-86e2-e5121c8dba57', 'context': [<snowplow_tracker.self_describing_json.SelfDescribingJson object at 0x7aa8511371c0>]}
[0m08:49:04.376356 [info ] [Thread-2 (]: 9 of 9 OK created sql table model gold.fct_transactions ........................ [[32mSUCCESS 49500[0m in 0.80s]
[0m08:49:04.377752 [debug] [Thread-2 (]: Finished running node model.real_estate_pipeline.fct_transactions
[0m08:49:04.443834 [debug] [Thread-3 (]: SQL status: SUCCESS 2253 in 0.844 seconds
[0m08:49:04.450183 [debug] [Thread-3 (]: Sending event: {'category': 'dbt', 'action': 'run_model', 'label': '219cf14b-6be2-4ad7-86e2-e5121c8dba57', 'context': [<snowplow_tracker.self_describing_json.SelfDescribingJson object at 0x7aa84270e440>]}
[0m08:49:04.451929 [info ] [Thread-3 (]: 8 of 9 OK created sql table model gold.dim_date ................................ [[32mSUCCESS 2253[0m in 0.88s]
[0m08:49:04.453004 [debug] [Thread-3 (]: Finished running node model.real_estate_pipeline.dim_date
[0m08:49:04.455090 [debug] [MainThread]: Connection 'master' was properly closed.
[0m08:49:04.456919 [debug] [MainThread]: Connection 'model.real_estate_pipeline.fct_transactions' was left open.
[0m08:49:04.457532 [debug] [MainThread]: On model.real_estate_pipeline.fct_transactions: Close
[0m08:49:04.591552 [debug] [MainThread]: Connection 'model.real_estate_pipeline.dim_date' was left open.
[0m08:49:04.594156 [debug] [MainThread]: On model.real_estate_pipeline.dim_date: Close
[0m08:49:04.732459 [debug] [MainThread]: Connection 'model.real_estate_pipeline.fct_loans' was left open.
[0m08:49:04.735461 [debug] [MainThread]: On model.real_estate_pipeline.fct_loans: Close
[0m08:49:04.875642 [debug] [MainThread]: Connection 'model.real_estate_pipeline.stg_transactions' was left open.
[0m08:49:04.877822 [debug] [MainThread]: On model.real_estate_pipeline.stg_transactions: Close
[0m08:49:05.010138 [info ] [MainThread]: 
[0m08:49:05.012121 [info ] [MainThread]: Finished running 5 table models, 4 view models in 0 hours 0 minutes and 5.60 seconds (5.60s).
[0m08:49:05.015524 [debug] [MainThread]: Command end result
[0m08:49:05.069925 [debug] [MainThread]: Wrote artifact WritableManifest to /opt/airflow/dbt_project/target/manifest.json
[0m08:49:05.074089 [debug] [MainThread]: Wrote artifact SemanticManifest to /opt/airflow/dbt_project/target/semantic_manifest.json
[0m08:49:05.082662 [debug] [MainThread]: Wrote artifact OsiDocument to /opt/airflow/dbt_project/target/osi_document.json
[0m08:49:05.090785 [debug] [MainThread]: Wrote artifact RunExecutionResult to /opt/airflow/dbt_project/target/run_results.json
[0m08:49:05.091483 [info ] [MainThread]: 
[0m08:49:05.092229 [info ] [MainThread]: [32mCompleted successfully[0m
[0m08:49:05.092881 [info ] [MainThread]: 
[0m08:49:05.093471 [info ] [MainThread]: Done. PASS=9 WARN=0 ERROR=0 SKIP=0 NO-OP=0 REUSED=0 TOTAL=9
[0m08:49:05.094532 [debug] [MainThread]: Resource report: {"command_name": "run", "command_success": true, "command_wall_clock_time": 7.056908, "process_in_blocks": "0", "process_kernel_time": 1.287305, "process_mem_max_rss": "227788", "process_out_blocks": "16", "process_user_time": 3.066934}
[0m08:49:05.095973 [debug] [MainThread]: Command `dbt run` succeeded at 08:49:05.095853 after 7.06 seconds
[0m08:49:05.096770 [debug] [MainThread]: Sending event: {'category': 'dbt', 'action': 'invocation', 'label': 'end', 'context': [<snowplow_tracker.self_describing_json.SelfDescribingJson object at 0x7aa8893f5fc0>, <snowplow_tracker.self_describing_json.SelfDescribingJson object at 0x7aa888737340>, <snowplow_tracker.self_describing_json.SelfDescribingJson object at 0x7aa887cd5480>]}
[0m08:49:05.097516 [debug] [MainThread]: Flushing usage events
[0m08:49:05.736926 [debug] [MainThread]: An error was encountered while trying to flush usage events
[0m08:49:08.152222 [debug] [MainThread]: Sending event: {'category': 'dbt', 'action': 'invocation', 'label': 'start', 'context': [<snowplow_tracker.self_describing_json.SelfDescribingJson object at 0x7028758f1d50>, <snowplow_tracker.self_describing_json.SelfDescribingJson object at 0x7028741aa7d0>, <snowplow_tracker.self_describing_json.SelfDescribingJson object at 0x7028741aa770>]}


============================== 08:49:08.157050 | 5f63f6f7-cc19-4268-8924-1d0f065c35d9 ==============================
[0m08:49:08.157050 [info ] [MainThread]: Running with dbt=1.12.0
[0m08:49:08.157893 [debug] [MainThread]: running dbt with arguments {'send_anonymous_usage_stats': 'True', 'use_experimental_parser': 'False', 'partial_parse': 'True', 'target_path': 'None', 'use_colors': 'True', 'maximum_seed_size_mib': '1', 'indirect_selection': 'eager', 'write_json': 'True', 'log_path': '/opt/airflow/dbt_project/logs', 'no_print': 'None', 'warn_error': 'None', 'invocation_command': 'dbt test', 'debug': 'False', 'empty': 'None', 'introspect': 'True', 'printer_width': '80', 'log_cache_events': 'False', 'quiet': 'False', 'static_parser': 'True', 'fail_fast': 'False', 'log_format': 'default', 'profiles_dir': '/opt/airflow/dbt_project', 'warn_error_options': 'WarnErrorOptionsV2(error=[], warn=[], silence=[])', 'version_check': 'True', 'cache_selected_only': 'False', 'hints_enabled': 'True'}
[0m08:49:08.661051 [debug] [MainThread]: Snowflake adapter: Setting snowflake.connector to ERROR (file logging only)
[0m08:49:08.662385 [debug] [MainThread]: Snowflake adapter: Setting botocore to ERROR (file logging only)
[0m08:49:08.663258 [debug] [MainThread]: Snowflake adapter: Setting boto3 to ERROR (file logging only)
[0m08:49:08.821300 [debug] [MainThread]: Sending event: {'category': 'dbt', 'action': 'project_id', 'label': '5f63f6f7-cc19-4268-8924-1d0f065c35d9', 'context': [<snowplow_tracker.self_describing_json.SelfDescribingJson object at 0x702874128b50>]}
[0m08:49:08.869921 [debug] [MainThread]: Sending event: {'category': 'dbt', 'action': 'adapter_info', 'label': '5f63f6f7-cc19-4268-8924-1d0f065c35d9', 'context': [<snowplow_tracker.self_describing_json.SelfDescribingJson object at 0x70283f6748b0>]}
[0m08:49:08.872242 [info ] [MainThread]: Registered adapter: snowflake=1.12.0
[0m08:49:08.956517 [debug] [MainThread]: checksum: 17b8c0eed372bdc76158915a5b86153b95ebcdfebef695d6713d3c569800f71e, vars: {}, profile: dbt_project, target: dev, version: 1.12.0
[0m08:49:09.207250 [debug] [MainThread]: Partial parsing enabled: 0 files deleted, 0 files added, 0 files changed.
[0m08:49:09.208522 [debug] [MainThread]: Nothing changed, skipping partial parsing.
[0m08:49:09.209144 [debug] [MainThread]: Partial parsing enabled, no changes found, skipping parsing
[0m08:49:09.217002 [debug] [MainThread]: Sending event: {'category': 'dbt', 'action': 'load_project', 'label': '5f63f6f7-cc19-4268-8924-1d0f065c35d9', 'context': [<snowplow_tracker.self_describing_json.SelfDescribingJson object at 0x70283e41a170>]}
[0m08:49:09.357499 [debug] [MainThread]: Wrote artifact WritableManifest to /opt/airflow/dbt_project/target/manifest.json
[0m08:49:09.361206 [debug] [MainThread]: Wrote artifact SemanticManifest to /opt/airflow/dbt_project/target/semantic_manifest.json
[0m08:49:09.371475 [debug] [MainThread]: Wrote artifact OsiDocument to /opt/airflow/dbt_project/target/osi_document.json
[0m08:49:09.391025 [debug] [MainThread]: Sending event: {'category': 'dbt', 'action': 'resource_counts', 'label': '5f63f6f7-cc19-4268-8924-1d0f065c35d9', 'context': [<snowplow_tracker.self_describing_json.SelfDescribingJson object at 0x70283df89930>]}
[0m08:49:09.391903 [info ] [MainThread]: Found 9 models, 21 data tests, 4 sources, 546 macros
[0m08:49:09.392678 [debug] [MainThread]: Sending event: {'category': 'dbt', 'action': 'runnable_timing', 'label': '5f63f6f7-cc19-4268-8924-1d0f065c35d9', 'context': [<snowplow_tracker.self_describing_json.SelfDescribingJson object at 0x70283e87ac20>]}
[0m08:49:09.396349 [info ] [MainThread]: 
[0m08:49:09.398468 [info ] [MainThread]: Concurrency: 4 threads (target='dev')
[0m08:49:09.404164 [info ] [MainThread]: 
[0m08:49:09.406887 [debug] [MainThread]: Acquiring new snowflake connection 'master'
[0m08:49:09.416306 [debug] [ThreadPool]: Acquiring new snowflake connection 'list_FINANCE_DW_gold'
[0m08:49:09.417039 [debug] [ThreadPool]: Acquiring new snowflake connection 'list_FINANCE_DW_silver'
[0m08:49:09.438509 [debug] [ThreadPool]: Using snowflake connection "list_FINANCE_DW_gold"
[0m08:49:09.439687 [debug] [ThreadPool]: Using snowflake connection "list_FINANCE_DW_silver"
[0m08:49:09.440506 [debug] [ThreadPool]: On list_FINANCE_DW_gold: show objects in FINANCE_DW.gold
    limit 10000
    

/* {"app": "dbt", "dbt_version": "1.12.0", "profile_name": "dbt_project", "target_name": "dev", "connection_name": "list_FINANCE_DW_gold"} */;
[0m08:49:09.441163 [debug] [ThreadPool]: On list_FINANCE_DW_silver: show objects in FINANCE_DW.silver
    limit 10000
    

/* {"app": "dbt", "dbt_version": "1.12.0", "profile_name": "dbt_project", "target_name": "dev", "connection_name": "list_FINANCE_DW_silver"} */;
[0m08:49:09.441781 [debug] [ThreadPool]: Opening a new connection, currently in state init
[0m08:49:09.442432 [debug] [ThreadPool]: Opening a new connection, currently in state init
[0m08:49:09.946307 [debug] [ThreadPool]: SQL status: SUCCESS 5 in 0.504 seconds
[0m08:49:09.953673 [debug] [ThreadPool]: Using snowflake connection "list_FINANCE_DW_gold"
[0m08:49:09.954999 [debug] [ThreadPool]: On list_FINANCE_DW_gold: show user functions in FINANCE_DW.gold
/* {"app": "dbt", "dbt_version": "1.12.0", "profile_name": "dbt_project", "target_name": "dev", "connection_name": "list_FINANCE_DW_gold"} */
[0m08:49:09.958655 [debug] [ThreadPool]: SQL status: SUCCESS 4 in 0.516 seconds
[0m08:49:09.961635 [debug] [ThreadPool]: Using snowflake connection "list_FINANCE_DW_silver"
[0m08:49:09.962695 [debug] [ThreadPool]: On list_FINANCE_DW_silver: show user functions in FINANCE_DW.silver
/* {"app": "dbt", "dbt_version": "1.12.0", "profile_name": "dbt_project", "target_name": "dev", "connection_name": "list_FINANCE_DW_silver"} */
[0m08:49:10.054107 [debug] [ThreadPool]: SQL status: SUCCESS 0 in 0.090 seconds
[0m08:49:10.057798 [debug] [ThreadPool]: SQL status: SUCCESS 0 in 0.102 seconds
[0m08:49:10.060155 [debug] [MainThread]: Sending event: {'category': 'dbt', 'action': 'runnable_timing', 'label': '5f63f6f7-cc19-4268-8924-1d0f065c35d9', 'context': [<snowplow_tracker.self_describing_json.SelfDescribingJson object at 0x702874111570>]}
[0m08:49:10.064382 [debug] [Thread-2 (]: Began running node test.real_estate_pipeline.not_null_dim_accounts_account_id.cc26245841
[0m08:49:10.064821 [debug] [Thread-3 (]: Began running node test.real_estate_pipeline.not_null_dim_customers_customer_id.dd91cd1c8d
[0m08:49:10.065307 [debug] [Thread-4 (]: Began running node test.real_estate_pipeline.not_null_dim_date_date_id.3077875806
[0m08:49:10.065696 [debug] [Thread-5 (]: Began running node test.real_estate_pipeline.not_null_fct_loans_loan_id.1067693330
[0m08:49:10.066272 [info ] [Thread-2 (]: 1 of 21 START test not_null_dim_accounts_account_id ............................ [RUN]
[0m08:49:10.067001 [info ] [Thread-3 (]: 2 of 21 START test not_null_dim_customers_customer_id .......................... [RUN]
[0m08:49:10.067664 [info ] [Thread-4 (]: 3 of 21 START test not_null_dim_date_date_id ................................... [RUN]
[0m08:49:10.068332 [info ] [Thread-5 (]: 4 of 21 START test not_null_fct_loans_loan_id .................................. [RUN]
[0m08:49:10.069105 [debug] [Thread-2 (]: Re-using an available connection from the pool (formerly list_FINANCE_DW_gold, now test.real_estate_pipeline.not_null_dim_accounts_account_id.cc26245841)
[0m08:49:10.069882 [debug] [Thread-3 (]: Re-using an available connection from the pool (formerly list_FINANCE_DW_silver, now test.real_estate_pipeline.not_null_dim_customers_customer_id.dd91cd1c8d)
[0m08:49:10.070686 [debug] [Thread-4 (]: Acquiring new snowflake connection 'test.real_estate_pipeline.not_null_dim_date_date_id.3077875806'
[0m08:49:10.072652 [debug] [Thread-5 (]: Acquiring new snowflake connection 'test.real_estate_pipeline.not_null_fct_loans_loan_id.1067693330'
[0m08:49:10.074311 [debug] [Thread-2 (]: Began compiling node test.real_estate_pipeline.not_null_dim_accounts_account_id.cc26245841
[0m08:49:10.076443 [debug] [Thread-3 (]: Began compiling node test.real_estate_pipeline.not_null_dim_customers_customer_id.dd91cd1c8d
[0m08:49:10.077118 [debug] [Thread-4 (]: Began compiling node test.real_estate_pipeline.not_null_dim_date_date_id.3077875806
[0m08:49:10.077699 [debug] [Thread-5 (]: Began compiling node test.real_estate_pipeline.not_null_fct_loans_loan_id.1067693330
[0m08:49:10.091720 [debug] [Thread-2 (]: Writing injected SQL for node "test.real_estate_pipeline.not_null_dim_accounts_account_id.cc26245841"
[0m08:49:10.097124 [debug] [Thread-3 (]: Writing injected SQL for node "test.real_estate_pipeline.not_null_dim_customers_customer_id.dd91cd1c8d"
[0m08:49:10.102605 [debug] [Thread-4 (]: Writing injected SQL for node "test.real_estate_pipeline.not_null_dim_date_date_id.3077875806"
[0m08:49:10.110998 [debug] [Thread-5 (]: Writing injected SQL for node "test.real_estate_pipeline.not_null_fct_loans_loan_id.1067693330"
[0m08:49:10.119957 [debug] [Thread-2 (]: Began executing node test.real_estate_pipeline.not_null_dim_accounts_account_id.cc26245841
[0m08:49:10.120515 [debug] [Thread-3 (]: Began executing node test.real_estate_pipeline.not_null_dim_customers_customer_id.dd91cd1c8d
[0m08:49:10.121893 [debug] [Thread-5 (]: Began executing node test.real_estate_pipeline.not_null_fct_loans_loan_id.1067693330
[0m08:49:10.133550 [debug] [Thread-4 (]: Began executing node test.real_estate_pipeline.not_null_dim_date_date_id.3077875806
[0m08:49:10.141159 [debug] [Thread-2 (]: Writing runtime sql for node "test.real_estate_pipeline.not_null_dim_accounts_account_id.cc26245841"
[0m08:49:10.143319 [debug] [Thread-3 (]: Writing runtime sql for node "test.real_estate_pipeline.not_null_dim_customers_customer_id.dd91cd1c8d"
[0m08:49:10.146039 [debug] [Thread-5 (]: Writing runtime sql for node "test.real_estate_pipeline.not_null_fct_loans_loan_id.1067693330"
[0m08:49:10.148335 [debug] [Thread-4 (]: Writing runtime sql for node "test.real_estate_pipeline.not_null_dim_date_date_id.3077875806"
[0m08:49:10.156718 [debug] [Thread-3 (]: Using snowflake connection "test.real_estate_pipeline.not_null_dim_customers_customer_id.dd91cd1c8d"
[0m08:49:10.157533 [debug] [Thread-5 (]: Using snowflake connection "test.real_estate_pipeline.not_null_fct_loans_loan_id.1067693330"
[0m08:49:10.158666 [debug] [Thread-3 (]: On test.real_estate_pipeline.not_null_dim_customers_customer_id.dd91cd1c8d: select
      count(*) as failures,
      count(*) != 0 as should_warn,
      count(*) != 0 as should_error
    from (
      
    
  
    
    



select customer_id
from FINANCE_DW.gold.dim_customers
where customer_id is null



  
  
      
    ) dbt_internal_test
/* {"app": "dbt", "dbt_version": "1.12.0", "profile_name": "dbt_project", "target_name": "dev", "node_id": "test.real_estate_pipeline.not_null_dim_customers_customer_id.dd91cd1c8d"} */
[0m08:49:10.159473 [debug] [Thread-4 (]: Using snowflake connection "test.real_estate_pipeline.not_null_dim_date_date_id.3077875806"
[0m08:49:10.160415 [debug] [Thread-5 (]: On test.real_estate_pipeline.not_null_fct_loans_loan_id.1067693330: select
      count(*) as failures,
      count(*) != 0 as should_warn,
      count(*) != 0 as should_error
    from (
      
    
  
    
    



select loan_id
from FINANCE_DW.gold.fct_loans
where loan_id is null



  
  
      
    ) dbt_internal_test
/* {"app": "dbt", "dbt_version": "1.12.0", "profile_name": "dbt_project", "target_name": "dev", "node_id": "test.real_estate_pipeline.not_null_fct_loans_loan_id.1067693330"} */
[0m08:49:10.161198 [debug] [Thread-2 (]: Using snowflake connection "test.real_estate_pipeline.not_null_dim_accounts_account_id.cc26245841"
[0m08:49:10.165055 [debug] [Thread-4 (]: On test.real_estate_pipeline.not_null_dim_date_date_id.3077875806: select
      count(*) as failures,
      count(*) != 0 as should_warn,
      count(*) != 0 as should_error
    from (
      
    
  
    
    



select date_id
from FINANCE_DW.gold.dim_date
where date_id is null



  
  
      
    ) dbt_internal_test
/* {"app": "dbt", "dbt_version": "1.12.0", "profile_name": "dbt_project", "target_name": "dev", "node_id": "test.real_estate_pipeline.not_null_dim_date_date_id.3077875806"} */
[0m08:49:10.166426 [debug] [Thread-5 (]: Opening a new connection, currently in state init
[0m08:49:10.167594 [debug] [Thread-2 (]: On test.real_estate_pipeline.not_null_dim_accounts_account_id.cc26245841: select
      count(*) as failures,
      count(*) != 0 as should_warn,
      count(*) != 0 as should_error
    from (
      
    
  
    
    



select account_id
from FINANCE_DW.gold.dim_accounts
where account_id is null



  
  
      
    ) dbt_internal_test
/* {"app": "dbt", "dbt_version": "1.12.0", "profile_name": "dbt_project", "target_name": "dev", "node_id": "test.real_estate_pipeline.not_null_dim_accounts_account_id.cc26245841"} */
[0m08:49:10.168708 [debug] [Thread-4 (]: Opening a new connection, currently in state init
[0m08:49:10.365929 [debug] [Thread-3 (]: SQL status: SUCCESS 1 in 0.204 seconds
[0m08:49:10.374523 [info ] [Thread-3 (]: 2 of 21 PASS not_null_dim_customers_customer_id ................................ [[32mPASS[0m in 0.30s]
[0m08:49:10.375938 [debug] [Thread-3 (]: Finished running node test.real_estate_pipeline.not_null_dim_customers_customer_id.dd91cd1c8d
[0m08:49:10.376845 [debug] [Thread-3 (]: Began running node test.real_estate_pipeline.not_null_fct_transactions_transaction_id.2c6b5372aa
[0m08:49:10.377783 [info ] [Thread-3 (]: 5 of 21 START test not_null_fct_transactions_transaction_id .................... [RUN]
[0m08:49:10.378769 [debug] [Thread-3 (]: Re-using an available connection from the pool (formerly test.real_estate_pipeline.not_null_dim_customers_customer_id.dd91cd1c8d, now test.real_estate_pipeline.not_null_fct_transactions_transaction_id.2c6b5372aa)
[0m08:49:10.379717 [debug] [Thread-3 (]: Began compiling node test.real_estate_pipeline.not_null_fct_transactions_transaction_id.2c6b5372aa
[0m08:49:10.385667 [debug] [Thread-3 (]: Writing injected SQL for node "test.real_estate_pipeline.not_null_fct_transactions_transaction_id.2c6b5372aa"
[0m08:49:10.395055 [debug] [Thread-3 (]: Began executing node test.real_estate_pipeline.not_null_fct_transactions_transaction_id.2c6b5372aa
[0m08:49:10.398136 [debug] [Thread-3 (]: Writing runtime sql for node "test.real_estate_pipeline.not_null_fct_transactions_transaction_id.2c6b5372aa"
[0m08:49:10.405915 [debug] [Thread-3 (]: Using snowflake connection "test.real_estate_pipeline.not_null_fct_transactions_transaction_id.2c6b5372aa"
[0m08:49:10.406777 [debug] [Thread-3 (]: On test.real_estate_pipeline.not_null_fct_transactions_transaction_id.2c6b5372aa: select
      count(*) as failures,
      count(*) != 0 as should_warn,
      count(*) != 0 as should_error
    from (
      
    
  
    
    



select transaction_id
from FINANCE_DW.gold.fct_transactions
where transaction_id is null



  
  
      
    ) dbt_internal_test
/* {"app": "dbt", "dbt_version": "1.12.0", "profile_name": "dbt_project", "target_name": "dev", "node_id": "test.real_estate_pipeline.not_null_fct_transactions_transaction_id.2c6b5372aa"} */
[0m08:49:10.435838 [debug] [Thread-2 (]: SQL status: SUCCESS 1 in 0.262 seconds
[0m08:49:10.439577 [info ] [Thread-2 (]: 1 of 21 PASS not_null_dim_accounts_account_id .................................. [[32mPASS[0m in 0.37s]
[0m08:49:10.440680 [debug] [Thread-2 (]: Finished running node test.real_estate_pipeline.not_null_dim_accounts_account_id.cc26245841
[0m08:49:10.441579 [debug] [Thread-2 (]: Began running node test.real_estate_pipeline.not_null_stg_accounts_account_id.182dfbc108
[0m08:49:10.443668 [info ] [Thread-2 (]: 6 of 21 START test not_null_stg_accounts_account_id ............................ [RUN]
[0m08:49:10.445622 [debug] [Thread-2 (]: Re-using an available connection from the pool (formerly test.real_estate_pipeline.not_null_dim_accounts_account_id.cc26245841, now test.real_estate_pipeline.not_null_stg_accounts_account_id.182dfbc108)
[0m08:49:10.446661 [debug] [Thread-2 (]: Began compiling node test.real_estate_pipeline.not_null_stg_accounts_account_id.182dfbc108
[0m08:49:10.452924 [debug] [Thread-2 (]: Writing injected SQL for node "test.real_estate_pipeline.not_null_stg_accounts_account_id.182dfbc108"
[0m08:49:10.460863 [debug] [Thread-2 (]: Began executing node test.real_estate_pipeline.not_null_stg_accounts_account_id.182dfbc108
[0m08:49:10.464294 [debug] [Thread-2 (]: Writing runtime sql for node "test.real_estate_pipeline.not_null_stg_accounts_account_id.182dfbc108"
[0m08:49:10.471292 [debug] [Thread-2 (]: Using snowflake connection "test.real_estate_pipeline.not_null_stg_accounts_account_id.182dfbc108"
[0m08:49:10.473083 [debug] [Thread-2 (]: On test.real_estate_pipeline.not_null_stg_accounts_account_id.182dfbc108: select
      count(*) as failures,
      count(*) != 0 as should_warn,
      count(*) != 0 as should_error
    from (
      
    
  
    
    



select account_id
from FINANCE_DW.silver.stg_accounts
where account_id is null



  
  
      
    ) dbt_internal_test
/* {"app": "dbt", "dbt_version": "1.12.0", "profile_name": "dbt_project", "target_name": "dev", "node_id": "test.real_estate_pipeline.not_null_stg_accounts_account_id.182dfbc108"} */
[0m08:49:10.612930 [debug] [Thread-2 (]: SQL status: SUCCESS 1 in 0.138 seconds
[0m08:49:10.619018 [info ] [Thread-2 (]: 6 of 21 PASS not_null_stg_accounts_account_id .................................. [[32mPASS[0m in 0.17s]
[0m08:49:10.620592 [debug] [Thread-2 (]: Finished running node test.real_estate_pipeline.not_null_stg_accounts_account_id.182dfbc108
[0m08:49:10.621734 [debug] [Thread-2 (]: Began running node test.real_estate_pipeline.not_null_stg_accounts_customer_id.0b54f014a3
[0m08:49:10.622649 [info ] [Thread-2 (]: 7 of 21 START test not_null_stg_accounts_customer_id ........................... [RUN]
[0m08:49:10.624289 [debug] [Thread-2 (]: Re-using an available connection from the pool (formerly test.real_estate_pipeline.not_null_stg_accounts_account_id.182dfbc108, now test.real_estate_pipeline.not_null_stg_accounts_customer_id.0b54f014a3)
[0m08:49:10.625089 [debug] [Thread-2 (]: Began compiling node test.real_estate_pipeline.not_null_stg_accounts_customer_id.0b54f014a3
[0m08:49:10.630112 [debug] [Thread-2 (]: Writing injected SQL for node "test.real_estate_pipeline.not_null_stg_accounts_customer_id.0b54f014a3"
[0m08:49:10.635886 [debug] [Thread-2 (]: Began executing node test.real_estate_pipeline.not_null_stg_accounts_customer_id.0b54f014a3
[0m08:49:10.637870 [debug] [Thread-2 (]: Writing runtime sql for node "test.real_estate_pipeline.not_null_stg_accounts_customer_id.0b54f014a3"
[0m08:49:10.640092 [debug] [Thread-3 (]: SQL status: SUCCESS 1 in 0.233 seconds
[0m08:49:10.642222 [info ] [Thread-3 (]: 5 of 21 PASS not_null_fct_transactions_transaction_id .......................... [[32mPASS[0m in 0.26s]
[0m08:49:10.643115 [debug] [Thread-3 (]: Finished running node test.real_estate_pipeline.not_null_fct_transactions_transaction_id.2c6b5372aa
[0m08:49:10.644660 [debug] [Thread-3 (]: Began running node test.real_estate_pipeline.not_null_stg_customers_customer_id.e2cfb1f9aa
[0m08:49:10.645479 [info ] [Thread-3 (]: 8 of 21 START test not_null_stg_customers_customer_id .......................... [RUN]
[0m08:49:10.646704 [debug] [Thread-3 (]: Re-using an available connection from the pool (formerly test.real_estate_pipeline.not_null_fct_transactions_transaction_id.2c6b5372aa, now test.real_estate_pipeline.not_null_stg_customers_customer_id.e2cfb1f9aa)
[0m08:49:10.647361 [debug] [Thread-2 (]: Using snowflake connection "test.real_estate_pipeline.not_null_stg_accounts_customer_id.0b54f014a3"
[0m08:49:10.647923 [debug] [Thread-3 (]: Began compiling node test.real_estate_pipeline.not_null_stg_customers_customer_id.e2cfb1f9aa
[0m08:49:10.648466 [debug] [Thread-2 (]: On test.real_estate_pipeline.not_null_stg_accounts_customer_id.0b54f014a3: select
      count(*) as failures,
      count(*) != 0 as should_warn,
      count(*) != 0 as should_error
    from (
      
    
  
    
    



select customer_id
from FINANCE_DW.silver.stg_accounts
where customer_id is null



  
  
      
    ) dbt_internal_test
/* {"app": "dbt", "dbt_version": "1.12.0", "profile_name": "dbt_project", "target_name": "dev", "node_id": "test.real_estate_pipeline.not_null_stg_accounts_customer_id.0b54f014a3"} */
[0m08:49:10.653598 [debug] [Thread-3 (]: Writing injected SQL for node "test.real_estate_pipeline.not_null_stg_customers_customer_id.e2cfb1f9aa"
[0m08:49:10.664239 [debug] [Thread-3 (]: Began executing node test.real_estate_pipeline.not_null_stg_customers_customer_id.e2cfb1f9aa
[0m08:49:10.666408 [debug] [Thread-3 (]: Writing runtime sql for node "test.real_estate_pipeline.not_null_stg_customers_customer_id.e2cfb1f9aa"
[0m08:49:10.670617 [debug] [Thread-4 (]: SQL status: SUCCESS 1 in 0.502 seconds
[0m08:49:10.674138 [debug] [Thread-3 (]: Using snowflake connection "test.real_estate_pipeline.not_null_stg_customers_customer_id.e2cfb1f9aa"
[0m08:49:10.673496 [info ] [Thread-4 (]: 3 of 21 PASS not_null_dim_date_date_id ......................................... [[32mPASS[0m in 0.60s]
[0m08:49:10.675148 [debug] [Thread-3 (]: On test.real_estate_pipeline.not_null_stg_customers_customer_id.e2cfb1f9aa: select
      count(*) as failures,
      count(*) != 0 as should_warn,
      count(*) != 0 as should_error
    from (
      
    
  
    
    



select customer_id
from FINANCE_DW.silver.stg_customers
where customer_id is null



  
  
      
    ) dbt_internal_test
/* {"app": "dbt", "dbt_version": "1.12.0", "profile_name": "dbt_project", "target_name": "dev", "node_id": "test.real_estate_pipeline.not_null_stg_customers_customer_id.e2cfb1f9aa"} */
[0m08:49:10.675982 [debug] [Thread-4 (]: Finished running node test.real_estate_pipeline.not_null_dim_date_date_id.3077875806
[0m08:49:10.677729 [debug] [Thread-4 (]: Began running node test.real_estate_pipeline.not_null_stg_loans_loan_id.b77c69982c
[0m08:49:10.678513 [info ] [Thread-4 (]: 9 of 21 START test not_null_stg_loans_loan_id .................................. [RUN]
[0m08:49:10.679304 [debug] [Thread-4 (]: Re-using an available connection from the pool (formerly test.real_estate_pipeline.not_null_dim_date_date_id.3077875806, now test.real_estate_pipeline.not_null_stg_loans_loan_id.b77c69982c)
[0m08:49:10.679932 [debug] [Thread-4 (]: Began compiling node test.real_estate_pipeline.not_null_stg_loans_loan_id.b77c69982c
[0m08:49:10.685378 [debug] [Thread-4 (]: Writing injected SQL for node "test.real_estate_pipeline.not_null_stg_loans_loan_id.b77c69982c"
[0m08:49:10.686576 [debug] [Thread-5 (]: SQL status: SUCCESS 1 in 0.520 seconds
[0m08:49:10.688645 [info ] [Thread-5 (]: 4 of 21 PASS not_null_fct_loans_loan_id ........................................ [[32mPASS[0m in 0.62s]
[0m08:49:10.689608 [debug] [Thread-5 (]: Finished running node test.real_estate_pipeline.not_null_fct_loans_loan_id.1067693330
[0m08:49:10.690264 [debug] [Thread-5 (]: Began running node test.real_estate_pipeline.not_null_stg_transactions_transaction_id.1d00a8e2e4
[0m08:49:10.691052 [info ] [Thread-5 (]: 10 of 21 START test not_null_stg_transactions_transaction_id ................... [RUN]
[0m08:49:10.692366 [debug] [Thread-5 (]: Re-using an available connection from the pool (formerly test.real_estate_pipeline.not_null_fct_loans_loan_id.1067693330, now test.real_estate_pipeline.not_null_stg_transactions_transaction_id.1d00a8e2e4)
[0m08:49:10.693068 [debug] [Thread-5 (]: Began compiling node test.real_estate_pipeline.not_null_stg_transactions_transaction_id.1d00a8e2e4
[0m08:49:10.698776 [debug] [Thread-5 (]: Writing injected SQL for node "test.real_estate_pipeline.not_null_stg_transactions_transaction_id.1d00a8e2e4"
[0m08:49:10.699164 [debug] [Thread-4 (]: Began executing node test.real_estate_pipeline.not_null_stg_loans_loan_id.b77c69982c
[0m08:49:10.701320 [debug] [Thread-4 (]: Writing runtime sql for node "test.real_estate_pipeline.not_null_stg_loans_loan_id.b77c69982c"
[0m08:49:10.706000 [debug] [Thread-5 (]: Began executing node test.real_estate_pipeline.not_null_stg_transactions_transaction_id.1d00a8e2e4
[0m08:49:10.708294 [debug] [Thread-5 (]: Writing runtime sql for node "test.real_estate_pipeline.not_null_stg_transactions_transaction_id.1d00a8e2e4"
[0m08:49:10.709416 [debug] [Thread-4 (]: Using snowflake connection "test.real_estate_pipeline.not_null_stg_loans_loan_id.b77c69982c"
[0m08:49:10.710079 [debug] [Thread-4 (]: On test.real_estate_pipeline.not_null_stg_loans_loan_id.b77c69982c: select
      count(*) as failures,
      count(*) != 0 as should_warn,
      count(*) != 0 as should_error
    from (
      
    
  
    
    



select loan_id
from FINANCE_DW.silver.stg_loans
where loan_id is null



  
  
      
    ) dbt_internal_test
/* {"app": "dbt", "dbt_version": "1.12.0", "profile_name": "dbt_project", "target_name": "dev", "node_id": "test.real_estate_pipeline.not_null_stg_loans_loan_id.b77c69982c"} */
[0m08:49:10.713428 [debug] [Thread-5 (]: Using snowflake connection "test.real_estate_pipeline.not_null_stg_transactions_transaction_id.1d00a8e2e4"
[0m08:49:10.714548 [debug] [Thread-5 (]: On test.real_estate_pipeline.not_null_stg_transactions_transaction_id.1d00a8e2e4: select
      count(*) as failures,
      count(*) != 0 as should_warn,
      count(*) != 0 as should_error
    from (
      
    
  
    
    



select transaction_id
from FINANCE_DW.silver.stg_transactions
where transaction_id is null



  
  
      
    ) dbt_internal_test
/* {"app": "dbt", "dbt_version": "1.12.0", "profile_name": "dbt_project", "target_name": "dev", "node_id": "test.real_estate_pipeline.not_null_stg_transactions_transaction_id.1d00a8e2e4"} */
[0m08:49:10.798702 [debug] [Thread-2 (]: SQL status: SUCCESS 1 in 0.142 seconds
[0m08:49:10.802547 [info ] [Thread-2 (]: 7 of 21 PASS not_null_stg_accounts_customer_id ................................. [[32mPASS[0m in 0.18s]
[0m08:49:10.805768 [debug] [Thread-2 (]: Finished running node test.real_estate_pipeline.not_null_stg_accounts_customer_id.0b54f014a3
[0m08:49:10.806787 [debug] [Thread-2 (]: Began running node test.real_estate_pipeline.relationships_fct_loans_customer_id__customer_id__ref_dim_customers_.7f8ad0794a
[0m08:49:10.807792 [info ] [Thread-2 (]: 11 of 21 START test relationships_fct_loans_customer_id__customer_id__ref_dim_customers_  [RUN]
[0m08:49:10.808841 [debug] [Thread-2 (]: Re-using an available connection from the pool (formerly test.real_estate_pipeline.not_null_stg_accounts_customer_id.0b54f014a3, now test.real_estate_pipeline.relationships_fct_loans_customer_id__customer_id__ref_dim_customers_.7f8ad0794a)
[0m08:49:10.809557 [debug] [Thread-2 (]: Began compiling node test.real_estate_pipeline.relationships_fct_loans_customer_id__customer_id__ref_dim_customers_.7f8ad0794a
[0m08:49:10.823471 [debug] [Thread-2 (]: Writing injected SQL for node "test.real_estate_pipeline.relationships_fct_loans_customer_id__customer_id__ref_dim_customers_.7f8ad0794a"
[0m08:49:10.830020 [debug] [Thread-2 (]: Began executing node test.real_estate_pipeline.relationships_fct_loans_customer_id__customer_id__ref_dim_customers_.7f8ad0794a
[0m08:49:10.832110 [debug] [Thread-2 (]: Writing runtime sql for node "test.real_estate_pipeline.relationships_fct_loans_customer_id__customer_id__ref_dim_customers_.7f8ad0794a"
[0m08:49:10.837914 [debug] [Thread-2 (]: Using snowflake connection "test.real_estate_pipeline.relationships_fct_loans_customer_id__customer_id__ref_dim_customers_.7f8ad0794a"
[0m08:49:10.839066 [debug] [Thread-2 (]: On test.real_estate_pipeline.relationships_fct_loans_customer_id__customer_id__ref_dim_customers_.7f8ad0794a: select
      count(*) as failures,
      count(*) != 0 as should_warn,
      count(*) != 0 as should_error
    from (
      
    
  
    
    

with child as (
    select customer_id as from_field
    from FINANCE_DW.gold.fct_loans
    where customer_id is not null
),

parent as (
    select customer_id as to_field
    from FINANCE_DW.gold.dim_customers
)

select
    from_field

from child
left join parent
    on child.from_field = parent.to_field

where parent.to_field is null



  
  
      
    ) dbt_internal_test
/* {"app": "dbt", "dbt_version": "1.12.0", "profile_name": "dbt_project", "target_name": "dev", "node_id": "test.real_estate_pipeline.relationships_fct_loans_customer_id__customer_id__ref_dim_customers_.7f8ad0794a"} */
[0m08:49:10.843923 [debug] [Thread-4 (]: SQL status: SUCCESS 1 in 0.133 seconds
[0m08:49:10.847374 [info ] [Thread-4 (]: 9 of 21 PASS not_null_stg_loans_loan_id ........................................ [[32mPASS[0m in 0.17s]
[0m08:49:10.848954 [debug] [Thread-4 (]: Finished running node test.real_estate_pipeline.not_null_stg_loans_loan_id.b77c69982c
[0m08:49:10.850200 [debug] [Thread-4 (]: Began running node test.real_estate_pipeline.relationships_fct_transactions_origin_customer_id__customer_id__ref_dim_customers_.16c642f691
[0m08:49:10.851419 [info ] [Thread-4 (]: 12 of 21 START test relationships_fct_transactions_origin_customer_id__customer_id__ref_dim_customers_  [RUN]
[0m08:49:10.852695 [debug] [Thread-5 (]: SQL status: SUCCESS 1 in 0.137 seconds
[0m08:49:10.853743 [debug] [Thread-4 (]: Re-using an available connection from the pool (formerly test.real_estate_pipeline.not_null_stg_loans_loan_id.b77c69982c, now test.real_estate_pipeline.relationships_fct_transactions_origin_customer_id__customer_id__ref_dim_customers_.16c642f691)
[0m08:49:10.856691 [info ] [Thread-5 (]: 10 of 21 PASS not_null_stg_transactions_transaction_id ......................... [[32mPASS[0m in 0.16s]
[0m08:49:10.857804 [debug] [Thread-4 (]: Began compiling node test.real_estate_pipeline.relationships_fct_transactions_origin_customer_id__customer_id__ref_dim_customers_.16c642f691
[0m08:49:10.858925 [debug] [Thread-5 (]: Finished running node test.real_estate_pipeline.not_null_stg_transactions_transaction_id.1d00a8e2e4
[0m08:49:10.866818 [debug] [Thread-4 (]: Writing injected SQL for node "test.real_estate_pipeline.relationships_fct_transactions_origin_customer_id__customer_id__ref_dim_customers_.16c642f691"
[0m08:49:10.868029 [debug] [Thread-5 (]: Began running node test.real_estate_pipeline.unique_dim_accounts_account_id.bfd6344edc
[0m08:49:10.869866 [info ] [Thread-5 (]: 13 of 21 START test unique_dim_accounts_account_id ............................. [RUN]
[0m08:49:10.871094 [debug] [Thread-5 (]: Re-using an available connection from the pool (formerly test.real_estate_pipeline.not_null_stg_transactions_transaction_id.1d00a8e2e4, now test.real_estate_pipeline.unique_dim_accounts_account_id.bfd6344edc)
[0m08:49:10.872243 [debug] [Thread-5 (]: Began compiling node test.real_estate_pipeline.unique_dim_accounts_account_id.bfd6344edc
[0m08:49:10.880171 [debug] [Thread-5 (]: Writing injected SQL for node "test.real_estate_pipeline.unique_dim_accounts_account_id.bfd6344edc"
[0m08:49:10.884362 [debug] [Thread-4 (]: Began executing node test.real_estate_pipeline.relationships_fct_transactions_origin_customer_id__customer_id__ref_dim_customers_.16c642f691
[0m08:49:10.887127 [debug] [Thread-4 (]: Writing runtime sql for node "test.real_estate_pipeline.relationships_fct_transactions_origin_customer_id__customer_id__ref_dim_customers_.16c642f691"
[0m08:49:10.889176 [debug] [Thread-5 (]: Began executing node test.real_estate_pipeline.unique_dim_accounts_account_id.bfd6344edc
[0m08:49:10.891160 [debug] [Thread-5 (]: Writing runtime sql for node "test.real_estate_pipeline.unique_dim_accounts_account_id.bfd6344edc"
[0m08:49:10.897812 [debug] [Thread-4 (]: Using snowflake connection "test.real_estate_pipeline.relationships_fct_transactions_origin_customer_id__customer_id__ref_dim_customers_.16c642f691"
[0m08:49:10.899212 [debug] [Thread-4 (]: On test.real_estate_pipeline.relationships_fct_transactions_origin_customer_id__customer_id__ref_dim_customers_.16c642f691: select
      count(*) as failures,
      count(*) != 0 as should_warn,
      count(*) != 0 as should_error
    from (
      
    
  
    
    

with child as (
    select origin_customer_id as from_field
    from FINANCE_DW.gold.fct_transactions
    where origin_customer_id is not null
),

parent as (
    select customer_id as to_field
    from FINANCE_DW.gold.dim_customers
)

select
    from_field

from child
left join parent
    on child.from_field = parent.to_field

where parent.to_field is null



  
  
      
    ) dbt_internal_test
/* {"app": "dbt", "dbt_version": "1.12.0", "profile_name": "dbt_project", "target_name": "dev", "node_id": "test.real_estate_pipeline.relationships_fct_transactions_origin_customer_id__customer_id__ref_dim_customers_.16c642f691"} */
[0m08:49:10.900868 [debug] [Thread-5 (]: Using snowflake connection "test.real_estate_pipeline.unique_dim_accounts_account_id.bfd6344edc"
[0m08:49:10.902789 [debug] [Thread-5 (]: On test.real_estate_pipeline.unique_dim_accounts_account_id.bfd6344edc: select
      count(*) as failures,
      count(*) != 0 as should_warn,
      count(*) != 0 as should_error
    from (
      
    
  
    
    

select
    account_id as unique_field,
    count(*) as n_records

from FINANCE_DW.gold.dim_accounts
where account_id is not null
group by account_id
having count(*) > 1



  
  
      
    ) dbt_internal_test
/* {"app": "dbt", "dbt_version": "1.12.0", "profile_name": "dbt_project", "target_name": "dev", "node_id": "test.real_estate_pipeline.unique_dim_accounts_account_id.bfd6344edc"} */
[0m08:49:11.050162 [debug] [Thread-2 (]: SQL status: SUCCESS 1 in 0.210 seconds
[0m08:49:11.052468 [info ] [Thread-2 (]: 11 of 21 PASS relationships_fct_loans_customer_id__customer_id__ref_dim_customers_  [[32mPASS[0m in 0.24s]
[0m08:49:11.054671 [debug] [Thread-2 (]: Finished running node test.real_estate_pipeline.relationships_fct_loans_customer_id__customer_id__ref_dim_customers_.7f8ad0794a
[0m08:49:11.055421 [debug] [Thread-2 (]: Began running node test.real_estate_pipeline.unique_dim_customers_customer_id.15c9f1e2fd
[0m08:49:11.056028 [info ] [Thread-2 (]: 14 of 21 START test unique_dim_customers_customer_id ........................... [RUN]
[0m08:49:11.056781 [debug] [Thread-2 (]: Re-using an available connection from the pool (formerly test.real_estate_pipeline.relationships_fct_loans_customer_id__customer_id__ref_dim_customers_.7f8ad0794a, now test.real_estate_pipeline.unique_dim_customers_customer_id.15c9f1e2fd)
[0m08:49:11.057423 [debug] [Thread-2 (]: Began compiling node test.real_estate_pipeline.unique_dim_customers_customer_id.15c9f1e2fd
[0m08:49:11.062532 [debug] [Thread-2 (]: Writing injected SQL for node "test.real_estate_pipeline.unique_dim_customers_customer_id.15c9f1e2fd"
[0m08:49:11.070425 [debug] [Thread-2 (]: Began executing node test.real_estate_pipeline.unique_dim_customers_customer_id.15c9f1e2fd
[0m08:49:11.072325 [debug] [Thread-2 (]: Writing runtime sql for node "test.real_estate_pipeline.unique_dim_customers_customer_id.15c9f1e2fd"
[0m08:49:11.077771 [debug] [Thread-2 (]: Using snowflake connection "test.real_estate_pipeline.unique_dim_customers_customer_id.15c9f1e2fd"
[0m08:49:11.078539 [debug] [Thread-2 (]: On test.real_estate_pipeline.unique_dim_customers_customer_id.15c9f1e2fd: select
      count(*) as failures,
      count(*) != 0 as should_warn,
      count(*) != 0 as should_error
    from (
      
    
  
    
    

select
    customer_id as unique_field,
    count(*) as n_records

from FINANCE_DW.gold.dim_customers
where customer_id is not null
group by customer_id
having count(*) > 1



  
  
      
    ) dbt_internal_test
/* {"app": "dbt", "dbt_version": "1.12.0", "profile_name": "dbt_project", "target_name": "dev", "node_id": "test.real_estate_pipeline.unique_dim_customers_customer_id.15c9f1e2fd"} */
[0m08:49:11.157914 [debug] [Thread-3 (]: SQL status: SUCCESS 1 in 0.481 seconds
[0m08:49:11.162164 [info ] [Thread-3 (]: 8 of 21 PASS not_null_stg_customers_customer_id ................................ [[32mPASS[0m in 0.52s]
[0m08:49:11.164377 [debug] [Thread-3 (]: Finished running node test.real_estate_pipeline.not_null_stg_customers_customer_id.e2cfb1f9aa
[0m08:49:11.165397 [debug] [Thread-3 (]: Began running node test.real_estate_pipeline.unique_dim_date_date_id.7286dcb90d
[0m08:49:11.166186 [info ] [Thread-3 (]: 15 of 21 START test unique_dim_date_date_id .................................... [RUN]
[0m08:49:11.167022 [debug] [Thread-3 (]: Re-using an available connection from the pool (formerly test.real_estate_pipeline.not_null_stg_customers_customer_id.e2cfb1f9aa, now test.real_estate_pipeline.unique_dim_date_date_id.7286dcb90d)
[0m08:49:11.167614 [debug] [Thread-3 (]: Began compiling node test.real_estate_pipeline.unique_dim_date_date_id.7286dcb90d
[0m08:49:11.172533 [debug] [Thread-3 (]: Writing injected SQL for node "test.real_estate_pipeline.unique_dim_date_date_id.7286dcb90d"
[0m08:49:11.186916 [debug] [Thread-3 (]: Began executing node test.real_estate_pipeline.unique_dim_date_date_id.7286dcb90d
[0m08:49:11.190318 [debug] [Thread-3 (]: Writing runtime sql for node "test.real_estate_pipeline.unique_dim_date_date_id.7286dcb90d"
[0m08:49:11.201709 [debug] [Thread-3 (]: Using snowflake connection "test.real_estate_pipeline.unique_dim_date_date_id.7286dcb90d"
[0m08:49:11.203814 [debug] [Thread-3 (]: On test.real_estate_pipeline.unique_dim_date_date_id.7286dcb90d: select
      count(*) as failures,
      count(*) != 0 as should_warn,
      count(*) != 0 as should_error
    from (
      
    
  
    
    

select
    date_id as unique_field,
    count(*) as n_records

from FINANCE_DW.gold.dim_date
where date_id is not null
group by date_id
having count(*) > 1



  
  
      
    ) dbt_internal_test
/* {"app": "dbt", "dbt_version": "1.12.0", "profile_name": "dbt_project", "target_name": "dev", "node_id": "test.real_estate_pipeline.unique_dim_date_date_id.7286dcb90d"} */
[0m08:49:11.208599 [debug] [Thread-2 (]: SQL status: SUCCESS 1 in 0.129 seconds
[0m08:49:11.210800 [info ] [Thread-2 (]: 14 of 21 PASS unique_dim_customers_customer_id ................................. [[32mPASS[0m in 0.15s]
[0m08:49:11.213140 [debug] [Thread-2 (]: Finished running node test.real_estate_pipeline.unique_dim_customers_customer_id.15c9f1e2fd
[0m08:49:11.214129 [debug] [Thread-2 (]: Began running node test.real_estate_pipeline.unique_fct_loans_loan_id.b0f955a329
[0m08:49:11.214878 [info ] [Thread-2 (]: 16 of 21 START test unique_fct_loans_loan_id ................................... [RUN]
[0m08:49:11.215703 [debug] [Thread-2 (]: Re-using an available connection from the pool (formerly test.real_estate_pipeline.unique_dim_customers_customer_id.15c9f1e2fd, now test.real_estate_pipeline.unique_fct_loans_loan_id.b0f955a329)
[0m08:49:11.216470 [debug] [Thread-2 (]: Began compiling node test.real_estate_pipeline.unique_fct_loans_loan_id.b0f955a329
[0m08:49:11.222304 [debug] [Thread-2 (]: Writing injected SQL for node "test.real_estate_pipeline.unique_fct_loans_loan_id.b0f955a329"
[0m08:49:11.230046 [debug] [Thread-2 (]: Began executing node test.real_estate_pipeline.unique_fct_loans_loan_id.b0f955a329
[0m08:49:11.232053 [debug] [Thread-2 (]: Writing runtime sql for node "test.real_estate_pipeline.unique_fct_loans_loan_id.b0f955a329"
[0m08:49:11.240530 [debug] [Thread-2 (]: Using snowflake connection "test.real_estate_pipeline.unique_fct_loans_loan_id.b0f955a329"
[0m08:49:11.242357 [debug] [Thread-2 (]: On test.real_estate_pipeline.unique_fct_loans_loan_id.b0f955a329: select
      count(*) as failures,
      count(*) != 0 as should_warn,
      count(*) != 0 as should_error
    from (
      
    
  
    
    

select
    loan_id as unique_field,
    count(*) as n_records

from FINANCE_DW.gold.fct_loans
where loan_id is not null
group by loan_id
having count(*) > 1



  
  
      
    ) dbt_internal_test
/* {"app": "dbt", "dbt_version": "1.12.0", "profile_name": "dbt_project", "target_name": "dev", "node_id": "test.real_estate_pipeline.unique_fct_loans_loan_id.b0f955a329"} */
[0m08:49:11.309724 [debug] [Thread-5 (]: SQL status: SUCCESS 1 in 0.406 seconds
[0m08:49:11.313977 [info ] [Thread-5 (]: 13 of 21 PASS unique_dim_accounts_account_id ................................... [[32mPASS[0m in 0.44s]
[0m08:49:11.315285 [debug] [Thread-5 (]: Finished running node test.real_estate_pipeline.unique_dim_accounts_account_id.bfd6344edc
[0m08:49:11.316294 [debug] [Thread-5 (]: Began running node test.real_estate_pipeline.unique_fct_transactions_transaction_id.c963611c53
[0m08:49:11.317132 [info ] [Thread-5 (]: 17 of 21 START test unique_fct_transactions_transaction_id ..................... [RUN]
[0m08:49:11.317951 [debug] [Thread-5 (]: Re-using an available connection from the pool (formerly test.real_estate_pipeline.unique_dim_accounts_account_id.bfd6344edc, now test.real_estate_pipeline.unique_fct_transactions_transaction_id.c963611c53)
[0m08:49:11.318744 [debug] [Thread-5 (]: Began compiling node test.real_estate_pipeline.unique_fct_transactions_transaction_id.c963611c53
[0m08:49:11.324679 [debug] [Thread-5 (]: Writing injected SQL for node "test.real_estate_pipeline.unique_fct_transactions_transaction_id.c963611c53"
[0m08:49:11.329061 [debug] [Thread-5 (]: Began executing node test.real_estate_pipeline.unique_fct_transactions_transaction_id.c963611c53
[0m08:49:11.330827 [debug] [Thread-5 (]: Writing runtime sql for node "test.real_estate_pipeline.unique_fct_transactions_transaction_id.c963611c53"
[0m08:49:11.336936 [debug] [Thread-5 (]: Using snowflake connection "test.real_estate_pipeline.unique_fct_transactions_transaction_id.c963611c53"
[0m08:49:11.337782 [debug] [Thread-5 (]: On test.real_estate_pipeline.unique_fct_transactions_transaction_id.c963611c53: select
      count(*) as failures,
      count(*) != 0 as should_warn,
      count(*) != 0 as should_error
    from (
      
    
  
    
    

select
    transaction_id as unique_field,
    count(*) as n_records

from FINANCE_DW.gold.fct_transactions
where transaction_id is not null
group by transaction_id
having count(*) > 1



  
  
      
    ) dbt_internal_test
/* {"app": "dbt", "dbt_version": "1.12.0", "profile_name": "dbt_project", "target_name": "dev", "node_id": "test.real_estate_pipeline.unique_fct_transactions_transaction_id.c963611c53"} */
[0m08:49:11.340276 [debug] [Thread-3 (]: SQL status: SUCCESS 1 in 0.136 seconds
[0m08:49:11.342723 [info ] [Thread-3 (]: 15 of 21 PASS unique_dim_date_date_id .......................................... [[32mPASS[0m in 0.18s]
[0m08:49:11.344234 [debug] [Thread-3 (]: Finished running node test.real_estate_pipeline.unique_dim_date_date_id.7286dcb90d
[0m08:49:11.344945 [debug] [Thread-3 (]: Began running node test.real_estate_pipeline.unique_stg_accounts_account_id.cdf6252c79
[0m08:49:11.345713 [info ] [Thread-3 (]: 18 of 21 START test unique_stg_accounts_account_id ............................. [RUN]
[0m08:49:11.346469 [debug] [Thread-3 (]: Re-using an available connection from the pool (formerly test.real_estate_pipeline.unique_dim_date_date_id.7286dcb90d, now test.real_estate_pipeline.unique_stg_accounts_account_id.cdf6252c79)
[0m08:49:11.347036 [debug] [Thread-3 (]: Began compiling node test.real_estate_pipeline.unique_stg_accounts_account_id.cdf6252c79
[0m08:49:11.352056 [debug] [Thread-3 (]: Writing injected SQL for node "test.real_estate_pipeline.unique_stg_accounts_account_id.cdf6252c79"
[0m08:49:11.357561 [debug] [Thread-3 (]: Began executing node test.real_estate_pipeline.unique_stg_accounts_account_id.cdf6252c79
[0m08:49:11.359387 [debug] [Thread-3 (]: Writing runtime sql for node "test.real_estate_pipeline.unique_stg_accounts_account_id.cdf6252c79"
[0m08:49:11.364066 [debug] [Thread-2 (]: SQL status: SUCCESS 1 in 0.120 seconds
[0m08:49:11.366572 [info ] [Thread-2 (]: 16 of 21 PASS unique_fct_loans_loan_id ......................................... [[32mPASS[0m in 0.15s]
[0m08:49:11.368022 [debug] [Thread-3 (]: Using snowflake connection "test.real_estate_pipeline.unique_stg_accounts_account_id.cdf6252c79"
[0m08:49:11.368459 [debug] [Thread-2 (]: Finished running node test.real_estate_pipeline.unique_fct_loans_loan_id.b0f955a329
[0m08:49:11.369090 [debug] [Thread-3 (]: On test.real_estate_pipeline.unique_stg_accounts_account_id.cdf6252c79: select
      count(*) as failures,
      count(*) != 0 as should_warn,
      count(*) != 0 as should_error
    from (
      
    
  
    
    

select
    account_id as unique_field,
    count(*) as n_records

from FINANCE_DW.silver.stg_accounts
where account_id is not null
group by account_id
having count(*) > 1



  
  
      
    ) dbt_internal_test
/* {"app": "dbt", "dbt_version": "1.12.0", "profile_name": "dbt_project", "target_name": "dev", "node_id": "test.real_estate_pipeline.unique_stg_accounts_account_id.cdf6252c79"} */
[0m08:49:11.369766 [debug] [Thread-2 (]: Began running node test.real_estate_pipeline.unique_stg_customers_customer_id.c7614daada
[0m08:49:11.371579 [info ] [Thread-2 (]: 19 of 21 START test unique_stg_customers_customer_id ........................... [RUN]
[0m08:49:11.372360 [debug] [Thread-2 (]: Re-using an available connection from the pool (formerly test.real_estate_pipeline.unique_fct_loans_loan_id.b0f955a329, now test.real_estate_pipeline.unique_stg_customers_customer_id.c7614daada)
[0m08:49:11.373451 [debug] [Thread-2 (]: Began compiling node test.real_estate_pipeline.unique_stg_customers_customer_id.c7614daada
[0m08:49:11.378998 [debug] [Thread-2 (]: Writing injected SQL for node "test.real_estate_pipeline.unique_stg_customers_customer_id.c7614daada"
[0m08:49:11.388383 [debug] [Thread-2 (]: Began executing node test.real_estate_pipeline.unique_stg_customers_customer_id.c7614daada
[0m08:49:11.390472 [debug] [Thread-2 (]: Writing runtime sql for node "test.real_estate_pipeline.unique_stg_customers_customer_id.c7614daada"
[0m08:49:11.397846 [debug] [Thread-2 (]: Using snowflake connection "test.real_estate_pipeline.unique_stg_customers_customer_id.c7614daada"
[0m08:49:11.398966 [debug] [Thread-2 (]: On test.real_estate_pipeline.unique_stg_customers_customer_id.c7614daada: select
      count(*) as failures,
      count(*) != 0 as should_warn,
      count(*) != 0 as should_error
    from (
      
    
  
    
    

select
    customer_id as unique_field,
    count(*) as n_records

from FINANCE_DW.silver.stg_customers
where customer_id is not null
group by customer_id
having count(*) > 1



  
  
      
    ) dbt_internal_test
/* {"app": "dbt", "dbt_version": "1.12.0", "profile_name": "dbt_project", "target_name": "dev", "node_id": "test.real_estate_pipeline.unique_stg_customers_customer_id.c7614daada"} */
[0m08:49:11.512365 [debug] [Thread-5 (]: SQL status: SUCCESS 1 in 0.173 seconds
[0m08:49:11.516359 [info ] [Thread-5 (]: 17 of 21 PASS unique_fct_transactions_transaction_id ........................... [[32mPASS[0m in 0.20s]
[0m08:49:11.517740 [debug] [Thread-4 (]: SQL status: SUCCESS 1 in 0.618 seconds
[0m08:49:11.518431 [debug] [Thread-5 (]: Finished running node test.real_estate_pipeline.unique_fct_transactions_transaction_id.c963611c53
[0m08:49:11.520185 [info ] [Thread-4 (]: 12 of 21 PASS relationships_fct_transactions_origin_customer_id__customer_id__ref_dim_customers_  [[32mPASS[0m in 0.67s]
[0m08:49:11.520900 [debug] [Thread-5 (]: Began running node test.real_estate_pipeline.unique_stg_loans_loan_id.be67636b63
[0m08:49:11.521710 [debug] [Thread-4 (]: Finished running node test.real_estate_pipeline.relationships_fct_transactions_origin_customer_id__customer_id__ref_dim_customers_.16c642f691
[0m08:49:11.522389 [info ] [Thread-5 (]: 20 of 21 START test unique_stg_loans_loan_id ................................... [RUN]
[0m08:49:11.524406 [debug] [Thread-4 (]: Began running node test.real_estate_pipeline.unique_stg_transactions_transaction_id.ee9a78a396
[0m08:49:11.525230 [debug] [Thread-3 (]: SQL status: SUCCESS 1 in 0.155 seconds
[0m08:49:11.526080 [debug] [Thread-5 (]: Re-using an available connection from the pool (formerly test.real_estate_pipeline.unique_fct_transactions_transaction_id.c963611c53, now test.real_estate_pipeline.unique_stg_loans_loan_id.be67636b63)
[0m08:49:11.527102 [info ] [Thread-4 (]: 21 of 21 START test unique_stg_transactions_transaction_id ..................... [RUN]
[0m08:49:11.528874 [info ] [Thread-3 (]: 18 of 21 PASS unique_stg_accounts_account_id ................................... [[32mPASS[0m in 0.18s]
[0m08:49:11.529547 [debug] [Thread-5 (]: Began compiling node test.real_estate_pipeline.unique_stg_loans_loan_id.be67636b63
[0m08:49:11.530274 [debug] [Thread-4 (]: Re-using an available connection from the pool (formerly test.real_estate_pipeline.relationships_fct_transactions_origin_customer_id__customer_id__ref_dim_customers_.16c642f691, now test.real_estate_pipeline.unique_stg_transactions_transaction_id.ee9a78a396)
[0m08:49:11.531162 [debug] [Thread-3 (]: Finished running node test.real_estate_pipeline.unique_stg_accounts_account_id.cdf6252c79
[0m08:49:11.536829 [debug] [Thread-5 (]: Writing injected SQL for node "test.real_estate_pipeline.unique_stg_loans_loan_id.be67636b63"
[0m08:49:11.538837 [debug] [Thread-4 (]: Began compiling node test.real_estate_pipeline.unique_stg_transactions_transaction_id.ee9a78a396
[0m08:49:11.545340 [debug] [Thread-4 (]: Writing injected SQL for node "test.real_estate_pipeline.unique_stg_transactions_transaction_id.ee9a78a396"
[0m08:49:11.548176 [debug] [Thread-5 (]: Began executing node test.real_estate_pipeline.unique_stg_loans_loan_id.be67636b63
[0m08:49:11.548800 [debug] [Thread-4 (]: Began executing node test.real_estate_pipeline.unique_stg_transactions_transaction_id.ee9a78a396
[0m08:49:11.550299 [debug] [Thread-5 (]: Writing runtime sql for node "test.real_estate_pipeline.unique_stg_loans_loan_id.be67636b63"
[0m08:49:11.552370 [debug] [Thread-4 (]: Writing runtime sql for node "test.real_estate_pipeline.unique_stg_transactions_transaction_id.ee9a78a396"
[0m08:49:11.558162 [debug] [Thread-5 (]: Using snowflake connection "test.real_estate_pipeline.unique_stg_loans_loan_id.be67636b63"
[0m08:49:11.560595 [debug] [Thread-5 (]: On test.real_estate_pipeline.unique_stg_loans_loan_id.be67636b63: select
      count(*) as failures,
      count(*) != 0 as should_warn,
      count(*) != 0 as should_error
    from (
      
    
  
    
    

select
    loan_id as unique_field,
    count(*) as n_records

from FINANCE_DW.silver.stg_loans
where loan_id is not null
group by loan_id
having count(*) > 1



  
  
      
    ) dbt_internal_test
/* {"app": "dbt", "dbt_version": "1.12.0", "profile_name": "dbt_project", "target_name": "dev", "node_id": "test.real_estate_pipeline.unique_stg_loans_loan_id.be67636b63"} */
[0m08:49:11.561414 [debug] [Thread-4 (]: Using snowflake connection "test.real_estate_pipeline.unique_stg_transactions_transaction_id.ee9a78a396"
[0m08:49:11.565839 [debug] [Thread-4 (]: On test.real_estate_pipeline.unique_stg_transactions_transaction_id.ee9a78a396: select
      count(*) as failures,
      count(*) != 0 as should_warn,
      count(*) != 0 as should_error
    from (
      
    
  
    
    

select
    transaction_id as unique_field,
    count(*) as n_records

from FINANCE_DW.silver.stg_transactions
where transaction_id is not null
group by transaction_id
having count(*) > 1



  
  
      
    ) dbt_internal_test
/* {"app": "dbt", "dbt_version": "1.12.0", "profile_name": "dbt_project", "target_name": "dev", "node_id": "test.real_estate_pipeline.unique_stg_transactions_transaction_id.ee9a78a396"} */
[0m08:49:11.572761 [debug] [Thread-2 (]: SQL status: SUCCESS 1 in 0.173 seconds
[0m08:49:11.575782 [info ] [Thread-2 (]: 19 of 21 PASS unique_stg_customers_customer_id ................................. [[32mPASS[0m in 0.20s]
[0m08:49:11.576875 [debug] [Thread-2 (]: Finished running node test.real_estate_pipeline.unique_stg_customers_customer_id.c7614daada
[0m08:49:11.729120 [debug] [Thread-5 (]: SQL status: SUCCESS 1 in 0.166 seconds
[0m08:49:11.731408 [info ] [Thread-5 (]: 20 of 21 PASS unique_stg_loans_loan_id ......................................... [[32mPASS[0m in 0.21s]
[0m08:49:11.734318 [debug] [Thread-5 (]: Finished running node test.real_estate_pipeline.unique_stg_loans_loan_id.be67636b63
[0m08:49:11.781816 [debug] [Thread-4 (]: SQL status: SUCCESS 1 in 0.215 seconds
[0m08:49:11.786122 [info ] [Thread-4 (]: 21 of 21 PASS unique_stg_transactions_transaction_id ........................... [[32mPASS[0m in 0.26s]
[0m08:49:11.787399 [debug] [Thread-4 (]: Finished running node test.real_estate_pipeline.unique_stg_transactions_transaction_id.ee9a78a396
[0m08:49:11.789374 [debug] [MainThread]: Connection 'master' was properly closed.
[0m08:49:11.790063 [debug] [MainThread]: Connection 'test.real_estate_pipeline.unique_stg_customers_customer_id.c7614daada' was left open.
[0m08:49:11.791147 [debug] [MainThread]: On test.real_estate_pipeline.unique_stg_customers_customer_id.c7614daada: Close
[0m08:49:11.917694 [debug] [MainThread]: Connection 'test.real_estate_pipeline.unique_stg_accounts_account_id.cdf6252c79' was left open.
[0m08:49:11.919832 [debug] [MainThread]: On test.real_estate_pipeline.unique_stg_accounts_account_id.cdf6252c79: Close
[0m08:49:12.060918 [debug] [MainThread]: Connection 'test.real_estate_pipeline.unique_stg_transactions_transaction_id.ee9a78a396' was left open.
[0m08:49:12.063669 [debug] [MainThread]: On test.real_estate_pipeline.unique_stg_transactions_transaction_id.ee9a78a396: Close
[0m08:49:12.219140 [debug] [MainThread]: Connection 'test.real_estate_pipeline.unique_stg_loans_loan_id.be67636b63' was left open.
[0m08:49:12.220828 [debug] [MainThread]: On test.real_estate_pipeline.unique_stg_loans_loan_id.be67636b63: Close
[0m08:49:12.363243 [info ] [MainThread]: 
[0m08:49:12.365378 [info ] [MainThread]: Finished running 21 data tests in 0 hours 0 minutes and 2.96 seconds (2.96s).
[0m08:49:12.367925 [debug] [MainThread]: Command end result
[0m08:49:12.415280 [debug] [MainThread]: Wrote artifact WritableManifest to /opt/airflow/dbt_project/target/manifest.json
[0m08:49:12.419584 [debug] [MainThread]: Wrote artifact SemanticManifest to /opt/airflow/dbt_project/target/semantic_manifest.json
[0m08:49:12.424185 [debug] [MainThread]: Wrote artifact OsiDocument to /opt/airflow/dbt_project/target/osi_document.json
[0m08:49:12.435240 [debug] [MainThread]: Wrote artifact RunExecutionResult to /opt/airflow/dbt_project/target/run_results.json
[0m08:49:12.437456 [info ] [MainThread]: 
[0m08:49:12.442175 [info ] [MainThread]: [32mCompleted successfully[0m
[0m08:49:12.443339 [info ] [MainThread]: 
[0m08:49:12.449778 [info ] [MainThread]: Done. PASS=21 WARN=0 ERROR=0 SKIP=0 NO-OP=0 REUSED=0 TOTAL=21
[0m08:49:12.452463 [debug] [MainThread]: Resource report: {"command_name": "test", "command_success": true, "command_wall_clock_time": 4.3661494, "process_in_blocks": "0", "process_kernel_time": 1.334853, "process_mem_max_rss": "228472", "process_out_blocks": "16", "process_user_time": 3.283018}
[0m08:49:12.453917 [debug] [MainThread]: Command `dbt test` succeeded at 08:49:12.453812 after 4.37 seconds
[0m08:49:12.454636 [debug] [MainThread]: Sending event: {'category': 'dbt', 'action': 'invocation', 'label': 'end', 'context': [<snowplow_tracker.self_describing_json.SelfDescribingJson object at 0x7028758f1d50>, <snowplow_tracker.self_describing_json.SelfDescribingJson object at 0x702876cc79a0>, <snowplow_tracker.self_describing_json.SelfDescribingJson object at 0x70283f6748b0>]}
[0m08:49:12.455317 [debug] [MainThread]: Flushing usage events
[0m08:49:13.009792 [debug] [MainThread]: An error was encountered while trying to flush usage events
